{
  "αποτελεσματα ειδικων μαθηματων 2026": 1783073749.5138774,
  "κίεβο": 1783081235.0609443,
  "σταματίνα τσιμτσιλή": 1783081237.3562472,
  "δυπα": 1783081239.3084373,
  "3 ιουλιου γιορτη": 1783081241.254254,
  "καιροσ θεσσαλονικη": 1783081243.4547863,
  "ελ νίνιο": 1783089534.190619,
  "θανάσησ αντετοκούνμπο": 1783089536.3537586,
  "νίκοσ χατζηνικολάου": 1783089538.5113935,
  "αντιρατσιστικό φεστιβάλ 2026": 1783089540.7549388,
  "καιροσ δραμα": 1783089542.9474285,
  "ρισόν χολμσ": 1783089545.1439958,
  "στατιστικα ειδικων μαθηματων 2026": 1783089547.292012,
  "θανοσ ντοκοσ": 1783089549.722227,
  "διεθνήσ έκθεση θεσσαλονίκησ": 1783089551.538961,
  "πυροσβέστησ": 1783095075.6157596,
  "νορμανδία": 1783095077.8995667,
  "ζέλικο ομπράντοβιτσ": 1783095080.1252406,
  "σπαθοβούνι": 1783095082.2923894,
  "documento": 1783095084.755029,
  "ο καιρόσ αύριο": 1783100990.749667,
  "weather tomorrow": 1783100993.0155199,
  "σοφία ζαχαράκη": 1783100995.312668,
  "κωνσταντίνοσ κυρανάκησ": 1783100997.6849737,
  "vremea de mâine": 1783104839.5035963,
  "υποψήφιοσ": 1783104841.8449566,
  "погода завтра": 1783104844.3347785,
  "australia vs egypt": 1783104846.1630368,
  "أستراليا ضد مصر": 1783104848.3127134,
  "الطقس غدًا": 1783104850.6560817,
  "ταξί": 1783104852.833076,
  "η καθημερινή": 1783109480.9350019,
  "αυστραλια αιγυπτοσ": 1783109483.4113977,
  "καλημέρα ελλάδα": 1783109485.6977696,
  "météo demain": 1783109487.9934714,
  "κρουαζιερόπλοιο": 1783109490.338405,
  "ρενάτο σάντσεσ": 1783109492.7505019,
  "taylor swift": 1783109495.1508417,
  "argentina vs cabo verde": 1783114400.5078135,
  "αργεντινη πρασινο ακρωτηρι": 1783114403.1161666,
  "κουπόνι": 1783114405.1268203,
  "vozinha": 1783118297.3534107,
  "harry souttar": 1783118299.6225348,
  "ert live": 1783121978.7279267,
  "ertflix": 1783121981.2346427,
  "λιονέλ μέσι": 1783127674.1414537,
  "lopes cabral": 1783127676.234257,
  "argentina cabo verde": 1783127678.6085677,
  "погода": 1783140802.9696317,
  "pogoda": 1783140805.060571,
  "καιρόσ": 1783140807.36156,
  "времето": 1783140809.2093546,
  "weather": 1783140811.2179291,
  "κολομβια γκανα": 1783140813.254903,
  "colombia vs ghana": 1783140815.7168252,
  "ερτ": 1783150769.370858,
  "μηχανογραφικό δελτίο": 1783150771.3882987,
  "φωτια τωρα": 1783158635.8361218,
  "φωτια παλληνη": 1783158638.1197734,
  "χρήμα": 1783158640.2546077,
  "γιώργοσ καραμέροσ": 1783158642.635654
}