{
  "meta": 1782256016.678073,
  "γιατι ρε πατερα": 1782256018.831959,
  "instagram down": 1782256020.9821143,
  "panama vs croatia": 1782259675.7117944,
  "colombia vs dr congo": 1782274931.6768012,
  "ελλάδα": 1782274934.1773446,
  "24 ιουνίου": 1782274936.298853,
  "φρεγάτα": 1782274938.3717551,
  "παγκοσμιο κυπελλο": 1782274940.6711833,
  "nba draft 2026": 1782274942.748034,
  "twitter": 1782274944.635588,
  "παναμάσ εναντίον κροατία": 1782274947.2287788,
  "χοσέ λουίσ μεντιλίμπαρ": 1782274949.706458,
  "nba draft": 1782274951.9438298,
  "κολομβια κονγκο": 1782287901.7785442,
  "αντρέα τρινκιέρι": 1782287904.0646114,
  "παναμασ κροατια": 1782287906.286526,
  "ευρωπαϊκή εισαγγελία": 1782298346.72034,
  "ντόναλντ τραμπ": 1782298348.9283438,
  "συντάξεισ ιουλίου": 1782298350.7939138,
  "βαθμοι πανελληνιων 2026": 1782298352.9107473,
  "τακησ γκωνιασ": 1782298354.9578147,
  "μμμ απεργια 24 ιουνιου": 1782298357.1018302,
  "χηρεία": 1782298358.9392366,
  "πανσέληνοσ": 1782306848.455793,
  "κωνσταντελιασ": 1782306850.5546918,
  "ημερησία": 1782306852.6534734,
  "μέρισμα": 1782306854.8712146,
  "εφκα": 1782315552.8237514,
  "fifa world cup 2026 standings": 1782315554.8809862,
  "ιωάννησ κωνσταντέλιασ": 1782315557.8083494,
  "μαρία καρυστιανού": 1782315560.1668284,
  "επιχειρηματίασ": 1782322271.6954708,
  "πυροσβεστική": 1782322274.2048006,
  "σύνταξη": 1782322276.2657099,
  "μουσταφά φαλ": 1782328537.6664882,
  "moustapha fall": 1782328539.890455,
  "σακίλ μακκίσικ": 1782328541.985964,
  "δασμόσ": 1782328544.0734334,
  "κρισ τζόουνσ": 1782328546.1883051,
  "switzerland vs canada": 1782334722.735158,
  "λοττο": 1782334724.71757,
  "μάικ τζέιμσ": 1782334727.082854,
  "ελβετια καναδασ": 1782334729.2186568,
  "grand theft auto vi": 1782334731.1444824,
  "μπάστιαν σβάινσταϊγκερ": 1782339620.6417663,
  "neymar": 1782339622.793094,
  "gta 6": 1782339624.640054,
  "morocco vs haiti": 1782339626.854332,
  "κλήδονασ": 1782339628.685379,
  "σκωτια βραζιλια": 1782339631.219789,
  "fall moustapha": 1782339633.5678768
}