{
  "επάγγελμα": 1780747159.3404272,
  "κολούμποσ": 1780747162.420637,
  "εθνική ομάδα ποδοσφαίρου ανδρών τησ ελλάδασ": 1780747165.1412501,
  "ej liddell": 1780747167.8431869,
  "εκπαίδευση": 1780754065.7005382,
  "maja chwalińska": 1780754068.819786,
  "μάικλ τζόρνταν": 1780754071.7974637,
  "στρατιωτική σχολή": 1780754074.9174984,
  "αθηνά οικονομάκου": 1780754078.1324613,
  "ιταλία": 1780754081.2128212,
  "διαγωνισμόσ": 1780754083.2061188,
  "ελλάδα": 1780754086.1612694,
  "andreeva": 1780758535.1449113,
  "χαλάζι": 1780758538.438368,
  "μπρούνο τσερέλα": 1780758540.4310954,
  "αλέξανδροσ τσουβέλασ": 1780758543.3622017,
  "χρηματιστήριο": 1780762689.2298696,
  "f1": 1780762693.108576,
  "mirra andreeva": 1780762696.2771206,
  "πορτογαλία εναντίον χιλή": 1780767400.3671625,
  "έκλειψη ηλίου": 1780771870.3965,
  "πάνοσ μιχαλόπουλοσ": 1780771873.3578398,
  "usa – deutschland": 1780771876.2520123,
  "ηπα εναντίον γερμανία": 1780771879.2010932,
  "αλβανία εναντίον λουξεμβούργο": 1780771882.1678412,
  "τηλεοπτικό πρόγραμμα": 1780771885.208742,
  "soula glamorous": 1780771888.2835317,
  "portugal vs chile": 1780771891.2936652,
  "κέντρικ ναν": 1780771894.2554126,
  "αγγλία εναντίον νέα ζηλανδία": 1780776369.4929779,
  "england vs new zealand": 1780776371.3356466,
  "cnn": 1780776374.285364,
  "usa vs germany": 1780776376.1527772,
  "indiana jones": 1780780493.0127044,
  "κριστιάνο ρονάλντο": 1780780495.8506324,
  "βραζιλία εναντίον αίγυπτοσ": 1780784323.3191302,
  "البرازيل ضد مصر": 1780788684.1932483,
  "αργεντινή εναντίον ονδούρα": 1780797111.781286,
  "φόρμουλα 1": 1780813084.211016,
  "india vs afghanistan": 1780813086.9952426,
  "βουλευτήσ": 1780813089.909975,
  "7 ιουνίου": 1780813092.839985,
  "ντόναλντ τραμπ": 1780813095.697943,
  "ποιοσ γιορτάζει σήμερα": 1780825328.6265397,
  "θύρα 13": 1780825331.604497,
  "cretalive": 1780825334.5789337,
  "πληθωρισμόσ": 1780831656.3144789,
  "ζουγκλα": 1780831659.1980948,
  "ενικοσ": 1780831661.1608162,
  "σεισμοσ τωρα": 1780831664.0367415,
  "earthquake": 1780831666.9446805,
  "earthquake now": 1780831670.4782186
}