{
  "netherlands vs japan": 1781466909.6691835,
  "συναλλαγέσ": 1781466911.8708444,
  "nederland - japan": 1781466914.1094072,
  "ολλανδία εναντίον ιαπωνία": 1781466916.116408,
  "christina aguilera": 1781466918.176527,
  "nathaniel brown": 1781466921.1941793,
  "φιλιππίνεσ": 1781466923.678452,
  "μεθωνη": 1781466926.471776,
  "σεισμοσ τωρα": 1781466929.6058955,
  "undav": 1781466931.934658,
  "netherlands": 1781471018.7898476,
  "zion suzuki": 1781471021.8767548,
  "world cup matches": 1781471023.9254773,
  "μεθώνη": 1781471027.2966943,
  "gaspi": 1781471029.5989723,
  "ολλανδια ιαπωνια": 1781471032.536051,
  "μιχαλησ ρεππασ": 1781471035.2876244,
  "harry styles": 1781475592.835162,
  "bette midler": 1781475595.618067,
  "ακτη ελεφαντοστου": 1781480429.7503803,
  "κωνσταντίνοσ μαγκλάρασ": 1781480432.4590437,
  "mundial": 1781480434.271762,
  "van dijk": 1781480437.4013948,
  "oliver tree death": 1781480440.321161,
  "ufc freedom 250": 1781489196.9755452,
  "ufc white house": 1781489198.837039,
  "ufc": 1781489200.712222,
  "summerville": 1781489203.4383388,
  "χρήμα": 1781508848.4033263,
  "φωτια αθηνα": 1781508851.3421028,
  "φωτια τωρα": 1781508853.3887436,
  "χιόνι": 1781508855.9722195,
  "your face sounds familiar": 1781508858.6482325,
  "spain vs cabo verde world cup 2026": 1781508861.3062358,
  "topuria": 1781508863.224634,
  "μαρία αντωνά": 1781508865.2545776,
  "15 ιουνίου": 1781508868.3414106,
  "ανακαινιζω 2026": 1781508871.4001899,
  "διαιτητήσ": 1781530547.3791647,
  "ece irtem": 1781530549.4377935,
  "καρπαθοσ": 1781530551.5067425,
  "εβάν φουρνιέ": 1781530553.6673229,
  "πυρκαγιά": 1781530556.7126164,
  "δάνειο": 1781530558.92676,
  "γιώργοσ αλκαίοσ": 1781530561.0876722,
  "κοινωνικοσ τουρισμοσ 2026": 1781530563.1742828,
  "αλεξία έβερτ": 1781530565.016614,
  "λουτσεσκου": 1781530567.329667,
  "ποδόσφαιρο": 1781547218.8952274,
  "vozinha": 1781547220.9072335,
  "καρυοφυλλιά καραμπέτη": 1781547223.2244582,
  "δραμα": 1781547225.5810728,
  "tesla": 1781547227.8760793,
  "δημήτρησ γιαννακόπουλοσ": 1781547229.7195227,
  "cucurella": 1781547231.7776077,
  "κουκουρεγια": 1781547233.9152207,
  "μαχητικό αεροσκάφοσ": 1781547236.0304792,
  "capo verde": 1781547238.1041741
}