{
  "shein": 1782928259.4013183,
  "καλαποδι φθιωτιδασ": 1782928261.7529879,
  "προγραμμα μουντιαλ 2026": 1782935040.8096926,
  "κυβέρνηση": 1782935043.1152656,
  "mega": 1782935045.1976397,
  "βελγιο σενεγαλη προγνωστικα": 1782935047.07361,
  "υπουργείο παιδείασ, θρησκευμάτων και αθλητισμού": 1782935049.1662986,
  "τσιτσιπασ τζοκοβιτσ": 1782935051.384328,
  "angleterre – rd congo": 1782935053.7020845,
  "αύγουστοσ κορτώ": 1782935055.9473257,
  "congo fc": 1782935058.1853049,
  "mpasi": 1782935060.3049512,
  "belgique – sénégal": 1782940321.1892655,
  "belgium vs senegal": 1782940323.300764,
  "δανάη μπάρκα": 1782940325.5894938,
  "καλαπόδι": 1782940327.7945642,
  "βελγιο σενεγαλη": 1782940329.7160835,
  "φέντορ τσάλοφ": 1782940331.7794971,
  "novak djokovic": 1782940334.1107268,
  "μοχάμεντ σαλάχ": 1782945674.3272169,
  "απάτη": 1782950201.6890414,
  "belgium senegal": 1782950204.039499,
  "ηπα βοσνια": 1782962546.5405772,
  "jaylen brown": 1782962548.4509704,
  "usa vs bosnia and herzegovina": 1782962550.6814864,
  "γιάννησ σγουρόσ": 1782962552.7347934,
  "κεφάλαιο": 1782975210.3172643,
  "τζένη ζαχαροπούλου": 1782975212.7577255,
  "ιωάννα τούνη": 1782975215.3139992,
  "καταιγίδα": 1782975217.713202,
  "έκλειψη ηλίου": 1782975220.042118,
  "κύπροσ": 1782975222.1244745,
  "empire state building": 1782986152.3041887,
  "angela nikolau": 1782986154.5884523,
  "άρθρο": 1782986156.4799798,
  "πρόεδροσ τησ αυστρίασ": 1782986158.954239,
  "κίνα": 1782993978.7724667,
  "γιώργοσ γεροντιδάκησ": 1782993981.097224,
  "προπονητήσ": 1783002337.4108636,
  "ρωσία": 1783002339.91168,
  "χαβιέρ ριμπάλτα": 1783002342.1514256,
  "λένα κιτσοπούλου": 1783002344.577076,
  "υπάλληλοσ": 1783002346.8994474,
  "ιδρυτήσ": 1783002349.165038,
  "λύσσα": 1783002351.5300198,
  "απόστολοσ ρουβάσ": 1783002353.7150156,
  "υπουργείο παιδείασ θρησκευμάτων και αθλητισμού": 1783002356.0762496,
  "mega tv live": 1783009079.8707907,
  "κάρπαθοσ": 1783009082.0577788,
  "χοακίν σορόγια": 1783009084.2508974,
  "πολυκατοικία": 1783009086.4726982
}