{
  "portugal world cup": 1781713795.7159412,
  "δημοσιογράφοσ": 1781713797.6405387,
  "κατερίνα καραβάτου": 1781713799.5749922,
  "πορτογαλια μουντιαλ": 1781713802.1968346,
  "portugal": 1781713804.4302864,
  "σύνταξη": 1781713806.7190428,
  "μπέσσυ μάλφα": 1781713809.5332391,
  "βασίλησ τολιόπουλοσ": 1781713811.6972687,
  "το σπίτι δίπλα στο ποτάμι": 1781713814.2074313,
  "συνταξεισ ιουλιου": 1781713816.5494664,
  "daveigh chase": 1781723243.7363164,
  "bakambu": 1781723245.8065493,
  "σωτηρησ τσογκασ": 1781723248.736728,
  "αγγλια κροατια": 1781723250.8226264,
  "england vs croatia": 1781723253.1552083,
  "elustondo": 1781723255.3992867,
  "portugal vs congo": 1781723258.017977,
  "bernardo silva": 1781723260.1821167,
  "μπερνάρντο σίλβα": 1781723262.2531805,
  "cristiano ronaldo": 1781723264.4537284,
  "thomas tuchel": 1781731169.1402433,
  "γυμνάσιο": 1781731171.3398266,
  "perisic": 1781731173.2489855,
  "livakovic": 1781731175.1684625,
  "england world cup fixtures": 1781731177.4482274,
  "itv": 1781731179.3665402,
  "luka modric": 1781731181.5134199,
  "μοντριτσ": 1781731183.7387042,
  "itvx": 1781731185.9286497,
  "λοττο": 1781731187.8003561,
  "γκανα παναμασ": 1781736848.6764414,
  "fifa world cup 2026™": 1781736851.1167078,
  "kovacic": 1781736852.9466224,
  "pickford": 1781736855.3378398,
  "μπενιαμίν νετανιάχου": 1781736857.4693613,
  "αγιοσ ερωτασ επομενα επεισοδια": 1781736859.267916,
  "croatia fc": 1781736861.4905012,
  "spiderman brand new day": 1781736863.5500915,
  "18 ιουνίου": 1781759053.9270902,
  "bbc news": 1781759056.2589679,
  "livescore": 1781759058.8819478,
  "αποτελεσματα μουντιαλ": 1781759060.9559236,
  "γέφυρα": 1781759063.037712,
  "ουζμπεκισταν κολομβια": 1781759065.1314304,
  "στοιχημα": 1781759067.1477885,
  "victor munoz": 1781759069.236723,
  "βλαδίμηροσ κυριακίδησ": 1781759071.3368673,
  "χανιά": 1781774604.3002982,
  "γραμμικο σχεδιο πανελληνιεσ 2026": 1781774607.2471218,
  "εθνικό σύστημα υγείασ": 1781774609.5003417,
  "οασα": 1781774611.665451,
  "μίνα καραμήτρου": 1781774613.7777967,
  "μετρό θεσσαλονίκησ": 1781774615.604915,
  "czechia vs south africa world cup 2026": 1781774617.5934532,
  "ηνωμένο βασίλειο": 1781774619.722683,
  "www.24sports.com.cy": 1781774621.7930315,
  "hamm": 1781774623.837616,
  "2026": 1781786167.6023283,
  "τα νέα": 1781786169.8908954,
  "τριαντάφυλλοσ τσάπρασ": 1781786171.8662398,
  "σαμάρα": 1781786173.9340355,
  "χρύσα μιχαλοπούλου": 1781786176.1334026,
  "αντρέ λουίσ": 1781786178.3397336,
  "ελάχιστη βάση εισαγωγήσ": 1781786180.454358,
  "ευρυδίκη βαλαβάνη": 1781786182.5347407,
  "gorillaz": 1781786184.7595143,
  "ανδρέασ μαζαράκησ": 1781786187.083761,
  "τσεχια νοτια αφρικη": 1781798621.3875694,
  "czechia vs south africa": 1781798623.657828,
  "hyundai": 1781798625.8996925,
  "άρησ θεσσαλονίκησ": 1781798628.0943165,
  "λατινοπουλου παιτερησ": 1781798630.3122947,
  "ελεγκτήσ εισιτηρίων": 1781798632.6633327,
  "διεθνέσ νομισματικό ταμείο": 1781798634.791267,
  "παρθενώνασ": 1781798637.1300185,
  "gta 6": 1781798639.429281,
  "δελτίο ταυτότητασ": 1781798641.4741578
}