{
  "φωτια κορωπι": 1784473862.7973135,
  "κηδεία": 1784473865.1044252,
  "kings kangwa": 1784473867.498534,
  "ασθενοφόρο": 1784473869.7665234,
  "ένοπλεσ δυνάμεισ τησ ουκρανίασ": 1784473872.3439574,
  "κώστασ σλούκασ": 1784477503.3961303,
  "χάκερ": 1784477505.5763133,
  "νίκοσ χατζηνικολάου": 1784477507.4408338,
  "kimi antonelli": 1784477509.3282044,
  "πατημα κορωπιου": 1784477511.7024612,
  "φρουροί τησ ισλαμικήσ επανάστασησ": 1784481461.9108603,
  "protothema": 1784481464.207563,
  "tour de france 2026": 1784481466.5334141,
  "κρειτσικοβα": 1784484657.5542407,
  "άννα πρέλεβιτσ": 1784484659.9456584,
  "krejcikova": 1784484661.8749073,
  "ανδρέασ μικρούτσικοσ": 1784484664.4360054,
  "matt damon": 1784489632.3426027,
  "כאן 11": 1784489634.9157217,
  "zdf mediathek": 1784489637.2457082,
  "μουντιαλ 2030": 1784489639.4074938,
  "cucurella": 1784489641.2614849,
  "spanje - argentinië": 1784489643.4500954,
  "new jersey weather": 1784489645.8115146,
  "spain v argentina": 1784489648.206473,
  "κουκουρεγια": 1784489650.4598167,
  "messi age": 1784489652.6293483,
  "pele": 1784492748.3359802,
  "pique": 1784492750.4686484,
  "ωραιόκαστρο": 1784492752.3925183,
  "ted lasso": 1784492754.5613537,
  "πελε": 1784492756.9951577,
  "new jersey stadium": 1784492758.9848278,
  "lisandro martinez": 1784492761.1775334,
  "joselu": 1784492763.7447176,
  "λισάντρο μαρτίνεσ": 1784492766.2250369,
  "madonna age": 1784492768.470621,
  "enzo fernández": 1784496087.7296388,
  "emiliano martinez": 1784496090.187382,
  "sergio ramos": 1784496093.0487404,
  "έντσο φερνάντεσ": 1784496095.5899742,
  "εθνική ομάδα ποδοσφαίρου ανδρών τησ αργεντινήσ": 1784496098.0478306,
  "slavko vincic": 1784496100.7718322,
  "μουντιαλ σκορ": 1784496103.3052685,
  "laporte": 1784496105.8122857,
  "ispanya arjantin": 1784496108.399532,
  "ferran torres": 1784496110.6598854,
  "javier bardem": 1784503548.940212,
  "τραμπ": 1784503551.3078403,
  "πάου κουμπαρσί": 1784503553.355183,
  "gazzetta": 1784503555.5609882,
  "penelope cruz": 1784503557.8740041,
  "ramos": 1784503560.022037,
  "euro": 1784503562.493181,
  "προπονητησ αργεντινησ": 1784503564.6799347,
  "messi net worth": 1784503567.1140244,
  "euro 2028": 1784503569.7618294,
  "fifa president": 1784509333.0751398,
  "fifa": 1784509335.491701,
  "ντε λα φουέντε": 1784509338.2639096,
  "προπονητησ ισπανιασ": 1784509340.4117143,
  "fb": 1784522819.7952404,
  "ποιοι γιορτάζουν σήμερα": 1784522822.0204318,
  "ζουγκλα": 1784522824.517307,
  "νιουζιτ": 1784522827.0166352,
  "πρωτοσελιδα": 1784522829.003891,
  "σέρχιο γιουλ": 1784522831.2391925,
  "efka": 1784533615.8100774,
  "capital": 1784533617.69204,
  "γαζζετα": 1784533619.7708685,
  "εθνικη": 1784533622.681188,
  "θανάσησ βασιλόπουλοσ": 1784533624.8166811,
  "20 ιουλίου": 1784533626.6963496,
  "τατιάνα στεφανίδου": 1784533628.8803656,
  "taxheaven": 1784533631.81754,
  "εεταα αιτησεισ": 1784533634.820774,
  "radio": 1784533636.9237206,
  "ναιμεγκεν": 1784543552.9245937,
  "uefa": 1784543556.1806366,
  "σίσσυ χρηστίδου": 1784543558.427066,
  "νικολάσ οταμέντι": 1784543560.6067185,
  "μιλτιάδησ μαρινάκησ": 1784543563.7626565,
  "ααδε οφειλεσ": 1784543566.8191302,
  "κοινή αγροτική πολιτική": 1784543569.9137902,
  "gpt": 1784543572.2401395,
  "γιώργοσ προκοπίου": 1784543574.554894,
  "andy burnham": 1784550953.7351286,
  "ανακαίνιση": 1784550956.6039982,
  "δίκη": 1784550959.5580356,
  "τραγωδία": 1784550962.429998,
  "real news": 1784550964.5145493,
  "συνταξεισ αυγουστου 2026": 1784550967.5601957,
  "nijmegen": 1784550969.8496788,
  "στέφανοσ νεδέλκοσ": 1784550971.9261265,
  "kevin keegan": 1784559128.8097286,
  "χαλκιδική": 1784559130.8489442,
  "αυστραλία": 1784559133.8533347,
  "κωνσταντίνοσ τσιμίκασ": 1784559137.2082233,
  "γιάννησ στουρνάρασ": 1784559140.3292563,
  "σύνταξη": 1784559142.2060313,
  "τσσκα 1948": 1784559145.3612843,
  "instagram": 1784559147.2394788
}