{
  "heridas": 1784069513.8934133,
  "τελικοσ μουντιαλ": 1784072734.5934207,
  "ai": 1784077292.8249905,
  "mountial": 1784077295.3157048,
  "gemini": 1784088841.304038,
  "chatgpt": 1784088843.1308632,
  "νέα σελήνη": 1784096960.3400242,
  "flight fr4007 diverted to paris": 1784096962.621821,
  "αεροσκάφοσ": 1784096964.9577005,
  "γιόνασ βαλαντσιούνασ": 1784096967.0056636,
  "15 ιουλίου": 1784096969.284154,
  "σκόπελοσ": 1784096971.712492,
  "εθνική τράπεζα": 1784096973.555729,
  "αγία παρασκευή": 1784105718.3764164,
  "λοιπο επικουρικο προσωπικο": 1784105720.5418613,
  "μάρω κοντού": 1784105722.971956,
  "cnn": 1784105725.549215,
  "airbnb": 1784112225.8472967,
  "πυροσβεστική ακαδημία - σχολή πυροσβεστών": 1784112227.6936784,
  "συμβούλιο τησ επικρατείασ τησ ελλάδασ": 1784112229.7323875,
  "ενοικίου": 1784112231.849687,
  "μαρω κοντου": 1784112233.9622533,
  "ισθμόσ": 1784117154.2600312,
  "εξαφάνιση": 1784117157.0621467,
  "κυψέλη": 1784117159.677856,
  "ορμπελίν πινέδα": 1784117162.8133252,
  "μελιδοχωρι": 1784117165.3458624,
  "μεταφορικό ισοδύναμο": 1784117167.9593735,
  "κύπροσ": 1784124284.0114422,
  "ανακαίνιση": 1784124286.422296,
  "πλοίο": 1784124288.852863,
  "τροχαίο ατύχημα": 1784124290.7199516,
  "zimbabwe vs bangladesh": 1784124293.1945925,
  "διεθνήσ έκθεση θεσσαλονίκησ": 1784124295.1257167,
  "τουρκία": 1784130208.39145,
  "άγιαξ εναντίον μπόχουμ": 1784130210.4285755,
  "οδυσσεια νολαν": 1784130212.7074955,
  "συνταξιοδότηση": 1784130215.2641137,
  "οργανισμόσ προνοιακών επιδομάτων και κοινωνικήσ αλληλεγγύησ": 1784130217.8823633,
  "φωτια σουρωτη": 1784130220.1717257,
  "κόρη": 1784130222.8128774,
  "campazzo": 1784130225.4224713,
  "τόμασ γουόκαπ": 1784134580.845838,
  "θάνατοσ": 1784134583.2638514,
  "παο": 1784134586.0459385,
  "odyssey": 1784134588.9357216,
  "πανδημία": 1784134591.3857894,
  "σκαι": 1784134594.0029016,
  "νεοχωρουδα": 1784134595.8596394,
  "ραπίντ βιέννησ εναντίον παναθηναϊκόσ": 1784134597.9592302,
  "vitesse vs aek": 1784138578.4400427,
  "πετρέλαιο": 1784138580.5541697,
  "εκτιμησεισ βασεων 2026": 1784138583.113871,
  "φίτεσε εναντίον αεκ": 1784138585.5802777,
  "skai tv": 1784138588.0867932,
  "mick jagger": 1784143956.1476965,
  "england argentinien": 1784143958.5091069,
  "argentine angleterre": 1784143960.5226126,
  "cosmote tv": 1784143962.6398914,
  "bbc iplayer": 1784143964.8176076,
  "ert1": 1784143967.0013642,
  "messi": 1784143969.2943428,
  "σίσσυ χρηστίδου": 1784143971.816376,
  "england – argentinien": 1784143973.9399807,
  "lisandro martínez": 1784147834.635644,
  "victoria beckham": 1784147836.4625044,
  "diego simeone": 1784147838.6391404,
  "wk": 1784147840.5160396,
  "beckham": 1784147842.59139,
  "anglia argentyna": 1784147845.0332086,
  "maradona": 1784147846.902811,
  "the town": 1784151299.7288663,
  "tuchel": 1784151302.4421806,
  "ποτε ειναι ο τελικοσ μουντιαλ": 1784151304.419869,
  "euro 2028": 1784151307.1937304,
  "ronaldo": 1784151309.897273,
  "messi wife": 1784151312.223921,
  "kane": 1784151314.8970957,
  "vm": 1784151317.2151046,
  "enzo fernandez": 1784151319.1250267,
  "ισπανια αργεντινη": 1784154872.4347904,
  "gazzetta": 1784154874.7865715,
  "κρίστοφερ νόλαν": 1784154876.8480096,
  "world cup 2022": 1784154879.1415534,
  "yamal": 1784154881.204375,
  "στατιστικά μουντιάλ": 1784154883.6460128,
  "χάρι κέιν": 1784154885.8880677
}