{
  "eurovision 2026": 1778544496.1337135,
  "skai": 1778544498.1396904,
  "διαγωνισμόσ τραγουδιού eurovision 2026": 1778558564.7510428,
  "ασεπ": 1778568325.7308712,
  "asep": 1778568329.9114397,
  "lakers vs thunder": 1778568331.7869337,
  "12 μαΐου": 1778568337.32402,
  "bangladesh vs pakistan": 1778568340.8718352,
  "17 μαΐου": 1778568344.61094,
  "εισαγγελέασ": 1778568347.620141,
  "αξιολόγηση": 1778568351.357731,
  "πρωτοσελιδα": 1778568359.1041162,
  "εαακ": 1778577929.972959,
  "επίδομα ανεργίασ": 1778577947.0870261,
  "τα νεα": 1778577964.198749,
  "τελεσίγραφο": 1778577981.3546045,
  "μετρό": 1778577998.444691,
  "νομοσχέδιο": 1778578000.309288,
  "μίλαν νέντοβιτσ": 1778578017.4159439,
  "κέρκυρα": 1778578034.5294697,
  "κίεβο": 1778578051.6776044,
  "ηλιουπολη": 1778585363.377653,
  "market pass": 1778585366.1906102,
  "βύθιση": 1778585368.0246994,
  "άγιοσ έρωτασ": 1778585371.1878662,
  "τέιλεν χόρτον-τάκερ": 1778585373.8755152,
  "βροχή": 1778592053.373152,
  "πρώτο θέμα": 1778592063.7230012,
  "χοσέ λουίσ μεντιλίμπαρ": 1778592066.7588673,
  "marca": 1778592070.120668,
  "ντέιβιντ μπέκαμ": 1778592085.8072343,
  "αστέρασ τρίπολησ εναντίον πανσερραϊκόσ": 1778601516.1555898,
  "παναιτωλικόσ εναντίον αελ": 1778601518.9979463,
  "υπουργείο παιδείασ, θρησκευμάτων και αθλητισμού": 1778601521.7857559,
  "gt vs srh": 1778601524.5408845,
  "γιουροβιζιον 2026": 1778601527.476421,
  "διαιτητήσ": 1778601530.3622,
  "αλ νασρ εναντίον αλ χιλάλ": 1778608915.020822,
  "σουπερλιγκ": 1778608918.188872,
  "ερτ": 1778608921.218936,
  "νίκοσ ευαγγελάτοσ": 1778608924.3308384,
  "eurovision 2026 semi final 1": 1778608927.462354,
  "μπέτισ εναντίον έλτσε": 1778608929.5011218,
  "υπάλληλοσ": 1778608933.1771853,
  "spotify 20": 1778608935.2265239,
  "14 μαΐου": 1778608938.6511316,
  "γιώργοσ λιάγκασ": 1778608941.80514,
  "montenegro": 1778616323.456445,
  "sal da vinci": 1778616326.5330944,
  "finland eurovision 2026": 1778616329.6146793,
  "φινλανδία eurovision 2026": 1778616332.6348608,
  "κυπροσ eurovision 2026": 1778616335.7983503,
  "victoria swarovski": 1778616338.62607,
  "μολδαβια": 1778616341.8019974,
  "eurovision 2025": 1778616345.010981,
  "ert 1": 1778616347.9214156,
  "μπράντον κλαρκ": 1778616350.845044,
  "μαρια κοζακου": 1778621821.3475573,
  "delta goodrem": 1778621824.1581507,
  "αυστρία": 1778621826.9338326,
  "taylor swift": 1778621829.8191218,
  "τζόκερ": 1778621831.7702343,
  "σαν μαρινο": 1778621834.459888,
  "san marino": 1778621837.2627618,
  "κακοκαιρία": 1778621840.2177842,
  "πρωτάθλημα σαουδικήσ αραβίασ": 1778621842.9127176,
  "σερτάμπ ερενέρ": 1778621845.6297257,
  "cia": 1778625811.614979,
  "san marino eurovision 2026": 1778625814.8798802,
  "germany eurovision 2026": 1778625817.8614788,
  "contagion": 1778629432.7352166
}