{
  "καλλίπολη": 1778868592.1372502,
  "ολυμπιακόσ σφπ": 1778868594.674113,
  "λεξ": 1778868597.169872,
  "ζωδια": 1778868599.6838968,
  "euroleague final four": 1778868602.128431,
  "euroleague final four tickets": 1778868604.7318213,
  "παναθηναικοσ μυκονοσ": 1778868607.3363528,
  "περιστέρι": 1778868609.8401763,
  "μαΐου": 1778874764.5520084,
  "άννα μαρία τησ ελλάδοσ": 1778874767.1282213,
  "jannik sinner": 1778874769.685112,
  "aston villa vs liverpool": 1778874772.1888404,
  "άστον βίλα εναντίον λίβερπουλ": 1778874774.2044497,
  "διαγωνισμόσ τραγουδιού eurovision": 1778874776.6516774,
  "εβάν φουρνιέ": 1778874779.1433504,
  "πειραιάσ": 1778874781.6789606,
  "σύνταγμα": 1778874785.35236,
  "χριστίνα παππά": 1778878511.9023695,
  "patti smith": 1778878514.3600929,
  "twitch": 1778882031.9610794,
  "κεντρική τράπεζα": 1778882034.2991796,
  "sinner": 1778882036.765477,
  "morgan stanley": 1778882039.3031118,
  "weather": 1778906956.1654418,
  "πρίγκιπασ": 1778906958.5196898,
  "swatch x audemars piguet": 1778906960.919844,
  "mensa": 1778906963.3404925,
  "εθνική ομάδα ποδοσφαίρου ανδρών τησ τυνησίασ": 1778915247.8405402,
  "συμμετοχή τησ ελλάδασ στη eurovision": 1778915250.3963974,
  "wetter": 1778915252.2374904,
  "16 μαΐου": 1778915254.6024446,
  "bangladesh vs pakistan": 1778915256.926207,
  "σεργκέι λαβρόφ": 1778915259.315401,
  "πυρηνικό πρόγραμμα του ιράν": 1778915261.6223302,
  "τα νεα": 1778921902.211875,
  "βροχή": 1778926672.4533095,
  "φορολογία": 1778926674.8746567,
  "καλαθησ": 1778926677.1301818,
  "χηρεία": 1778926679.5931375,
  "swatch royal pop": 1778926681.894336,
  "swatch audemars piguet": 1778926684.158273,
  "royal pop": 1778926686.4365578,
  "royal pop swatch": 1778930931.0076735,
  "celtic vs hearts": 1778935072.25381,
  "σέλτικ γλασκώβησ εναντίον χαρτσ": 1778935074.7562797,
  "fa cup": 1778935077.146267,
  "κέντρικ ναν": 1778935079.4709709,
  "μαξ φερστάπεν": 1778935082.0028446,
  "bundesliga": 1778940446.0798197,
  "bayern vs köln": 1778940448.4817026,
  "chelsea vs man city": 1778940450.8703341,
  "τράπεζα": 1778940454.2003958,
  "τάισον γουόρντ": 1778940456.7800262,
  "τσέλσι εναντίον μάντσεστερ σίτι": 1778940459.257607,
  "υπουργείο": 1778940461.712996,
  "bas westerweel": 1778940464.0404181,
  "μπάγερν μονάχου εναντίον κολωνία": 1778940466.4309955,
  "πάτρα": 1778940468.8585792,
  "μπέττυ μαγγίρα": 1778944419.894704,
  "werder bremen – dortmund": 1778944421.9719865,
  "kkr vs gt": 1778944424.5760815,
  "ζανκτ πάουλι εναντίον βόλφσμπουργκ": 1778944427.0311065,
  "αυστραλία": 1778944429.5568514,
  "τεκμαρτό εισόδημα": 1778944431.4882843,
  "bayern – köln": 1778944433.441052,
  "eurovision 2026 time": 1778947910.4859505,
  "αελ εναντίον ατρόμητοσ": 1778947912.8184397,
  "bundesliga tabelle": 1778947915.1383364,
  "κεντρική τράπεζα τησ ρωσίασ": 1778947917.6331964,
  "bundesliga spiele": 1778947919.8688521,
  "αστέρασ τρίπολησ εναντίον κηφισιά": 1778947922.1380498,
  "τι ωρα ξεκιναει η eurovision": 1778947924.5360868,
  "πανσερραϊκόσ εναντίον παναιτωλικόσ": 1778947926.8550718,
  "βαλτικεσ χωρεσ": 1778951806.4083207,
  "κίνα": 1778951808.7614696,
  "διεθνήσ αερολιμένασ αθηνών ελευθέριοσ βενιζέλοσ": 1778951811.1459303,
  "αεκ ολυμπιακόσ": 1778951813.7364566,
  "survivor ελλάδασ": 1778954925.462787,
  "γιουροβιζιον 2026": 1778954928.1074111,
  "eurovision 2026 final": 1778954930.388728,
  "maneskin": 1778954932.7039976,
  "λιθουανια": 1778954935.0259755,
  "αεροδρόμιο": 1778954936.8582163,
  "αστερασ τριπολησ": 1778954939.33881,
  "αελ ατρομητοσ": 1778954941.1604378
}