{
  "valencia basket vs baskonia": 1778433094.6934588,
  "aek fc": 1778433111.727564,
  "παοκ": 1778433123.422254,
  "superleague": 1778433132.8849523,
  "αθλητικά": 1778433136.833737,
  "akylas ferto": 1778433139.92057,
  "köln – heidenheim": 1778433150.5547388,
  "cosmote tv": 1778433163.1605842,
  "aek pao": 1778433167.6639209,
  "ερα σπορ": 1778433170.6817222,
  "εισόδημα": 1778436229.8747709,
  "σαουδική αραβία": 1778436233.7385526,
  "ανεξάρτητη αρχή δημοσίων εσόδων": 1778436235.7803342,
  "αεκ": 1778436238.8369863,
  "la liga": 1778440771.7201018,
  "barca": 1778440775.276655,
  "real": 1778440779.68152,
  "sportfm": 1778440785.198102,
  "psg vs brest": 1778440788.739513,
  "برشلونة ضد الريال": 1778440791.8648524,
  "ολυμπιακοσ αεκ": 1778440794.8832276,
  "αεκ ολυμπιακόσ": 1778440796.9611034,
  "μπαρτσελόνα εναντίον ρεάλ μαδρίτησ": 1778440799.9841003,
  "barcelona vs real madrid": 1778440803.5430465,
  "olivia rodrigo": 1778443576.7910023,
  "fc barcelona – real madryt": 1778443579.723477,
  "hantavirusmap": 1778443582.7441003,
  "ανακαινίσεισ κατοικιών": 1778443585.562498,
  "ζωδια": 1778446919.9711294,
  "ασ μονακό": 1778446923.8400111,
  "ligue 1": 1778446926.5775785,
  "οι αθωοι": 1778446929.7379942,
  "τάσοσ ιορδανίδησ": 1778446932.5249116,
  "eurovision 2025": 1778446935.6436486,
  "δημοσιογράφοσ": 1778446938.5674863,
  "χανταιοσ ελλαδα": 1778446941.384912,
  "eurovision": 1778446943.2162335,
  "εμεισ λεωφορο εσεισ βοτανικο": 1778446945.9946449,
  "eurovision 2026": 1778450394.6480563,
  "hansi flick": 1778450397.5764966,
  "μαραντινησ": 1778450400.6099184,
  "jj": 1778456802.226462,
  "serie a": 1778463059.8779385,
  "συναλλαγέσ": 1778478139.0452378,
  "yfsf": 1778478142.5915594,
  "11 μαΐου": 1778478150.9767416,
  "διαιτησία": 1778478154.0140386,
  "efsyn": 1778478156.863981,
  "πρωτοσελιδα": 1778478164.7735794,
  "τζοκερ 10 5 26": 1778478166.600316,
  "απεργια 13": 1778478168.425892,
  "περιπολικό": 1778489369.3253114,
  "δημήτρησ αλεξάνδρου": 1778489386.383478,
  "απεργια": 1778489403.4261274,
  "μαραθώνασ": 1778500252.2650347,
  "ομόλογο": 1778500254.2773485,
  "κατω τιθορεα": 1778500257.3415914,
  "blackstone": 1778500260.4270127,
  "κοινωνικοσ τουρισμοσ 2026 αποτελεσματα": 1778500267.6356442,
  "πηνελόπη πλάκα": 1778500271.1486125,
  "βαμβάκι": 1778500277.381666,
  "ημιτελικοσ eurovision 2026": 1778500280.2937744,
  "ρεμπροφ": 1778500283.6512992,
  "pbks vs dc": 1778510131.7644043,
  "σχολείο δεύτερησ ευκαιρίασ": 1778510135.9928281,
  "σίντνεϊ σουίνι": 1778510137.8632424,
  "γιώργοσ μυλωνάκησ": 1778510143.5274744,
  "φαίη σκορδά": 1778510146.8405116,
  "hyundai": 1778510154.8070183,
  "αφροδίτη λατινοπούλου": 1778510158.4574971,
  "πυροσβεστικό σώμα ελλάδασ": 1778510163.7500343,
  "πασχάλησ τερζήσ": 1778510166.7871332,
  "λούκα γιόβιτσ": 1778510170.2802908,
  "δήλωση περιουσιακήσ κατάστασησ": 1778519461.3190377,
  "μύκονοσ": 1778519473.6657526,
  "διαγωνισμόσ τραγουδιού eurovision": 1778519476.538961,
  "βαλενθια παναθηναικοσ game 5": 1778519483.5772202,
  "αστυνομία": 1778519489.3378434,
  "klavdia": 1778519491.19467,
  "νίκοσ μπουντούρησ": 1778519498.4623117,
  "καταλειφοσ": 1778519514.9067419
}