{
  "σουηδία εναντίον ελλάδα": 1780591084.1346285,
  "άδεια": 1780591086.8547893,
  "χωρισμόσ": 1780591089.169303,
  "καλαβρία": 1780591091.518007,
  "νόμοσ κατσέλη": 1780591093.8744383,
  "έντονη χαλαζόπτωση": 1780591096.3329294,
  "εκπαίδευση": 1780591098.751588,
  "σχολείο": 1780591101.1910162,
  "διάστημα": 1780591103.5563474,
  "δισεκατομμυριούχοσ": 1780591106.3262584,
  "γαλλία εναντίον ακτή ελεφαντοστού": 1780599792.718823,
  "ισπανία εναντίον ιράκ": 1780599794.6166637,
  "σταματίνα τσιμτσιλή": 1780599797.0524998,
  "ινα ταραντου": 1780599799.4882603,
  "ισπανία": 1780599801.959504,
  "κρίση": 1780599804.5524018,
  "maja chwalińska": 1780599807.2087572,
  "alfa": 1780599809.8416553,
  "alpha tv": 1780599812.1855857,
  "αλφα": 1780599814.7887056,
  "τσουβελασ": 1780612887.0584774,
  "τραγουδιστησ συροσ": 1780612889.477272,
  "τροχαιο καλλιθεα": 1780612891.731565,
  "γιωργοσ βαρδινογιαννησ": 1780612894.0768752,
  "έλενα παπαρίζου": 1780612896.461881,
  "χρηματιστήριο": 1780612898.7454677,
  "δικαστήριο": 1780612900.5784063,
  "france vs ivory coast": 1780612902.4070249,
  "ραζβάν λουτσέσκου": 1780612904.429822,
  "θεματα χημειασ 2026": 1780642476.2951283,
  "ντένισ σρέντερ": 1780642478.547267,
  "5 ιουνίου": 1780642480.552881,
  "aττική οδόσ": 1780642482.7887511,
  "james handy": 1780642484.803001,
  "νοσοκομείο": 1780642487.0297792,
  "ιωάννησ μελισσανίδησ": 1780656171.1558676,
  "κεμ μπιρτσ": 1780656173.5752082,
  "έλενα τοπαλίδου": 1780656175.7542543,
  "nova": 1780656177.9691806,
  "υπουργείο παιδείασ": 1780656180.1241715,
  "χημεια πανελληνιεσ 2026": 1780656182.2519503,
  "ναυπήγηση": 1780667090.9617445,
  "alexander zverev": 1780667093.3335524,
  "larkin": 1780667095.385003,
  "boeing 787 dreamliner": 1780667097.677162,
  "κατερίνα καινούργιου": 1780667100.0613616,
  "νικολάσ αντερέγκεν": 1780667102.292746,
  "στίβεν σιγκάλ": 1780667104.5450332,
  "khem birch": 1780667107.1789155,
  "anthony head": 1780676344.8827076,
  "zverev": 1780676347.2828023,
  "σωκράτησ φάμελλοσ": 1780676349.3303328,
  "μεξικό": 1780676352.0782378,
  "κυκλοφορία": 1780676354.7222693
}