{
  "τι τζέι σορτσ": 1778776454.4465756,
  "aek vs aris": 1778776456.8248944,
  "subnautica 2": 1778776458.6769927,
  "2027": 1778776460.954988,
  "εύη δρούτσα": 1778776463.3334618,
  "προσωρινα αποτελεσματα κοινωνικου τουρισμου 2026": 1778776465.8638234,
  "ιωάννησ παπαπέτρου": 1778776468.1255121,
  "πωλινα": 1778776470.4108248,
  "μαργαρίτα β΄ τησ δανίασ": 1778782847.8442445,
  "μαλδίβεσ": 1778782850.7258468,
  "καλαθοσφαίριση": 1778782853.2021978,
  "β ημιτελικόσ eurovision 2026": 1778782855.5425804,
  "παγίδα του του θουκυδίδη": 1778782857.8663063,
  "βαλένθια εναντίον ράγιο βαγιεκάνο": 1778782860.2568412,
  "π.α.σ. πύργοσ 1968": 1778782862.9117339,
  "eurovision odds": 1778789542.0982745,
  "barbara palvin": 1778789544.7832556,
  "γιάννησ στουρνάρασ": 1778789547.2661712,
  "eurovision 2025": 1778789549.552615,
  "κληρωση τζοκερ": 1778789551.424119,
  "ερτ 1": 1778789553.926756,
  "17χρονη": 1778789556.4441957,
  "taken": 1778789558.8163512,
  "ertflix": 1778789560.6883676,
  "iphone": 1778789562.915349,
  "μαρια κοζακου": 1778794668.4580414,
  "τζοκερ 14 5 26": 1778794670.3225992,
  "swarovski eurovision": 1778794672.762305,
  "malta": 1778794675.104675,
  "australia eurovision 2026": 1778794677.6395473,
  "προγνωστικα eurovision 2026": 1778798384.1652925,
  "ρεαλ": 1778798386.4679475,
  "κατερίνα βρανά": 1778798388.307264,
  "real madrid": 1778808402.1283796,
  "monroe france": 1778808404.4336262,
  "ουράνιο": 1778821903.8389037,
  "15 μαΐου": 1778821906.1841366,
  "γαλάζια πατρίδα": 1778821908.4919806,
  "γιουροβιζιον 2026": 1778821910.3289888,
  "εργατικό ατύχημα": 1778821912.7279723,
  "μελινα ηλιουπολη": 1778821914.5343523,
  "νάιτζελ χέισ-ντέιβισ": 1778833070.6137133,
  "θανασησ αυγερινοσ": 1778833073.1047547,
  "μη επανδρωμένο αεροσκάφοσ": 1778833075.4549932,
  "γαλλια eurovision 2026": 1778833077.971388,
  "μακάμπι τελ αβίβ": 1778833080.4398267,
  "γιώργοσ αυτιάσ": 1778833083.0269632,
  "2026": 1778833085.329257,
  "γάμοσ": 1778841601.7699456,
  "ρόδοσ": 1778841605.0473711,
  "mac": 1778841607.4897985,
  "διαγωνισμόσ τραγουδιού eurovision 2026": 1778847800.4894593,
  "αναδρομικα": 1778847803.3102784,
  "πολωνία": 1778847805.2369978,
  "csk vs lsg": 1778856288.0743155,
  "θεσσαλονίκη": 1778856290.7707167,
  "ελαιόλαδο": 1778856293.3706775,
  "ηνωμένεσ πολιτείεσ": 1778856296.4560728,
  "ευαγγελατοσ": 1778856299.0113356,
  "πολύτιμα μέταλλα": 1778856301.454087,
  "παοκ αρησ κ19": 1778862755.1908226,
  "αμαλία κωστοπούλου": 1778862757.4611936,
  "φρίντριχ μερτσ": 1778862759.9203503,
  "panathinaikos vs mykonos": 1778862762.232182,
  "δημόσια υπηρεσία απασχόλησησ": 1778862764.0871727,
  "chios pass kithira pass": 1778862766.3373287,
  "μητροπολίτησ θεσσαλονίκησ φιλόθεοσ": 1778862768.8788953,
  "κοινοβούλιο": 1778862770.746683,
  "νοσοκομείο": 1778862772.971123,
  "ανεξάρτητη αρχή δημοσίων εσόδων": 1778862774.7979274
}