{
  "e radio": 1779773964.2203417,
  "26 μαΐου": 1779773966.2696328,
  "δημήτρησ φιλιππίδησ": 1779773968.564197,
  "in": 1779773970.9333801,
  "cavaliers vs knicks": 1779773973.2516308,
  "ferrari luce": 1779773975.590597,
  "ράνια τζίμα": 1779773977.9079525,
  "πληρωμή": 1779773980.2402356,
  "έντι ταβάρεσ": 1779785622.6234932,
  "πολεμική αεροπορία": 1779785624.7019567,
  "κριστιάν γκολομέεφ": 1779785626.8370378,
  "bankingnews": 1779785628.9488752,
  "neestrup": 1779810320.768583,
  "μαχητικό αεροσκάφοσ": 1779810322.9319963,
  "γάμοσ": 1779810325.1257775,
  "007 first light": 1779810327.452812,
  "εφημερίδα τησ κυβερνήσεωσ": 1779810329.5231187,
  "έμη λιβανίου": 1779810331.623071,
  "ανώτατο συμβούλιο επιλογήσ προσωπικού": 1779810333.879313,
  "rcb vs gt": 1779810336.2976882,
  "γήπεδο": 1779810338.590304,
  "θεσσαλονίκη": 1779810340.6569035,
  "τρένο": 1779819185.8002608,
  "ομάν": 1779819188.1449463,
  "ολυμπιακόσ σ.φ.π.": 1779819190.4586148,
  "mega news live": 1779819192.7692473,
  "γιώργοσ κιμούλησ": 1779819195.1639936,
  "καρκίνοσ": 1779819197.7729654,
  "προϋπολογισμόσ": 1779819199.7936616,
  "jannik sinner": 1779827217.8266473,
  "french open": 1779827220.3643546,
  "ραζβάν λουτσέσκου": 1779827222.5319192,
  "agrinionews": 1779827224.7991352,
  "asep αιτηση": 1779827227.0642264,
  "roland garros 2026": 1779827229.2259693,
  "μάικ τζέιμσ": 1779827231.5305023,
  "ελλασ": 1779827233.741862,
  "ελασ": 1779827235.9602401,
  "novartis": 1779827238.1888514,
  "πάτρα": 1779833122.0449326,
  "σπυροσ μαραγκοσ": 1779833124.4353878,
  "eurojackpot": 1779833126.5002859,
  "πορτο λεονε": 1779837578.223951,
  "καταμαραν": 1779837580.5321288,
  "agriniopress": 1779837582.8402617
}