{
  "σκαι": 1777867904.1924536,
  "μυρτώ αλικάκη": 1777867906.6897485,
  "google": 1777867908.548571,
  "shell": 1777867910.8164196,
  "μαρόκο": 1777867913.2035878,
  "your face sounds familiar παικτεσ 2026": 1777867915.521812,
  "μαιοσ": 1777879597.0965416,
  "alpha": 1777879599.903381,
  "κοινωνικοσ τουρισμοσ για συνταξιουχουσ": 1777879603.162611,
  "σελήνη": 1777879606.668949,
  "αριθμοι τζοκερ": 1777879609.0162966,
  "καιροσ σημερα": 1777879610.8279727,
  "eidhseis": 1777879613.100954,
  "4 μαΐου": 1777879615.4559748,
  "αγιου πνευματοσ 2026": 1777879618.104052,
  "boeing": 1777887331.3503277,
  "γιώργοσ θεοφάνουσ": 1777887337.3996792,
  "allianz": 1777887339.2599163,
  "χανταϊόσ": 1777887341.6188915,
  "metropolis": 1777887344.87249,
  "λένα φλυτζάνη": 1777893874.1807954,
  "φράγμα": 1777893878.47949,
  "πρωτοδικείο αθηνών": 1777893881.1106331,
  "απεργία": 1777893884.5110269,
  "cameron diaz": 1777899886.9969018,
  "κουπόνι": 1777899889.5944154,
  "σταματίνα τσιμτσιλή": 1777899894.8286965,
  "δικαστήριο": 1777899902.015432,
  "υπουργείο τουρισμού τησ ελλάδασ": 1777899904.902703,
  "ολίβια γουάιλντ": 1777899909.126635,
  "lsg vs mi": 1777907823.687315,
  "chelsea": 1777907826.5493054,
  "έφεση": 1777907829.332308,
  "windows 11": 1777907831.8534489,
  "αμερικανικό πολεμικό πλοίο": 1777907834.4308627,
  "hyundai": 1777907840.1838953,
  "πείραμα": 1777907843.2831278,
  "φιλιππίνεσ": 1777907846.4604204,
  "λειψια": 1777914187.4664776,
  "εβάν φουρνιέ": 1777914193.7786129,
  "πρώτο θέμα": 1777914196.162354,
  "εκπαιδευτικών": 1777914198.4838977,
  "βασίλησ παλαιοκώστασ": 1777914200.963425,
  "gta 6": 1777914203.2002935,
  "τσελσι": 1777914208.6594727,
  "νότιγχαμ φόρεστ": 1777920520.3177052,
  "met gala 2026": 1777920523.1320431,
  "ελένη βαρβιτσιώτη": 1777920525.062768,
  "blue star naxos": 1777920527.4637942,
  "βικτωρασ γιαννικοπουλοσ": 1777920529.392429,
  "leipzig": 1777920532.353202,
  "ζωζώ σαπουντζάκη": 1777920534.8067486,
  "μετρό": 1777920537.2984757,
  "μερκοσούρ": 1777920541.695812,
  "σύμη": 1777920544.1151667,
  "ειρήνη νικολοπούλου": 1777925234.1541636,
  "skai tv": 1777925237.296663,
  "αγιοσ εφραιμ": 1777925239.9480903,
  "δικηγορικόσ σύλλογοσ αθηνών": 1777925242.4862561,
  "the chase": 1777925245.6994026,
  "premier league": 1777929469.1692805,
  "εβερτον": 1777929471.4390402,
  "τζέριαν γκραντ": 1777929473.6841054,
  "man city": 1777929475.9240263,
  "κοινωνικοσ τουρισμοσ 2026 αποτελεσματα": 1777929477.74752,
  "νεϊμάρ": 1777932999.4738636,
  "everton f.c. vs man city standings": 1777933002.0548987,
  "met gala 2026 theme": 1777933004.4729774,
  "premier league table": 1777933007.5318773,
  "survivor spoiler": 1777936378.4510343,
  "met gala": 1777936380.79065,
  "σπόρτινγκ λισαβόνασ εναντίον γκιμαράεσ": 1777939811.1083298
}