{
  "ιαπωνία εναντίον σουηδία": 1782430834.588841,
  "tunisia vs netherlands": 1782430836.778983,
  "τυνησία εναντίον ολλανδία": 1782430838.5919719,
  "ecuador germany": 1782430840.7746818,
  "εκπαίδευση": 1782430842.5889695,
  "star": 1782430844.612688,
  "star tv": 1782430846.8251042,
  "ιαπωνια σουηδια": 1782438799.0683663,
  "fifa world cup games": 1782438800.8760765,
  "ecuador coach": 1782438803.21892,
  "26 ιουνίου": 1782453883.9554532,
  "τζόρτζια μελόνι": 1782453886.1066818,
  "türkiye - abd": 1782453888.2031362,
  "paraguay vs australia": 1782453890.0253448,
  "παραγουάη εναντίον αυστραλία": 1782453891.8469877,
  "ισραήλ": 1782453893.6768904,
  "mundial": 1782453895.7908006,
  "πρωτοσέλιδα εφημερίδων": 1782453898.17079,
  "türkiye vs usa": 1782453900.2415817,
  "nederland tunesie": 1782453902.3833413,
  "βαγγέλησ λιόλιοσ": 1782467324.7677004,
  "μπαντιο": 1782467326.9246602,
  "ντανιέλ καστελάνι": 1782467328.9692194,
  "δημόσιοσ τομέασ": 1782467330.9902494,
  "ήπειροσ": 1782467333.271497,
  "εβε 2026": 1782475428.82599,
  "victor yalom": 1782475431.0381837,
  "νίκολα πελτζ": 1782475433.2997053,
  "badio": 1782485018.591461,
  "χάρι στάιλσ": 1782485020.8192143,
  "υπουργόσ παιδείασ": 1782485022.9364266,
  "ireland vs india": 1782485025.1222587,
  "έθνοσ": 1782485027.2484996,
  "βασίλησ μπισμπίκησ": 1782485029.3817484,
  "άννα διαμαντοπούλου": 1782485031.7818599,
  "τραπεζικό σύστημα": 1782492691.5036306,
  "νίκοσ αθανασίου": 1782492694.1914408,
  "netflix": 1782492696.48549,
  "οικονομία": 1782492698.8988638,
  "θεόδωροσ λιβάνιοσ": 1782492701.5338404,
  "norway vs france": 1782498346.910575,
  "πανσεληνοσ ιουνιου 2026": 1782498349.0314739,
  "www.24sports.com.cy": 1782498351.574016,
  "ντε φραι": 1782498353.6034014,
  "τερματοφύλακασ": 1782498355.811776,
  "france fc": 1782504989.5308158,
  "πυρκαγιά": 1782504992.0604684,
  "ζαν μοντέρο": 1782504994.1321087,
  "norvège – france": 1782504996.2328806,
  "senegal vs iraq": 1782504998.0703719,
  "αθηνά οικονομάκου": 1782505000.2965157,
  "νορβηγία εναντίον γαλλία": 1782505002.8721209,
  "πασχαλακησ": 1782505005.0610814,
  "norge frankrike": 1782510144.1200063,
  "νάνσυ ζαμπέτογλου": 1782510146.4907231,
  "γαλλια νορβηγια": 1782514373.0225537
}