{
  "μόνιμεσ θέσεισ εργασίασ": 1779899316.2455566,
  "σερβία": 1779899319.1491919,
  "πετρέλαιο": 1779899321.3787637,
  "nvidia": 1779899323.6514828,
  "γραμμή 3": 1779899325.9474063,
  "μάσιμο καντσελιέρι": 1779899328.2421572,
  "αργία": 1779899330.7023385,
  "αποζημίωση": 1779899333.818297,
  "μισθοδοσία!": 1779899336.1388416,
  "rr vs srh": 1779899338.3446727,
  "στέφανοσ κασσελάκησ": 1779907119.5150766,
  "crystal palace": 1779907121.3841412,
  "τελικοσ conference league 2026": 1779907123.6348026,
  "ακίνητη περιουσία": 1779907125.9056091,
  "γιώργοσ κωνσταντίνου": 1779907128.1579661,
  "δημήτρησ γιαννακόπουλοσ": 1779907130.3050642,
  "μισθοδοσία": 1779907132.1806438,
  "νεμπρασκα": 1779907134.2587397,
  "αντζελίνα τζολί": 1779907136.4864032,
  "aegean": 1779915185.3817978,
  "κωνσταντίνοσ αργυρόσ": 1779915188.6527941,
  "alfa romeo": 1779915190.9674642,
  "αργυρώ μπαρμπαρίγου": 1779915193.2603173,
  "real madrid vs baskonia": 1779915195.2733483,
  "ουεφα τσάμπιονσ λιγκ": 1779915197.5184965,
  "λαϊκή αγορά": 1779915199.710214,
  "τελικοσ champions league 2026": 1779915202.0611017,
  "ant1": 1779915204.933371,
  "αντ1": 1779915207.1475604,
  "πατησίων": 1779920872.1450298,
  "άλεκ πίτερσ": 1779920874.947249,
  "πανελληνιεσ 2026": 1779920877.4874575,
  "aegean airlines": 1779920880.1847944,
  "spider noir": 1779925499.8176134,
  "28 μαΐου": 1779947133.1329236,
  "γκαέλ ντα σίλβα": 1779947135.375654,
  "δευτερο προγραμμα": 1779947137.568531,
  "ουκρανία": 1779947139.8208866,
  "ποδόσφαιρο": 1779947142.0878854,
  "πάτρα": 1779947144.3103209,
  "μια νυχτα μονο": 1779947146.8066635,
  "κτηματολόγιο": 1779947149.0564528,
  "superbet": 1779947151.3732173,
  "μαρία μπεκατώρου": 1779947153.6159425,
  "υπουργείο παιδείασ": 1779960914.361272,
  "νοσοκομείο": 1779960917.356847,
  "μετρο θεσσαλονικησ": 1779960919.9601,
  "ελλάδα": 1779960922.613609,
  "ελέφαντασ": 1779972700.9491568,
  "φωτια τωρα": 1779972703.1734006,
  "ζωζώ σαπουντζάκη": 1779972705.628339,
  "εξετάσεισ": 1779972707.898807,
  "ελβετία": 1779972710.275103,
  "μαίρη συνατσάκη": 1779972713.1120257,
  "νατο": 1779972715.35357,
  "τελικόσ": 1779972717.8149488
}