{
  "f1": 1780762693.108576,
  "mirra andreeva": 1780762696.2771206,
  "πορτογαλία εναντίον χιλή": 1780767400.3671625,
  "έκλειψη ηλίου": 1780771870.3965,
  "πάνοσ μιχαλόπουλοσ": 1780771873.3578398,
  "usa – deutschland": 1780771876.2520123,
  "ηπα εναντίον γερμανία": 1780771879.2010932,
  "αλβανία εναντίον λουξεμβούργο": 1780771882.1678412,
  "τηλεοπτικό πρόγραμμα": 1780771885.208742,
  "soula glamorous": 1780771888.2835317,
  "portugal vs chile": 1780771891.2936652,
  "κέντρικ ναν": 1780771894.2554126,
  "αγγλία εναντίον νέα ζηλανδία": 1780776369.4929779,
  "england vs new zealand": 1780776371.3356466,
  "cnn": 1780776374.285364,
  "usa vs germany": 1780776376.1527772,
  "indiana jones": 1780780493.0127044,
  "κριστιάνο ρονάλντο": 1780780495.8506324,
  "βραζιλία εναντίον αίγυπτοσ": 1780784323.3191302,
  "البرازيل ضد مصر": 1780788684.1932483,
  "αργεντινή εναντίον ονδούρα": 1780797111.781286,
  "φόρμουλα 1": 1780813084.211016,
  "india vs afghanistan": 1780813086.9952426,
  "βουλευτήσ": 1780813089.909975,
  "7 ιουνίου": 1780813092.839985,
  "ντόναλντ τραμπ": 1780813095.697943,
  "ποιοσ γιορτάζει σήμερα": 1780825328.6265397,
  "θύρα 13": 1780825331.604497,
  "cretalive": 1780825334.5789337,
  "πληθωρισμόσ": 1780831656.3144789,
  "ζουγκλα": 1780831659.1980948,
  "ενικοσ": 1780831661.1608162,
  "σεισμοσ τωρα": 1780831664.0367415,
  "earthquake": 1780831666.9446805,
  "earthquake now": 1780831670.4782186,
  "f1 tv": 1780837353.1556544,
  "συνταξιοδότηση": 1780837356.1016564,
  "ant1": 1780837359.610122,
  "λάκησ γαβαλάσ": 1780837363.2051976,
  "παγκόσμιο κύπελλο ποδοσφαίρου 2026": 1780837366.3819609,
  "μαθητήσ": 1780837368.4626446,
  "πρώτο θέμα": 1780837371.5063915,
  "formula 1": 1780844273.2314103,
  "ελλαδα ιταλια": 1780844276.43724,
  "zverev": 1780844279.615543,
  "roland garros": 1780844282.7920861,
  "χωρισμόσ": 1780844285.7488952,
  "γιώργοσ λιάγκασ": 1780849091.8812728,
  "kim kardashian": 1780849094.8343608,
  "προπονητήσ": 1780849097.945742,
  "hadjar": 1780849100.7666676,
  "kimi antonelli": 1780849103.480212,
  "βλαδίμηροσ κυριακίδησ": 1780849106.276019,
  "antonelli": 1780849109.0290062
}