{
  "δαλαμαγκασ": 1781306344.0742352,
  "ελένη βουλγαράκη": 1781306346.3040035,
  "ηπα παραγουαη": 1781314514.4253082,
  "γκουίνεθ πάλτροου": 1781330455.5889378,
  "13 ιουνίου": 1781330457.689926,
  "wetter": 1781330459.8599327,
  "πανσέληνοσ": 1781330461.992646,
  "πρίγκιπασ": 1781330464.1058993,
  "ιράν": 1781330466.5603678,
  "άλεκ πίτερσ": 1781330468.7449012,
  "usa paraguay": 1781330470.7383816,
  "india vs afghanistan": 1781343084.114421,
  "στοιχημα": 1781343086.0548694,
  "αγνοούμενοσ": 1781350194.3139896,
  "γραμμή 3": 1781350197.226238,
  "hyatt": 1781350199.633262,
  "καρχαρίασ γκόμπλιν": 1781350201.7248445,
  "παγκόσμιο κύπελλο ποδοσφαίρου": 1781350203.979368,
  "afghanistan vs india": 1781356032.9280224,
  "σύνταξη": 1781356035.2100646,
  "βέρα γουάνγκ": 1781356037.289527,
  "κυκλάδεσ": 1781356039.378837,
  "olympiacos vs panathinaikos": 1781363168.2900226,
  "ert2": 1781363170.3634605,
  "νάιτζελ χέισ-ντέιβισ": 1781363173.3888674,
  "ναταλία γερμανού": 1781363175.8993952,
  "ενοικίου": 1781363178.1898987,
  "ολυμπιακόσ παναθηναϊκόσ μπασκετ": 1781363180.2276099,
  "άγιοσ έρωτασ": 1781363182.9931657,
  "afghanistan national cricket team vs india national cricket team match scorecard": 1781363185.0969112,
  "λούνα παρκ": 1781368896.4370284,
  "αποελ": 1781368898.8540409,
  "φουρνιε": 1781368901.3727038,
  "τολιοπουλοσ": 1781368903.582969,
  "ερα σπορ": 1781368906.1606295,
  "αυγούστου": 1781368908.229812,
  "flashscore": 1781368910.6833491,
  "tj shorts": 1781368913.0507073,
  "ολυμπιακοσ παναθηναικοσ μπασκετ": 1781368915.0894492,
  "cosmote tv": 1781368917.6469743,
  "δαναη μπαρκα": 1781373503.1333954,
  "σδνα": 1781373505.2228897,
  "sdna": 1781373507.7709923,
  "οργανισμόσ προνοιακών επιδομάτων και κοινωνικήσ αλληλεγγύησ": 1781373510.3445055,
  "μπαρτζωκασ": 1781373512.743302,
  "ιταλία": 1781373515.0750506,
  "οικονομία": 1781373517.1735692,
  "sofascore": 1781373519.7285428,
  "κέντρικ ναν": 1781373522.3863823,
  "fournier": 1781373525.3340585,
  "καταρ": 1781379604.244778,
  "εξάρχεια": 1781379606.678607,
  "πετράλωνα": 1781379608.8498788,
  "qatar vs switzerland": 1781379610.8611896,
  "γιώργοσ μπαρτζώκασ": 1781379613.0568514,
  "δημοπρασία": 1781379615.2811265,
  "sportfm": 1781379617.707783,
  "βραζιλια μαροκο": 1781383909.880219,
  "ελβετια καταρ": 1781383912.3189542,
  "κλοπή": 1781383915.2289076,
  "μητροπολίτησ": 1781383917.159834,
  "brazil fc": 1781387899.8090227,
  "βραζιλία εναντίον μαρόκο": 1781387901.6232796,
  "brazil vs morocco": 1781387903.8592339,
  "καταρ ελβετια": 1781387906.2363613,
  "mundial": 1781392071.4251332,
  "hakimi": 1781392073.6206927,
  "ert1": 1781392075.967297,
  "ρεκόρ": 1781392078.1706202,
  "neymar": 1781392080.460099,
  "qatar switzerland": 1781392082.7352335
}