{
  "κατάθεση": 1784359208.1630843,
  "joel roca": 1784365351.3529196,
  "απόστολοσ γκλέτσοσ": 1784365354.0834103,
  "documento": 1784365356.835616,
  "μοτοσικλετιστήσ": 1784377930.1852756,
  "χρήμα": 1784377932.1983833,
  "επισκοπη ευβοιασ": 1784377935.0661244,
  "εσπα παιδικοι σταθμοι": 1784377937.353508,
  "πτώμα": 1784383392.0209599,
  "τάκησ φύσσασ": 1784383393.90308,
  "aek": 1784383395.9899573,
  "openai": 1784383398.7190099,
  "θεσσαλονίκη": 1784383400.6347513,
  "φωτια ευβοια": 1784383402.6739297,
  "μάντσεστερ γιουνάιτεντ εναντίον ρέξαμ": 1784387303.3015823,
  "man united vs wrexham": 1784387305.344155,
  "τσιτσιπασ": 1784387308.0508144,
  "ολυμπιακοσ αγιαξ": 1784387310.6086094,
  "ελληνική αστυνομία": 1784387313.4582608,
  "αεκ": 1784387316.2040632,
  "κρίστοφερ νόλαν": 1784387318.3834512,
  "ηράκλειο": 1784390865.5604603,
  "έκπτωση φόρου": 1784390868.275323,
  "νοτσ κάουντι εναντίον φόρεστ": 1784390870.9713888,
  "πυροσβέστησ": 1784390873.4092925,
  "ίλιον": 1784394596.0754347,
  "πένθοσ": 1784394598.396668,
  "σακκαρη": 1784394601.013295,
  "τσεντί οσμάν": 1784394603.120773,
  "γαλλια αγγλια": 1784394605.257706,
  "χρηματιστήριο αθηνών": 1784394607.4324822,
  "αγιαξ ολυμπιακοσ": 1784394609.6605206,
  "maria sakkari": 1784397943.5383754,
  "φόρμουλα 1": 1784397946.3172882,
  "ροτ-βάισ όμπερχαουζεν εναντίον ντόρτμουντ": 1784397948.4051414,
  "france angleterre": 1784402380.2258716,
  "ημιτελικοσ μουντιαλ 2026": 1784402382.420828,
  "morgan rogers": 1784402385.1506832,
  "england france": 1784402387.0404353,
  "βόλοσ": 1784402389.6236877,
  "argentina vs spain": 1784405352.9269195,
  "αργεντινή ισπανία": 1784405355.7108057,
  "england v france": 1784405357.7597542,
  "france vs england": 1784405359.7972934,
  "france – angleterre": 1784408596.9497488,
  "frankreich – england": 1784408598.7995727,
  "γαλλία εναντίον αγγλία": 1784408600.638629,
  "σούπερ μάρκετ": 1784408603.3482318,
  "πηνελόπη αναστασοπούλου": 1784408605.900273,
  "ert": 1784412104.2972913,
  "francia inghilterra": 1784412106.350335,
  "francja – anglia": 1784412108.4249923,
  "england frankreich": 1784412110.8391404,
  "μαρκ κουκουρέγια": 1784412113.5912266,
  "olise": 1784415831.460595,
  "mbappe": 1784415834.073446,
  "england fc": 1784415836.2693255,
  "spain vs argentina": 1784415838.9679558,
  "wm": 1784415841.7201104,
  "daily mail": 1784419419.7127104,
  "λαχειο": 1784419421.5609725,
  "fifa": 1784419424.1131797,
  "γιαννούλησ λαρεντζάκησ": 1784419426.6183312,
  "airbnb": 1784432722.327863,
  "bet 365": 1784432725.0582106,
  "google": 1784432727.667691,
  "στοίχημα κουπόνι": 1784432729.580491,
  "λαικο λαχειο": 1784432731.481037,
  "κιλιάν μπαπέ": 1784432734.073012,
  "kylian mbappé": 1784432735.9874866,
  "proto thema": 1784441815.8713458,
  "γκαζετα": 1784441820.5771077,
  "ανοιχτα μαγαζια κυριακη σουπερ μαρκετ": 1784441823.1718328,
  "19 ιουλίου": 1784441825.012635,
  "wetter": 1784441827.444199,
  "πληθωρισμόσ": 1784441830.2211857,
  "περιφερειακόσ θεσσαλονίκησ": 1784441832.838982,
  "bbc news": 1784441834.8157678,
  "franta anglia": 1784441836.7537348,
  "δήμοσ": 1784441838.8108227
}