{
  "αλιφερη": 1777749327.113725,
  "νικ καλάθησ": 1777749329.5091295,
  "fenerbahçe": 1777749332.45465,
  "the suicide squad": 1777749334.6526222,
  "τροφική δηλητηρίαση": 1777749337.0121682,
  "συμμορία": 1777749339.3540165,
  "κομο ναπολι": 1777749341.8769834,
  "ryanair": 1777752011.481217,
  "πανσεληνοσ μαΐου 2026": 1777752015.172496,
  "süper lig": 1777752017.7757561,
  "αλαβέσ εναντίον αθλέτικ μπιλμπάο": 1777752020.5278826,
  "ηλιασ γκοτσησ": 1777752022.9796655,
  "κωνσταντίνοσ μαυροπάνοσ": 1777755150.5321608,
  "barcelona": 1777755152.3826113,
  "κόμο εναντίον νάπολι": 1777755155.1063764,
  "τελικόσ": 1777755157.4948444,
  "βουγιουκλακη": 1777755159.329654,
  "formula 1": 1777757680.1240559,
  "osasuna vs barcelona": 1777757681.9789512,
  "μπαρτσελόνα": 1777757684.4056518,
  "devil wears prada 2": 1777759800.133682,
  "φκ μπαρτσελόνα": 1777759801.988467,
  "οσασούνα εναντίον μπαρτσελόνα": 1777762937.4316194,
  "μπράιτον εντ χόουβ άλμπιον": 1777762940.572789,
  "3 μαΐου": 1777787240.2889366,
  "γιορτή τησ μητέρασ": 1777787242.5448053,
  "τουρισμόσ για όλουσ": 1777787244.9212923,
  "weather": 1777787247.4783137,
  "κακοκαιρία": 1777787249.705827,
  "αθήνα": 1777787252.1032794,
  "καλλιάνοσ": 1777787255.292364,
  "phishing": 1777787258.0057166,
  "σταθησ γαβακησ": 1777793603.859293,
  "nba playoffs": 1777793606.5214362,
  "ίντερ μαϊάμι εναντίον ορλάντο σίτι": 1777793608.8916898,
  "έκπτωση φόρου": 1777793611.4247646,
  "μη επανδρωμένο αεροσκάφοσ": 1777793613.7385213,
  "φόρμουλα 1": 1777793616.1310375,
  "wetter": 1777793618.528741,
  "μπρούνο τσερέλα": 1777799213.7585394,
  "γιορτη τησ μητερασ": 1777799216.9691188,
  "πανελλήνιεσ εξετάσεισ": 1777803268.8290536,
  "κοινωνικοσ τουρισμοσ 2026 2027": 1777803271.2337868,
  "easyjet": 1777803273.1580598,
  "σταμάτησ φασουλήσ": 1777803275.5359285,
  "srh vs kkr": 1777806521.4387321,
  "παο αεκ": 1777806523.882745,
  "κιθαιρώνασ": 1777806527.2409205,
  "το βήμα": 1777806529.2247844,
  "βρετανόσ πιλότοσ": 1777806531.6688626,
  "νίκοσ κοκλώνησ": 1777806533.9512765,
  "shakira": 1777809396.6603746,
  "παναθηναικοσ αεκ": 1777809399.0952911,
  "αφροδίτη γραμμέλη": 1777813535.166076,
  "κίναν έβανσ": 1777813537.722924,
  "τάσοσ μπουγάσ": 1777813540.2822704,
  "windows 11": 1777813543.7134023,
  "σία κοσιώνη": 1777817653.786786,
  "οφη αρησ": 1777817656.2234874,
  "έφη θώδη": 1777817658.1267924,
  "man united vs liverpool": 1777820868.0888712,
  "λεβαδειακοσ": 1777820870.8861146,
  "γ εθνικη": 1777820873.3360705,
  "psl": 1777820875.3456407,
  "pbks vs gt": 1777820878.0079155,
  "ταξί": 1777820880.534428,
  "παοκ ολυμπιακοσ": 1777820882.9509919,
  "λαζοπουλοσ": 1777823933.7613113,
  "στέργιοσ μπουσβάροσ": 1777823936.8351166,
  "λιβερπουλ": 1777823939.2407944,
  "τζένη μπαλατσινού": 1777823941.764912,
  "μιλαν": 1777823945.8262084,
  "ασφαλιστικά μέτρα": 1777823949.416214,
  "εξετάσεισ": 1777823954.7106183,
  "ρένοσ χαραλαμπίδησ": 1777823957.1484022,
  "manchester united": 1777823959.1256745,
  "super league greece": 1777827382.1670372,
  "f1 tv": 1777827384.1216547,
  "παοκ": 1777827387.642159,
  "πρωτάθλημα ελλάδασ": 1777827390.680883,
  "cosmote tv": 1777827395.1458895,
  "σακιρα": 1777827398.1635013,
  "olympiacos": 1777827401.748715,
  "μπάσκετ μανρέσα": 1777827405.7654753,
  "sinner": 1777827409.104903,
  "σερενα γουιλιαμσ": 1777830210.4071567,
  "serena williams": 1777830213.0141351,
  "grand slam": 1777830215.4647698,
  "τάιλερ ντόρσεϊ": 1777830217.9744349,
  "βίκυ χατζηβασιλείου": 1777830223.0192094,
  "f1 live": 1777830226.0904443,
  "βασίλησ τολιόπουλοσ": 1777830229.1759293,
  "manchester united f.c. vs liverpool f.c. standings": 1777830230.99019,
  "χετάφε εναντίον ράγιο βαγιεκάνο": 1777830232.9786582,
  "παοκ σημερα": 1777830235.338616,
  "γιουβεντουσ": 1777833416.6601882,
  "παο": 1777833419.0025163,
  "μάντσεστερ γιουνάιτεντ εναντίον λίβερπουλ": 1777833422.27822,
  "ryan gosling": 1777833426.2304409,
  "σούπερ λιγκ": 1777833428.7669668,
  "βαθμολογια super league": 1777833431.3795402,
  "juventus": 1777833433.8397686,
  "βαθμολογία superleague": 1777833436.4292316
}