{
  "σερενα γουιλιαμσ": 1777830210.4071567,
  "serena williams": 1777830213.0141351,
  "grand slam": 1777830215.4647698,
  "τάιλερ ντόρσεϊ": 1777830217.9744349,
  "βίκυ χατζηβασιλείου": 1777830223.0192094,
  "f1 live": 1777830226.0904443,
  "βασίλησ τολιόπουλοσ": 1777830229.1759293,
  "manchester united f.c. vs liverpool f.c. standings": 1777830230.99019,
  "χετάφε εναντίον ράγιο βαγιεκάνο": 1777830232.9786582,
  "παοκ σημερα": 1777830235.338616,
  "γιουβεντουσ": 1777833416.6601882,
  "παο": 1777833419.0025163,
  "μάντσεστερ γιουνάιτεντ εναντίον λίβερπουλ": 1777833422.27822,
  "ryan gosling": 1777833426.2304409,
  "σούπερ λιγκ": 1777833428.7669668,
  "βαθμολογια super league": 1777833431.3795402,
  "juventus": 1777833433.8397686,
  "βαθμολογία superleague": 1777833436.4292316,
  "νάιτζελ χέισ-ντέιβισ": 1777837132.6309907,
  "sam smith": 1777837135.5451941,
  "μπέτισ εναντίον οβιέδο": 1777837137.4670923,
  "f1 standings": 1777837140.4724615,
  "τοτεναμ": 1777837143.0388803,
  "λιζη καλλιγα": 1777837145.450104,
  "αντώνησ αντωνιάδησ": 1777837148.5817454,
  "αεκ σημερα": 1777837152.5003877,
  "σπορτ 24": 1777837155.0941536,
  "madonna": 1777837158.3048522,
  "real madrid": 1777839791.7056732,
  "βασίλησ παπακωνσταντίνου": 1777839794.826471,
  "al nassr": 1777839796.8177052,
  "hantavirus": 1777839799.2609499,
  "marilyn manson": 1777839801.6508741,
  "κληρωση τζοκερ": 1777839804.3388057,
  "γιουβέντουσ εναντίον βερόνα": 1777839806.3351567,
  "ρεαλ": 1777842499.0758224,
  "inter": 1777842501.341486,
  "κατερίνα παπουτσάκη": 1777842504.3042672,
  "bruno mars": 1777842506.6117053,
  "κρίση": 1777842508.4351232,
  "το τελευταιο νησι": 1777842511.4525847,
  "εσπανιόλ βαρκελώνησ εναντίον ρεάλ μαδρίτησ": 1777845466.6533477,
  "ιντερ": 1777845469.2816248,
  "παπουτσακη": 1777845471.7830575,
  "μαριλου κατσαφαδου": 1777845474.3047702,
  "panathinaikos f.c. vs aek athens f.c. standings": 1777845476.6217377,
  "espanyol vs real madrid": 1777848174.9945211,
  "σκαι": 1777867904.1924536,
  "μυρτώ αλικάκη": 1777867906.6897485,
  "google": 1777867908.548571,
  "shell": 1777867910.8164196,
  "μαρόκο": 1777867913.2035878,
  "your face sounds familiar παικτεσ 2026": 1777867915.521812,
  "μαιοσ": 1777879597.0965416,
  "alpha": 1777879599.903381,
  "κοινωνικοσ τουρισμοσ για συνταξιουχουσ": 1777879603.162611,
  "σελήνη": 1777879606.668949,
  "αριθμοι τζοκερ": 1777879609.0162966,
  "καιροσ σημερα": 1777879610.8279727,
  "eidhseis": 1777879613.100954,
  "4 μαΐου": 1777879615.4559748,
  "αγιου πνευματοσ 2026": 1777879618.104052,
  "boeing": 1777887331.3503277,
  "γιώργοσ θεοφάνουσ": 1777887337.3996792,
  "allianz": 1777887339.2599163,
  "χανταϊόσ": 1777887341.6188915,
  "metropolis": 1777887344.87249,
  "λένα φλυτζάνη": 1777893874.1807954,
  "φράγμα": 1777893878.47949,
  "πρωτοδικείο αθηνών": 1777893881.1106331,
  "απεργία": 1777893884.5110269,
  "cameron diaz": 1777899886.9969018,
  "κουπόνι": 1777899889.5944154,
  "σταματίνα τσιμτσιλή": 1777899894.8286965,
  "δικαστήριο": 1777899902.015432,
  "υπουργείο τουρισμού τησ ελλάδασ": 1777899904.902703,
  "ολίβια γουάιλντ": 1777899909.126635,
  "lsg vs mi": 1777907823.687315,
  "chelsea": 1777907826.5493054,
  "έφεση": 1777907829.332308,
  "windows 11": 1777907831.8534489,
  "αμερικανικό πολεμικό πλοίο": 1777907834.4308627,
  "hyundai": 1777907840.1838953,
  "πείραμα": 1777907843.2831278,
  "φιλιππίνεσ": 1777907846.4604204,
  "λειψια": 1777914187.4664776,
  "εβάν φουρνιέ": 1777914193.7786129,
  "πρώτο θέμα": 1777914196.162354,
  "εκπαιδευτικών": 1777914198.4838977,
  "βασίλησ παλαιοκώστασ": 1777914200.963425,
  "gta 6": 1777914203.2002935,
  "τσελσι": 1777914208.6594727
}