{
  "φωτια περαια": 1782142554.7794907,
  "ευρωπαϊκό ένταλμα σύλληψησ": 1782142557.1949532,
  "άρια καλύβα": 1782142559.4599257,
  "ποτε πληρωνονται οι συνταξεισ ιουλιου 2026": 1782142561.7118528,
  "σούπερ μάρκετ": 1782142563.714955,
  "πλοίο": 1782142566.4318464,
  "φορολογία": 1782142568.729967,
  "υπουργείο": 1782142570.7490706,
  "αντώνησ σρόιτερ": 1782142573.1463943,
  "φωτια σπατα": 1782142575.6155264,
  "steam machine": 1782154655.524949,
  "alaba": 1782154657.8889492,
  "shakira": 1782154660.3063757,
  "messi age": 1782154662.5597415,
  "δυτική ευρώπη": 1782154664.9000762,
  "hyundai": 1782154667.2533832,
  "ronaldo": 1782154669.260973,
  "καίτη γαρμπή": 1782154671.6976478,
  "διακοπή ρεύματοσ": 1782154673.9732804,
  "εθνική ομάδα ποδοσφαίρου ανδρών του ιράν": 1782163889.6377287,
  "λίβανοσ": 1782163891.993567,
  "εμπαπε": 1782163894.2580137,
  "μάριοσ αθανασίου": 1782163896.7437665,
  "εμμανουήλ καραλήσ": 1782163898.937875,
  "france irak": 1782163901.3390794,
  "γαλλία εναντίον ιράκ": 1782163904.3254638,
  "ερτnews": 1782163906.7647839,
  "μαρκέτα βοντρούσοβα": 1782163909.0533733,
  "φωτιά": 1782163911.3101578,
  "γη τησ ελιασ": 1782169498.2660563,
  "σκάνδαλο": 1782169500.0901964,
  "ναταλία δραγούμη": 1782169502.3008175,
  "france vs iraq": 1782169504.1264298,
  "obsession 2026": 1782173853.8233707,
  "house of the dragon": 1782173856.0293248,
  "γερμανία": 1782189156.251016,
  "σεισμοσ τωρα": 1782189158.6688263,
  "23 ιουνίου": 1782189160.8710337,
  "αεκ": 1782189163.2465568,
  "ανεξάρτητη αρχή δημοσίων εσόδων": 1782189165.5410233,
  "αγώνεσ μουντιάλ": 1782189167.9728742,
  "norway vs senegal": 1782189170.7736304,
  "νορβηγια σενεγαλη": 1782189172.9285462,
  "giannis antetokounmpo": 1782189175.1329176,
  "μπαμ αντεμπάγιο": 1782202000.6747437,
  "γιόνασ βαλαντσιούνασ": 1782202002.9305031,
  "μπρούνο τσερέλα": 1782202005.1536233,
  "ανδρεασ παπανδρεου": 1782202007.6793497,
  "πάροσ": 1782202010.1500762,
  "πύργοσ": 1782202012.6044946,
  "απεργια 24 ιουνιου 2026": 1782202014.8770201,
  "προσγείωση": 1782202017.1319592,
  "jordan vs algeria": 1782202019.24702,
  "miami heat": 1782202021.5187619,
  "στέγαση": 1782214076.6619873,
  "βενζίνη": 1782214078.8728044,
  "βλαντίμιρ πούτιν": 1782214080.6905348,
  "γιάννησ αντετοκούνμπο": 1782214082.9091375
}