{
  "flashscore": 1779464322.0340843,
  "οσφπ φενερ": 1779464324.057764,
  "olympiakos": 1779464326.627865,
  "bet365": 1779464328.6912258,
  "de colo": 1779464331.4014242,
  "που δειχνει το final four": 1779464333.762712,
  "sportfm": 1779464335.7787008,
  "οσφπ μπασκετ": 1779464338.008982,
  "horton tucker": 1779464340.285312,
  "μπαρτζωκασ": 1779464342.491561,
  "f1": 1779470794.987179,
  "real madrid bc": 1779470797.1217058,
  "φουρνιε": 1779470799.5477524,
  "fournier": 1779470801.4228277,
  "olympiacos basketball": 1779470803.8526435,
  "βεζενκοφ": 1779470806.2199907,
  "σαββατοκύριακο": 1779470808.441764,
  "βαλενθια ρεαλ": 1779470810.9029589,
  "sengun": 1779470813.0061042,
  "τουρισμοσ για ολουσ 2026": 1779470815.157165,
  "real madrid valencia": 1779477113.114285,
  "γιουλ": 1779477115.361789,
  "τατιάνα στεφανίδου": 1779477117.479506,
  "valencia": 1779477119.6495667,
  "φιορεντίνα εναντίον αταλάντα": 1779477122.0413857,
  "παρθενώνασ": 1779477124.9934707,
  "σαρπ αταμάν": 1779477127.0057127,
  "valencia basket vs real madrid": 1779477129.2283704,
  "الطقس غدًا": 1779477131.595839,
  "marlon": 1779477134.0158885,
  "john wick": 1779482958.6602857,
  "παναθηναϊκόσ": 1779482960.9055574,
  "garuba": 1779482963.107593,
  "ευλαμπία ρέβη": 1779482965.23199,
  "λανσ νισ": 1779482967.68572,
  "hezonja": 1779482969.77818,
  "ιμπραήμ κουτλουάι": 1779482971.8571439,
  "real bc": 1779482973.9305787,
  "σομμερ": 1779486710.6894507,
  "γκαρουμπα": 1779486713.0165133,
  "lens": 1779490336.9472022,
  "λανσ": 1779490338.7792158,
  "spurs vs thunder": 1779509080.801071,
  "agones": 1779509083.1174488,
  "ενικοσ": 1779509085.1382177,
  "γωγώ μαστροκώστα": 1779509087.36172,
  "γιώργοσ αλκαίοσ": 1779509089.8649468,
  "σέρχιο γιουλ": 1779518515.913495,
  "23 μαΐου": 1779518518.258761,
  "ημερομηνία": 1779518520.5328894,
  "πάτρα": 1779518522.7877538,
  "windy": 1779518525.1215167,
  "31 μαΐου": 1779518527.646971,
  "καιροσ αθηνα": 1779526454.8230603,
  "νέα ιωνία": 1779526457.175048,
  "μικρολιμανο": 1779526459.572467,
  "τεχνητή νοημοσύνη": 1779526462.247404,
  "σέρτζιο σκαριόλο": 1779526464.6927874,
  "ευρωπαϊκή εισαγγελία": 1779526466.7347593,
  "κύπροσ": 1779531811.961644,
  "iron maiden athens": 1779531814.1224082,
  "τηλεόραση": 1779536426.3988352,
  "ολυμπιακό στάδιο αθηνών": 1779540248.2687106,
  "μάργκοτ ρόμπι": 1779540250.7248626,
  "κρήτη": 1779540253.4053109,
  "μόνιμεσ θέσεισ εργασίασ": 1779540255.6415153,
  "lsg vs pbks": 1779545857.6931129,
  "εθνικό θέατρο": 1779545859.7087762,
  "βασίλησ σπανούλησ": 1779545861.7510295,
  "cnn": 1779545863.9806612,
  "αλίκη βουγιουκλάκη": 1779545866.238295,
  "kylie minogue": 1779545868.4965785,
  "α21": 1779545870.3578615,
  "τεντογλου": 1779545872.4504726
}