{
  "games": 1780248714.2558668,
  "νεοελληνικη γλωσσα": 1780248716.9091144,
  "bbc news": 1780248719.650884,
  "καθημερινη": 1780248721.5801408,
  "αγιου πνευματοσ 2026": 1780257395.1132398,
  "dua lipa": 1780257396.9295962,
  "τζενη μπαλατσινου": 1780257399.359044,
  "λαϊκό λαχείο": 1780257401.7165527,
  "world cup 2026": 1780257404.2374911,
  "μπαλατσινου": 1780261022.6388464,
  "πανσεληνοσ μαιου 2026": 1780261024.8845105,
  "blue moon": 1780264709.959726,
  "french open 2026": 1780264712.382664,
  "οι αθωοι": 1780291083.4530623,
  "gossip": 1780291085.9637187,
  "εθνικη": 1780310006.1535795,
  "ieidiseis": 1780310008.8876603,
  "enikos": 1780310011.6304812,
  "deutschland finnland": 1780310014.4625728,
  "cretalive": 1780310016.9184797,
  "ποσειδωνια 2026": 1780310019.328813,
  "εθνικη τραπεζα": 1780331129.9541566,
  "μαριοσ οικονομου": 1780331132.2641993,
  "newsbomb": 1780331134.8905756,
  "callum turner": 1780331137.3688993
}