{
  "σαρούνασ γιασικεβίτσιουσ": 1779403993.4798462,
  "kyle busch": 1779407767.3032792,
  "cristiano ronaldo": 1779407769.8845892,
  "καιρόσ αθήνα": 1779418560.4602456,
  "το σοι σου": 1779418563.2225869,
  "bet 365": 1779418565.8011885,
  "efka": 1779432414.676776,
  "έλενα τσαγκρινού": 1779432416.9520535,
  "22 μαΐου": 1779432419.2372057,
  "knicks vs cavaliers": 1779432421.2619925,
  "weather": 1779432427.1402767,
  "αγγλία": 1779432429.5723288,
  "ομέρ γιουρτσέβεν": 1779432431.8186831,
  "αστυνομικό τμήμα": 1779444116.4286697,
  "μήνυση": 1779444118.307978,
  "peugeot": 1779444120.2132008,
  "επιδομα θερμανσησ": 1779444122.3975027,
  "φάρμακο": 1779444124.5453634,
  "hellenic train": 1779444126.6880772,
  "κυριάκοσ μητσοτάκησ": 1779453122.2714765,
  "γιώργοσ καπουτζίδησ": 1779453124.6687953,
  "εκαβ": 1779453126.6971693,
  "πενέλοπε κρουζ": 1779453128.8516457,
  "οικογένεια": 1779453130.701356,
  "χρήμα": 1779453132.916076,
  "νικοσ μαστορασ": 1779453134.9830966,
  "flashscore": 1779464322.0340843,
  "οσφπ φενερ": 1779464324.057764,
  "olympiakos": 1779464326.627865,
  "bet365": 1779464328.6912258,
  "de colo": 1779464331.4014242,
  "που δειχνει το final four": 1779464333.762712,
  "sportfm": 1779464335.7787008,
  "οσφπ μπασκετ": 1779464338.008982,
  "horton tucker": 1779464340.285312,
  "μπαρτζωκασ": 1779464342.491561,
  "f1": 1779470794.987179,
  "real madrid bc": 1779470797.1217058,
  "φουρνιε": 1779470799.5477524,
  "fournier": 1779470801.4228277,
  "olympiacos basketball": 1779470803.8526435,
  "βεζενκοφ": 1779470806.2199907,
  "σαββατοκύριακο": 1779470808.441764,
  "βαλενθια ρεαλ": 1779470810.9029589,
  "sengun": 1779470813.0061042,
  "τουρισμοσ για ολουσ 2026": 1779470815.157165,
  "real madrid valencia": 1779477113.114285,
  "γιουλ": 1779477115.361789,
  "τατιάνα στεφανίδου": 1779477117.479506,
  "valencia": 1779477119.6495667,
  "φιορεντίνα εναντίον αταλάντα": 1779477122.0413857,
  "παρθενώνασ": 1779477124.9934707,
  "σαρπ αταμάν": 1779477127.0057127,
  "valencia basket vs real madrid": 1779477129.2283704,
  "الطقس غدًا": 1779477131.595839,
  "marlon": 1779477134.0158885,
  "john wick": 1779482958.6602857,
  "παναθηναϊκόσ": 1779482960.9055574,
  "garuba": 1779482963.107593,
  "ευλαμπία ρέβη": 1779482965.23199,
  "λανσ νισ": 1779482967.68572,
  "hezonja": 1779482969.77818,
  "ιμπραήμ κουτλουάι": 1779482971.8571439,
  "real bc": 1779482973.9305787,
  "σομμερ": 1779486710.6894507,
  "γκαρουμπα": 1779486713.0165133
}