{
  "τελικόσ": 1784284831.7822435,
  "σεισμοσ": 1784284834.503116,
  "σεισμόσ τώρα": 1784284837.054925,
  "ομάν": 1784284839.6208007,
  "φορολογία": 1784284841.7968874,
  "newsbeast": 1784284844.4140913,
  "οπεκεπε": 1784289484.910325,
  "bangladesh vs zimbabwe": 1784289487.6961648,
  "μολδαβία": 1784289490.4961903,
  "god of war": 1784289493.2486017,
  "συντάξεισ αυγούστου": 1784295607.9843147,
  "πολιτική": 1784295610.2746742,
  "μάρκο ρούμπιο": 1784295612.5273366,
  "οδύσσεια ταινία": 1784295615.0165203,
  "trish christakis": 1784295617.6351695,
  "αθλητισμόσ": 1784295619.7255945,
  "εεταα": 1784295622.5539486,
  "νοσοκομείο": 1784295624.9251938,
  "κρυπτονόμισμα": 1784300454.4686918,
  "κωνσταντίνα σπυροπούλου": 1784300456.711183,
  "χαλ": 1784300459.0038397,
  "λεωφορείο": 1784300461.0779705,
  "κρήτη": 1784300463.2808676,
  "σάκησ αρναούτογλου": 1784300465.685844,
  "παραλία": 1784300468.1646228,
  "olympiacos vs fortuna sittard": 1784305360.8305511,
  "τζόναθαν μότλεϊ": 1784305363.4831731,
  "argentina banned from world cup": 1784305365.3904722,
  "van drongelen": 1784305367.8699784,
  "brenda fricker": 1784305369.7378147,
  "ilialive": 1784305372.3174932,
  "στρατιωτική σχολή": 1784305374.4638755,
  "παοκ": 1784305376.351612,
  "γιώργοσ κωνσταντίνου": 1784309725.557683,
  "ολυμπιακόσ": 1784309727.7877564,
  "ναταλία γερμανού": 1784309730.068005,
  "stefanos tsitsipas": 1784309731.950764,
  "μεξικό": 1784309734.659202,
  "sportal.gr": 1784309737.5430384,
  "ιραν": 1784309739.6716752,
  "wetter morgen": 1784313495.9537337,
  "fortuna sittard": 1784313498.6441405,
  "sakkari": 1784313501.3528516,
  "χατζηδιακοσ": 1784313504.9286084,
  "χωροταξία": 1784317407.3320842,
  "πρίγκιπασ": 1784317410.222576,
  "fcsb - argeș pitești": 1784317412.2437446,
  "црвена звезда – мачва": 1784317415.111244,
  "μπενφίκα εναντίον βιγιαρεάλ": 1784317418.0460093,
  "ümraniyespor - galatasaray": 1784317420.1950169,
  "village cinemas": 1784317423.0166574,
  "αλεξάνδρα νίκα": 1784320541.559665,
  "συνταξεισ αυγουστου": 1784320543.4000478,
  "daylight": 1784323627.268223,
  "open tv": 1784326827.05825,
  "οικονομική κρίση": 1784333460.3057954,
  "ταϊβάν": 1784333462.4687352,
  "λαικο λαχειο": 1784345682.3437319,
  "στοιχημα κουπονι": 1784345684.5012226,
  "marc cucurella": 1784345686.513697,
  "christopher nolan": 1784345688.4919837,
  "ζέλικο ομπράντοβιτσ": 1784353770.1031225,
  "βασεισ 2026": 1784353772.6518404,
  "ανεξάρτητη αρχή δημοσίων εσόδων": 1784353775.2226388,
  "κυκλοφορία": 1784353777.8919706,
  "ζώδιο": 1784353780.0913718,
  "18 ιουλίου": 1784353782.6740296,
  "λοττο": 1784353784.53552,
  "lottozahlen": 1784353786.6094563,
  "κατάθεση": 1784359208.1630843,
  "joel roca": 1784365351.3529196,
  "απόστολοσ γκλέτσοσ": 1784365354.0834103,
  "documento": 1784365356.835616
}