{
  "nba": 1777952912.85113,
  "ζωδια": 1777952915.4990282,
  "σεβίλλη εναντίον ρεάλ σοσιεδάδ": 1777952918.1496866,
  "πρωτάθλημα αγγλίασ": 1777952920.5498455,
  "premier league standings": 1777952922.8370485,
  "εβερτον μαντσεστερ σιτι": 1777952925.1996288,
  "ατμόσφαιρα": 1777961196.9473124,
  "εορτολογιο μαιου 2026": 1777961198.8000727,
  "γιορτη σημερα": 1777961202.0418339,
  "ειδήσεισ": 1777961204.4057593,
  "wetter": 1777961207.1098382,
  "ρόμα εναντίον φιορεντίνα": 1777961209.5892015,
  "τα νέα": 1777961211.4551568,
  "ζωδια σημερα": 1777961213.8937876,
  "heidi klum": 1777969534.2978435,
  "νίκοσ ρογκαβόπουλοσ": 1777969536.827068,
  "bad bunny": 1777969539.687511,
  "στέφανοσ βούροσ": 1777969542.2075455,
  "5 μαΐου": 1777969544.9967988,
  "διαγωνισμόσ": 1777976194.5539787,
  "ενεργειακή κρίση": 1777976197.104752,
  "παγκόσμια οικονομία": 1777976198.96367,
  "έρικ μακκόλουμ": 1777981275.6630068,
  "γαστούνη": 1777981283.5376353,
  "χοσε πικουλιν ορτιθ": 1777985886.5980783,
  "jose piculin ortiz": 1777985889.7948034,
  "τάσοσ ιορδανίδησ": 1777985892.0475647,
  "υπουργείο παιδείασ, θρησκευμάτων και αθλητισμού": 1777985895.8922522,
  "ρεκόρ": 1777985898.4397256,
  "γιορτη τησ μητερασ": 1777985900.7462685,
  "απολυτήριο": 1777985903.8292081,
  "μονακο ολυμπιακοσ": 1778000206.7978568,
  "σέρχιο γιουλ": 1778000210.4908648,
  "δημήτρησ ρέππασ": 1778000214.1412678,
  "ρεάλ μαδρίτησ": 1778000216.592608,
  "metallica athens": 1778000219.2872472,
  "άμμοσ": 1778000221.6521733,
  "dc vs csk": 1778000225.2521348,
  "μαρίνα σταυράκη": 1778000228.1907046,
  "νένα μεντή": 1778000230.7587023,
  "ανεξάρτητη αρχή δημοσίων εσόδων": 1778000232.61917,
  "κοινωνικόσ": 1778004515.5250766,
  "hapoel tel aviv vs real madrid": 1778004518.337132,
  "ιράκ": 1778004523.4027374,
  "olympiacos monaco": 1778010678.9892058,
  "arsenal": 1778010681.4652708,
  "αρσεναλ": 1778010683.895469,
  "final four 2026": 1778010686.394408,
  "παπα τσακαλοσ": 1778010689.4601529,
  "εξαφάνιση": 1778010691.9350746,
  "γραμμη 2": 1778010694.3421264,
  "γερμανία": 1778010696.9390419,
  "γιορτή τησ μητέρασ": 1778010698.9284139,
  "πρωτοδικείο αθηνών": 1778010701.4966078,
  "μπέσσυ αργυράκη": 1778014607.9170115,
  "arsenal atletico": 1778014610.4373565,
  "monaco olympiacos": 1778014612.5009978,
  "πάργα": 1778018400.5155706,
  "diego simeone": 1778018402.819588,
  "δικαιοσύνη": 1778022035.7306345,
  "ανδρομαχη": 1778022038.1874862,
  "ολυμπιακοσ μονακο σκορ": 1778025525.4873307,
  "απεργία": 1778038219.8740847
}