{
  "mega tv live": 1783009079.8707907,
  "κάρπαθοσ": 1783009082.0577788,
  "χοακίν σορόγια": 1783009084.2508974,
  "πολυκατοικία": 1783009086.4726982,
  "ελλαδα μπασκετ": 1783015469.059149,
  "ζωή κωνσταντοπούλου": 1783015471.0321193,
  "νεο καραισκακη": 1783015473.3044448,
  "άρτα": 1783015475.769687,
  "κατερίνα καινούργιου": 1783015477.9794872,
  "μεσσηνία": 1783021548.933021,
  "γουίμπλεντον": 1783021551.1945677,
  "ισπανία εναντίον αυστρία": 1783021553.1553516,
  "lamine yamal": 1783021555.902241,
  "spanien – österreich": 1783021558.128553,
  "cutremur": 1783021560.5516505,
  "spain vs austria": 1783021563.193351,
  "spain fc": 1783025112.430206,
  "τζοκερ": 1783025114.3739507,
  "protothema": 1783025116.9917698,
  "πλοιοκτήτησ": 1783025119.2024362,
  "oyarzabal": 1783025121.1365695,
  "penelope cruz": 1783025123.4763062,
  "οπαδοι παναθηναικου": 1783025125.8424046,
  "ertflix": 1783025128.1340942,
  "αιμοδοσία": 1783029034.8879745,
  "πορτογαλια κροατια": 1783029037.1205482,
  "ψάρι": 1783029039.2472699,
  "portugal vs croatia": 1783033132.8516033,
  "boeing": 1783033135.302099,
  "παοκ": 1783033137.4969957,
  "cucurella": 1783033139.621436,
  "alaba": 1783033141.7744415,
  "portugal fc": 1783037405.2826586,
  "joker": 1783037407.2539344,
  "πορτογαλία εναντίον κροατία": 1783037409.4550989,
  "diogo jota": 1783037411.4184942,
  "switzerland vs algeria": 1783051562.1480668,
  "ευρώπη": 1783051564.259626,
  "fifa world cup 2026™": 1783051566.242058,
  "world cup 2026": 1783051568.6911898,
  "ελβετια αλγερια": 1783051571.008668,
  "mundial": 1783051573.1744547,
  "ερτ": 1783051575.2355578,
  "portugal": 1783051577.3078346,
  "χαλάνδρι": 1783063968.1760006,
  "ινδονησία": 1783063970.4381876,
  "3 ιουλίου": 1783063972.680752,
  "ευάγγελοσ μαρινάκησ": 1783063975.2016346,
  "στατιστικά μουντιάλ": 1783063977.5557578,
  "kairos": 1783063979.8488786,
  "αποτελεσματα ειδικων μαθηματων 2026": 1783073749.5138774,
  "κίεβο": 1783081235.0609443,
  "σταματίνα τσιμτσιλή": 1783081237.3562472,
  "δυπα": 1783081239.3084373,
  "3 ιουλιου γιορτη": 1783081241.254254,
  "καιροσ θεσσαλονικη": 1783081243.4547863,
  "ελ νίνιο": 1783089534.190619,
  "θανάσησ αντετοκούνμπο": 1783089536.3537586,
  "νίκοσ χατζηνικολάου": 1783089538.5113935,
  "αντιρατσιστικό φεστιβάλ 2026": 1783089540.7549388,
  "καιροσ δραμα": 1783089542.9474285,
  "ρισόν χολμσ": 1783089545.1439958,
  "στατιστικα ειδικων μαθηματων 2026": 1783089547.292012,
  "θανοσ ντοκοσ": 1783089549.722227,
  "διεθνήσ έκθεση θεσσαλονίκησ": 1783089551.538961,
  "πυροσβέστησ": 1783095075.6157596,
  "νορμανδία": 1783095077.8995667,
  "ζέλικο ομπράντοβιτσ": 1783095080.1252406,
  "σπαθοβούνι": 1783095082.2923894,
  "documento": 1783095084.755029
}