{
  "διαγωνισμόσ τραγουδιού eurovision 2026": 1778847800.4894593,
  "αναδρομικα": 1778847803.3102784,
  "πολωνία": 1778847805.2369978,
  "csk vs lsg": 1778856288.0743155,
  "θεσσαλονίκη": 1778856290.7707167,
  "ελαιόλαδο": 1778856293.3706775,
  "ηνωμένεσ πολιτείεσ": 1778856296.4560728,
  "ευαγγελατοσ": 1778856299.0113356,
  "πολύτιμα μέταλλα": 1778856301.454087,
  "παοκ αρησ κ19": 1778862755.1908226,
  "αμαλία κωστοπούλου": 1778862757.4611936,
  "φρίντριχ μερτσ": 1778862759.9203503,
  "panathinaikos vs mykonos": 1778862762.232182,
  "δημόσια υπηρεσία απασχόλησησ": 1778862764.0871727,
  "chios pass kithira pass": 1778862766.3373287,
  "μητροπολίτησ θεσσαλονίκησ φιλόθεοσ": 1778862768.8788953,
  "κοινοβούλιο": 1778862770.746683,
  "νοσοκομείο": 1778862772.971123,
  "ανεξάρτητη αρχή δημοσίων εσόδων": 1778862774.7979274,
  "καλλίπολη": 1778868592.1372502,
  "ολυμπιακόσ σφπ": 1778868594.674113,
  "λεξ": 1778868597.169872,
  "ζωδια": 1778868599.6838968,
  "euroleague final four": 1778868602.128431,
  "euroleague final four tickets": 1778868604.7318213,
  "παναθηναικοσ μυκονοσ": 1778868607.3363528,
  "περιστέρι": 1778868609.8401763,
  "μαΐου": 1778874764.5520084,
  "άννα μαρία τησ ελλάδοσ": 1778874767.1282213,
  "jannik sinner": 1778874769.685112,
  "aston villa vs liverpool": 1778874772.1888404,
  "άστον βίλα εναντίον λίβερπουλ": 1778874774.2044497,
  "διαγωνισμόσ τραγουδιού eurovision": 1778874776.6516774,
  "εβάν φουρνιέ": 1778874779.1433504,
  "πειραιάσ": 1778874781.6789606,
  "σύνταγμα": 1778874785.35236,
  "χριστίνα παππά": 1778878511.9023695,
  "patti smith": 1778878514.3600929,
  "twitch": 1778882031.9610794,
  "κεντρική τράπεζα": 1778882034.2991796,
  "sinner": 1778882036.765477,
  "morgan stanley": 1778882039.3031118,
  "weather": 1778906956.1654418,
  "πρίγκιπασ": 1778906958.5196898,
  "swatch x audemars piguet": 1778906960.919844,
  "mensa": 1778906963.3404925,
  "εθνική ομάδα ποδοσφαίρου ανδρών τησ τυνησίασ": 1778915247.8405402,
  "συμμετοχή τησ ελλάδασ στη eurovision": 1778915250.3963974,
  "wetter": 1778915252.2374904,
  "16 μαΐου": 1778915254.6024446,
  "bangladesh vs pakistan": 1778915256.926207,
  "σεργκέι λαβρόφ": 1778915259.315401,
  "πυρηνικό πρόγραμμα του ιράν": 1778915261.6223302,
  "τα νεα": 1778921902.211875,
  "βροχή": 1778926672.4533095,
  "φορολογία": 1778926674.8746567,
  "καλαθησ": 1778926677.1301818,
  "χηρεία": 1778926679.5931375,
  "swatch royal pop": 1778926681.894336,
  "swatch audemars piguet": 1778926684.158273,
  "royal pop": 1778926686.4365578,
  "royal pop swatch": 1778930931.0076735
}