{
  "hapoel tel aviv vs real madrid": 1778181157.4601886,
  "aston villa": 1778181160.1717753,
  "survivor spoiler": 1778181162.9700758,
  "aek bc": 1778181165.8169138,
  "valverde": 1778181168.6558812,
  "bonnie tyler": 1778181171.5067847,
  "φεραρι": 1778181174.935211,
  "εβάν φουρνιέ": 1778181177.7639203,
  "φιτζι": 1778181180.899812,
  "μπόνι τάιλερ": 1778181183.8013854,
  "20 μαΐου": 1778186422.8486936,
  "al nassr": 1778186424.864669,
  "togg": 1778186427.829369,
  "αστον βιλα": 1778186431.013177,
  "δημήτρησ γιαννακόπουλοσ": 1778186434.0536368,
  "μπραγκα": 1778190015.472977,
  "freiburg fc": 1778190017.3529222,
  "κονφερενσ λιγκ": 1778190020.3925734,
  "crystal palace": 1778190023.621964,
  "europa league": 1778190027.7007341,
  "αλεξάνδρα νίκα": 1778190030.7041967,
  "gibbs white injury": 1778190033.4680223,
  "κύπροσ": 1778190036.4600294,
  "σχολείο": 1778190038.3566043,
  "survivor": 1778193899.3765852,
  "unicaja vs aek": 1778193902.3247645,
  "πωληση καε παναθηναικοσ": 1778197015.9832509,
  "τζοκερ 7 5 26": 1778197017.858463,
  "οδηγόσ": 1778214670.303526,
  "γιορτη τησ μητερασ 2026": 1778214672.7788286,
  "weather": 1778214675.1671712,
  "καιροσ σημερα": 1778214677.1769693,
  "σία κοσιώνη": 1778214680.2119496,
  "ζωδια σημερα": 1778214682.522445,
  "στοιχημα": 1778214684.8852708,
  "documento": 1778214687.801441,
  "conference league": 1778214690.7580004,
  "radio": 1778221108.8121648,
  "πάνοσ μουζουράκησ": 1778221111.1015134,
  "8 μαΐου": 1778221113.7632668,
  "e radio": 1778221116.0496678,
  "masterchef αποχωρηση": 1778221118.2721484,
  "lakers": 1778221120.9203725,
  "bangladesh vs pakistan": 1778221123.5353708,
  "λευκάδα": 1778221125.8242924,
  "ραδιο": 1778221128.139745,
  "κοζάνη": 1778227274.1242294,
  "bitcoin": 1778227276.4685962,
  "τεχνητό κώμα": 1778227278.8912828,
  "david attenborough": 1778227281.3685415,
  "metallica": 1778227283.8332105,
  "νοσοκομείο": 1778237949.3134837,
  "δέουσα επιμέλεια": 1778242268.2821167,
  "ημερα τησ μητερασ": 1778242270.9038484,
  "mothers day": 1778242273.921147,
  "πρωτοβάθμια εκπαίδευση": 1778242276.3357153,
  "ελάχιστο εγγυημένο εισόδημα": 1778249903.5890467,
  "αποτελέσματα κοινωνικού τουρισμού": 1778249906.0083609,
  "β εσσο 2026": 1778249909.2789848,
  "αιγινα": 1778255709.9637475,
  "ocean koi": 1778255712.2888684,
  "dc vs kkr": 1778255714.6279233,
  "κυριάκοσ πιερρακάκησ": 1778255717.3083105,
  "bsb": 1778255719.5932562,
  "παναγιώτησ αγγελόπουλοσ": 1778260049.6857708,
  "άννα μαρία βέλλη": 1778260052.0172844,
  "παο βαλενθια μπασκετ": 1778264494.4044726,
  "παναθηναικοσ μπασκετ σημερα": 1778264497.3979878,
  "panathinaikos vs valencia basket": 1778264499.7271032,
  "ζαλγκιρισ φενερ": 1778264502.32822,
  "ολυμπιακόσ σ.φ.π.": 1778264505.41848,
  "ufo": 1778264507.4430826
}