{
  "στέγαση": 1782214076.6619873,
  "βενζίνη": 1782214078.8728044,
  "βλαντίμιρ πούτιν": 1782214080.6905348,
  "γιάννησ αντετοκούνμπο": 1782214082.9091375,
  "portugal vs uzbekistan world cup 2026": 1782223120.7810056,
  "νέα γουινέα": 1782223122.9696796,
  "αγιοσ έρωτασ επεισοδια": 1782223125.3261495,
  "ανδρέασ παπανδρέου": 1782223127.5677402,
  "ευρωπαϊκό δικαστήριο ανθρωπίνων δικαιωμάτων": 1782223129.7325094,
  "cnn": 1782223132.0869603,
  "γιάννησ αμανατίδησ": 1782223133.9328306,
  "αποσπασεισ εκπαιδευτικων 2026 27": 1782223135.7474833,
  "πορτογαλία εναντίον ουζμπεκιστάν": 1782232075.4473674,
  "portugal vs uzbekistan": 1782232077.7211869,
  "πιλότοσ": 1782232080.2061913,
  "μουντιαλ προγραμμα": 1782232082.4119344,
  "google": 1782232084.8380933,
  "κώστασ καζάκασ": 1782232087.156154,
  "ανώτατο συμβούλιο επιλογήσ προσωπικού": 1782232089.2202303,
  "νέα δημοκρατία": 1782232091.6182587,
  "stefanos tsitsipas": 1782232094.2794192,
  "πληρωμη συνταξεων": 1782232096.3109453,
  "κέντρικ ναν": 1782238806.596662,
  "fabio cannavaro": 1782238808.7150993,
  "portugal fc": 1782238811.2120461,
  "πληρωμή": 1782238813.4650178,
  "inaki pena": 1782238815.732798,
  "χάποελ τελ αβίβ": 1782238817.8402252,
  "αθλητικεσ μεταδοσεισ": 1782246433.7986891,
  "προσφυγικα αλεξανδρασ": 1782246435.793665,
  "πρόγραμμα τηλεόρασησ": 1782246438.177461,
  "τα νέα": 1782246440.6220148,
  "vremea de mâine": 1782246443.2892234,
  "κλειστοι δρομοι σημερα": 1782246445.6236224,
  "μπόνζι κόλσον": 1782246448.1525226,
  "portugal world cup": 1782246450.7089698,
  "england vs ghana": 1782251791.1220305,
  "αγιοσ ερωτασ τελευταιο επεισοδιο": 1782251793.0285337,
  "αγγλια γκανα": 1782251795.13921,
  "jobs": 1782251797.225274,
  "meta": 1782256016.678073,
  "γιατι ρε πατερα": 1782256018.831959,
  "instagram down": 1782256020.9821143,
  "panama vs croatia": 1782259675.7117944,
  "colombia vs dr congo": 1782274931.6768012,
  "ελλάδα": 1782274934.1773446,
  "24 ιουνίου": 1782274936.298853,
  "φρεγάτα": 1782274938.3717551,
  "παγκοσμιο κυπελλο": 1782274940.6711833,
  "nba draft 2026": 1782274942.748034,
  "twitter": 1782274944.635588,
  "παναμάσ εναντίον κροατία": 1782274947.2287788,
  "χοσέ λουίσ μεντιλίμπαρ": 1782274949.706458,
  "nba draft": 1782274951.9438298,
  "κολομβια κονγκο": 1782287901.7785442,
  "αντρέα τρινκιέρι": 1782287904.0646114,
  "παναμασ κροατια": 1782287906.286526,
  "ευρωπαϊκή εισαγγελία": 1782298346.72034,
  "ντόναλντ τραμπ": 1782298348.9283438,
  "συντάξεισ ιουλίου": 1782298350.7939138,
  "βαθμοι πανελληνιων 2026": 1782298352.9107473,
  "τακησ γκωνιασ": 1782298354.9578147,
  "μμμ απεργια 24 ιουνιου": 1782298357.1018302,
  "χηρεία": 1782298358.9392366
}