{
  "αθλητικα": 1778710949.9236217,
  "οακα": 1778710952.9799461,
  "ataman": 1778710955.961708,
  "sport24": 1778710959.0827198,
  "gazzetta": 1778710961.9357095,
  "σδνα": 1778710963.759933,
  "κυθηρα pass": 1778710966.5994108,
  "σπορτφμ": 1778710969.3257616,
  "μοντερο": 1778710972.6519156,
  "jean montero": 1778710975.7253864,
  "γερμανία": 1778715381.9419544,
  "sportal": 1778715385.2383735,
  "sdna": 1778715388.2749197,
  "chios pass": 1778715390.289557,
  "final four 2026": 1778722203.5295863,
  "sportfm": 1778722206.4513817,
  "λαζοπουλοσ": 1778722209.1625836,
  "ανδρική ομάδα καλαθοσφαίρισησ παναθηναϊκού": 1778735508.1120036,
  "14 μαΐου": 1778735511.937167,
  "λάκησ λαζόπουλοσ": 1778735513.9573157,
  "λιονέλ μέσι": 1778735517.0068665,
  "ματίασ λεσόρ": 1778735519.8522646,
  "wordle": 1778735522.8596058,
  "x": 1778735525.930663,
  "γερουσία των ηνωμένων πολιτειών": 1778735529.0000813,
  "ζαν μοντέρο": 1778745863.91083,
  "ανεξάρτητη αρχή δημοσίων εσόδων": 1778745867.0351293,
  "περιστέρι": 1778745870.0156744,
  "kairos αθηνα": 1778745872.8011208,
  "ρισόν χολμσ": 1778745875.6905363,
  "ρωσία": 1778745878.7126336,
  "kythira pass 2026": 1778745881.7523177,
  "γιώργοσ λιάγκασ": 1778754606.976653,
  "καθηγητήσ": 1778754610.0145905,
  "βροχή": 1778754612.9023318,
  "κοινωνικοσ τουρισμοσ 2026 αποτελεσματα": 1778754615.695211,
  "κέντρικ ναν": 1778760721.1598065,
  "απάτη": 1778760724.7029617,
  "νότησ σφακιανάκησ": 1778769860.4756942,
  "pbks vs mi": 1778769862.3010743,
  "γιώργοσ μπαρτζώκασ": 1778769865.433219,
  "σοφία ζαχαράκη": 1778769868.306275,
  "jannik sinner": 1778769870.6249027,
  "2025": 1778769872.9420211,
  "έφη μουρίκη": 1778769875.2754855,
  "διεθνήσ αερολιμένασ αθηνών ελευθέριοσ βενιζέλοσ": 1778769878.2753863,
  "ευαγγελατοσ": 1778769881.0386996,
  "συναυλία": 1778769883.2936752,
  "τι τζέι σορτσ": 1778776454.4465756,
  "aek vs aris": 1778776456.8248944,
  "subnautica 2": 1778776458.6769927,
  "2027": 1778776460.954988,
  "εύη δρούτσα": 1778776463.3334618,
  "προσωρινα αποτελεσματα κοινωνικου τουρισμου 2026": 1778776465.8638234,
  "ιωάννησ παπαπέτρου": 1778776468.1255121,
  "πωλινα": 1778776470.4108248,
  "μαργαρίτα β΄ τησ δανίασ": 1778782847.8442445,
  "μαλδίβεσ": 1778782850.7258468,
  "καλαθοσφαίριση": 1778782853.2021978,
  "β ημιτελικόσ eurovision 2026": 1778782855.5425804,
  "παγίδα του του θουκυδίδη": 1778782857.8663063,
  "βαλένθια εναντίον ράγιο βαγιεκάνο": 1778782860.2568412,
  "π.α.σ. πύργοσ 1968": 1778782862.9117339,
  "eurovision odds": 1778789542.0982745,
  "barbara palvin": 1778789544.7832556,
  "γιάννησ στουρνάρασ": 1778789547.2661712,
  "eurovision 2025": 1778789549.552615,
  "κληρωση τζοκερ": 1778789551.424119,
  "ερτ 1": 1778789553.926756,
  "17χρονη": 1778789556.4441957,
  "taken": 1778789558.8163512,
  "ertflix": 1778789560.6883676,
  "iphone": 1778789562.915349,
  "μαρια κοζακου": 1778794668.4580414,
  "τζοκερ 14 5 26": 1778794670.3225992,
  "swarovski eurovision": 1778794672.762305,
  "malta": 1778794675.104675,
  "australia eurovision 2026": 1778794677.6395473
}