{
  "sport24.gr": 1784564437.4609125,
  "τζένη μπαλατσινού": 1784564439.6949692,
  "βασεισ 2026": 1784564441.7068095,
  "κλέλια ανδριολάτου": 1784564444.8984118,
  "εθνικό σύστημα υγείασ": 1784564446.930223,
  "οφειλέτησ": 1784564450.0864275,
  "времето утре": 1784572000.5482738,
  "ο καιρόσ αύριο": 1784572003.8807578,
  "weather tomorrow": 1784572006.7414966,
  "nova ict": 1784572009.580238,
  "meteo di domani": 1784572011.854535,
  "wetter morgen": 1784572015.1626027,
  "φωτια πειραιασ": 1784572030.1222007,
  "κέβιν κίγκαν": 1784572033.10738,
  "aftodioikisi": 1784577938.8237593,
  "έθνοσ": 1784577941.94171,
  "δημόσιο χρέοσ": 1784577944.1772475,
  "holnapi időjárás": 1784577946.55927,
  "météo demain": 1784577948.5541248,
  "pogoda jutro": 1784577951.5071075,
  "διακοπή ρεύματοσ": 1784582368.335868,
  "ακτοφυλακή": 1784582371.6186435,
  "σπόρτινγκ λισαβόνασ εναντίον στρασμπούρ": 1784582374.1650426,
  "ινφάντα σοφία τησ ισπανίασ": 1784585776.610377,
  "времето": 1784605691.1495447,
  "στοιχημα καζινο": 1784605693.2481256,
  "στοιχημα κουπονι": 1784605695.1180658,
  "κυψέλη": 1784605697.3807976,
  "lottozahlen": 1784605699.524196,
  "loto": 1784605702.6027503,
  "πύραυλοσ": 1784614696.1561975,
  "νεα": 1784614699.1325164,
  "θεμα": 1784614702.1396525,
  "kathimerini": 1784614704.452204,
  "21 ιουλίου": 1784614707.056034,
  "weather": 1784614709.2449167,
  "погода": 1784614711.4961393,
  "πρωτοσέλιδα εφημερίδων": 1784614713.493848,
  "2030": 1784614715.691111,
  "nova": 1784614717.9267478,
  "νομοσ κατρουγκαλου για συνταξεισ χηρειασ": 1784624689.4114685,
  "σουαλιχό μεϊτέ": 1784624691.5114865,
  "συνταξεισ αυγουστου": 1784624693.4452305,
  "αλεξησ σταματησ": 1784624695.6728888,
  "newsbeast": 1784624697.916617,
  "moti": 1784624700.1356232,
  "δελτίο ταυτότητασ": 1784632573.2615244,
  "ματίασ λεσόρ": 1784632575.4073234,
  "diego rico": 1784632577.510963,
  "δράμα": 1784632579.6436064,
  "ελυροσ": 1784632581.836362,
  "vinicius": 1784632583.9588206,
  "ποτε πληρωνονται οι συνταξεισ αυγουστου": 1784632585.7973156,
  "αλέξησ σταμάτησ": 1784632587.9524882,
  "cnn": 1784637874.4352486,
  "σούδα": 1784637876.6139724,
  "δημοσκόπηση": 1784645335.3490844,
  "ντιέγκο ρίκο": 1784645337.2409651,
  "σαρλίζ θερόν": 1784645339.4818912,
  "υπουργείο παιδείασ, θρησκευμάτων και αθλητισμού": 1784645341.7949896,
  "θάλασσα": 1784645343.9317102,
  "συντάξεισ αυγούστου 2026": 1784645345.7852042,
  "οργανισμόσ προνοιακών επιδομάτων και κοινωνικήσ αλληλεγγύησ": 1784650143.607217,
  "χειροσφαίριση": 1784650146.0139928,
  "απο λεβαδειακόσ": 1784650148.2097917,
  "ποτε ανακοινωνονται οι βασεισ 2026": 1784650150.6105742,
  "αιγόκερωσ": 1784650152.92874,
  "σίσσυ χρηστίδου": 1784650155.1473043
}