{
  "28 μαΐου": 1779947133.1329236,
  "γκαέλ ντα σίλβα": 1779947135.375654,
  "δευτερο προγραμμα": 1779947137.568531,
  "ουκρανία": 1779947139.8208866,
  "ποδόσφαιρο": 1779947142.0878854,
  "πάτρα": 1779947144.3103209,
  "μια νυχτα μονο": 1779947146.8066635,
  "κτηματολόγιο": 1779947149.0564528,
  "superbet": 1779947151.3732173,
  "μαρία μπεκατώρου": 1779947153.6159425,
  "υπουργείο παιδείασ": 1779960914.361272,
  "νοσοκομείο": 1779960917.356847,
  "μετρο θεσσαλονικησ": 1779960919.9601,
  "ελλάδα": 1779960922.613609,
  "ελέφαντασ": 1779972700.9491568,
  "φωτια τωρα": 1779972703.1734006,
  "ζωζώ σαπουντζάκη": 1779972705.628339,
  "εξετάσεισ": 1779972707.898807,
  "ελβετία": 1779972710.275103,
  "μαίρη συνατσάκη": 1779972713.1120257,
  "νατο": 1779972715.35357,
  "τελικόσ": 1779972717.8149488,
  "τσιτσιπασ": 1779986999.6876502,
  "tsitsipas": 1779987002.5569596,
  "δημήτρησ αλεξάνδρου": 1779987005.140803,
  "ερτ2": 1779987007.4427848,
  "επιδομα παιδιου": 1779987010.0945172,
  "μέταλλο": 1779987012.6372662,
  "εβάν φουρνιέ": 1779987015.2802212,
  "διαγωνισμόσ": 1779987017.6984951,
  "παο παοκ μπασκετ": 1779987020.105798,
  "panathinaikos vs paok": 1779987022.482738,
  "μέτε μάριτ πριγκίπισσα τησ νορβηγίασ": 1779996607.6046631,
  "stefanos tsitsipas": 1779996609.604555,
  "γιαννησ μαρκου": 1779996611.961333,
  "αντιπολίτευση": 1779996614.1849911,
  "πανσεληνοσ": 1779996616.6459785,
  "sabrina carpenter": 1779996619.2506602,
  "مصر ضد روسيا": 1779996621.7692635,
  "coachella 2026": 1779996623.8007462,
  "γιανίκ σίνερ": 1779996626.1037765,
  "κρατερόσ κατσούλησ": 1779996628.6644857,
  "κατερίνα λιόλιου": 1780003942.3623478,
  "μαρκ ζάκερμπεργκ": 1780003944.6605642,
  "μια νυχτα μονο επομενα επεισοδια": 1780003946.4959145,
  "queen": 1780013675.304798
}