{
  "πολιτική": 1780934522.833723,
  "μουκιδησ": 1780934525.5172074,
  "κωνσταντίνα σπυροπούλου": 1780934528.203503,
  "πρωθυπουργόσ": 1780934530.7133005,
  "μισθόσ": 1780934533.2329311,
  "νατο": 1780934535.9622278,
  "φωτια λουτρακι": 1780934538.6799724,
  "κυριάκοσ μητσοτάκησ": 1780934541.5861735,
  "φωτια τωρα": 1780934544.268461,
  "αέρια μάζα": 1780934547.1398077,
  "cosmote tv": 1780943547.7976296,
  "ertflix": 1780943549.6879685,
  "ert": 1780943552.4533405,
  "ert2": 1780943555.0242984,
  "olympiacos vs panathinaikos": 1780943557.739999,
  "καύσωνασ": 1780943560.4814708,
  "πετοσφαίριση": 1780943563.4288309,
  "νίκοσ ρογκαβόπουλοσ": 1780952571.9659812,
  "μαθητήσ": 1780952575.139356,
  "νικολέττα ράλλη": 1780952578.152608,
  "χοσέ λουίσ μεντιλίμπαρ": 1780952581.3493094,
  "μιλουτινοφ": 1780952584.0817842,
  "france vs northern ireland": 1780952586.7797644,
  "olympiacos bc": 1780952589.5141256,
  "γαλλία εναντίον βόρεια ιρλανδία": 1780952591.5186794,
  "ορμπελίν πινέδα": 1780952594.3666887,
  "flashscore": 1780952597.1991105,
  "ματίασ λεσόρ": 1780958678.5341928,
  "sport24": 1780958681.3986924,
  "gazzetta": 1780958684.3535573,
  "kawhi leonard": 1780958687.0726244,
  "sport fm": 1780962684.5342667,
  "ρογκαβοπουλοσ": 1780962686.3555245,
  "knicks": 1780972454.7702506,
  "knicks vs spurs": 1780972456.6275053,
  "bangladesh vs australia": 1780986822.2941902,
  "9 ιουνίου": 1780986824.9509008,
  "προπονητήσ": 1780986827.7660024,
  "τουρκική πολεμική αεροπορία": 1780986830.5505095,
  "γαλλία": 1780986832.489372,
  "grand hotel": 1780986835.1784468,
  "εφημεριδεσ": 1780986838.1466296,
  "άρειοσ πάγοσ": 1780986841.979235,
  "12 ιουνίου": 1781000485.783661,
  "οσμή": 1781000488.4736707,
  "γεώργιοσ σουφλιάσ": 1781000491.1759853,
  "εργκίν αταμάν": 1781011332.3441944,
  "δάνειο": 1781011335.172475,
  "κέντρικ ναν": 1781011337.9551115,
  "αιγιάλεια": 1781011340.797544,
  "τουρισμόσ": 1781011343.5045285
}