{
  "f1 tv": 1780837353.1556544,
  "συνταξιοδότηση": 1780837356.1016564,
  "ant1": 1780837359.610122,
  "λάκησ γαβαλάσ": 1780837363.2051976,
  "παγκόσμιο κύπελλο ποδοσφαίρου 2026": 1780837366.3819609,
  "μαθητήσ": 1780837368.4626446,
  "πρώτο θέμα": 1780837371.5063915,
  "formula 1": 1780844273.2314103,
  "ελλαδα ιταλια": 1780844276.43724,
  "zverev": 1780844279.615543,
  "roland garros": 1780844282.7920861,
  "χωρισμόσ": 1780844285.7488952,
  "γιώργοσ λιάγκασ": 1780849091.8812728,
  "kim kardashian": 1780849094.8343608,
  "προπονητήσ": 1780849097.945742,
  "hadjar": 1780849100.7666676,
  "kimi antonelli": 1780849103.480212,
  "βλαδίμηροσ κυριακίδησ": 1780849106.276019,
  "antonelli": 1780849109.0290062,
  "ιουνίου": 1780858687.691603,
  "αγρινιο": 1780858689.7288945,
  "ελλάδα εναντίον ιταλία": 1780858693.0297818,
  "eriksen": 1780858695.984739,
  "ερικσεν": 1780858698.8662982,
  "greece vs italy": 1780858700.8951457,
  "άρμαντ ντουπλάντισ": 1780858704.007276,
  "f1 standings": 1780858706.9284923,
  "χοσέ λουίσ μεντιλίμπαρ": 1780863217.2528005,
  "kylie minogue": 1780863220.121731,
  "ιουλία καραπατάκη": 1780863222.9292488,
  "alfa": 1780863225.8061097,
  "αλφα": 1780863228.9006386,
  "μαριλια μητρουση": 1780868244.828338,
  "οθωμανική αυτοκρατορία": 1780868247.9683368,
  "το τελευταιο νησι": 1780868250.0480723,
  "ιράν": 1780868252.9145277,
  "μάθημα": 1780868256.0603716,
  "biased beast": 1780868259.4687698,
  "θεματα ιστοριασ 2026": 1780901899.091468,
  "καρκίνοσ παχέοσ εντέρου": 1780901902.0362675,
  "your face sounds familiar ελλάδασ": 1780901904.841678,
  "φιλιππίνεσ": 1780901907.5706577,
  "όλγα κεφαλογιάννη-βαρδινογιάννη": 1780901910.4587054,
  "8 ιουνίου": 1780901912.4664514,
  "κωνσταντίνοσ μαγκλάρασ": 1780901915.492742,
  "γιώργοσ κώτσηρασ": 1780919956.9988453,
  "ελ νίνιο": 1780919959.6837938,
  "ευθύμιοσ μπακογιάννησ": 1780919962.2716594,
  "αδελφή": 1780919964.9352875,
  "υπουργείο παιδείασ": 1780919967.6617968,
  "περιπολικό": 1780919970.4037602,
  "φυσικη πανελληνιεσ 2026": 1780919973.5182848
}