{
  "καρκίνοσ παχέοσ εντέρου": 1780726170.8673716,
  "ηλικιωμένοσ": 1780726174.1188688,
  "έρημοσ σαχάρα": 1780726176.146283,
  "6 ιουνίου": 1780726179.0239043,
  "india vs afghanistan": 1780726181.9155362,
  "www.24sports.com.cy": 1780726184.9663913,
  "διεθνήσ αερολιμένασ αθηνών ελευθέριοσ βενιζέλοσ": 1780726187.975818,
  "απεργία": 1780726190.8753207,
  "δικαστική εξουσία": 1780726197.7117896,
  "το σπιτι διπλα στο ποταμι": 1780726199.7085814,
  "πέτροσ κωστόπουλοσ": 1780735546.5452662,
  "βόρεια κορέα": 1780735549.6778061,
  "κρυπτονόμισμα": 1780735554.0140948,
  "πληρωμή": 1780742038.4878924,
  "επάγγελμα": 1780747159.3404272,
  "κολούμποσ": 1780747162.420637,
  "εθνική ομάδα ποδοσφαίρου ανδρών τησ ελλάδασ": 1780747165.1412501,
  "ej liddell": 1780747167.8431869,
  "εκπαίδευση": 1780754065.7005382,
  "maja chwalińska": 1780754068.819786,
  "μάικλ τζόρνταν": 1780754071.7974637,
  "στρατιωτική σχολή": 1780754074.9174984,
  "αθηνά οικονομάκου": 1780754078.1324613,
  "ιταλία": 1780754081.2128212,
  "διαγωνισμόσ": 1780754083.2061188,
  "ελλάδα": 1780754086.1612694,
  "andreeva": 1780758535.1449113,
  "χαλάζι": 1780758538.438368,
  "μπρούνο τσερέλα": 1780758540.4310954,
  "αλέξανδροσ τσουβέλασ": 1780758543.3622017,
  "χρηματιστήριο": 1780762689.2298696,
  "f1": 1780762693.108576,
  "mirra andreeva": 1780762696.2771206,
  "πορτογαλία εναντίον χιλή": 1780767400.3671625,
  "έκλειψη ηλίου": 1780771870.3965,
  "πάνοσ μιχαλόπουλοσ": 1780771873.3578398,
  "usa – deutschland": 1780771876.2520123,
  "ηπα εναντίον γερμανία": 1780771879.2010932,
  "αλβανία εναντίον λουξεμβούργο": 1780771882.1678412,
  "τηλεοπτικό πρόγραμμα": 1780771885.208742,
  "soula glamorous": 1780771888.2835317,
  "portugal vs chile": 1780771891.2936652,
  "κέντρικ ναν": 1780771894.2554126,
  "αγγλία εναντίον νέα ζηλανδία": 1780776369.4929779,
  "england vs new zealand": 1780776371.3356466,
  "cnn": 1780776374.285364,
  "usa vs germany": 1780776376.1527772,
  "indiana jones": 1780780493.0127044,
  "κριστιάνο ρονάλντο": 1780780495.8506324,
  "βραζιλία εναντίον αίγυπτοσ": 1780784323.3191302,
  "البرازيل ضد مصر": 1780788684.1932483,
  "αργεντινή εναντίον ονδούρα": 1780797111.781286
}