{
  "ανώτατο συμβούλιο επιλογήσ προσωπικού": 1779292802.2265122,
  "survivor ελλάδασ": 1779292804.9037638,
  "καρολοσ": 1779292807.6317937,
  "γιώργοσ γιακουμάκησ": 1779292810.318267,
  "2026": 1779292813.178774,
  "μίρκα παπακωνσταντίνου": 1779292816.369032,
  "mi vs kkr": 1779292819.105754,
  "ατμόσφαιρα": 1779292821.7940867,
  "ζοζέ μουρίνιο": 1779292824.694806,
  "τσικινιο": 1779292827.4682763,
  "φράιμπουργκ εναντίον άστον βίλα": 1779301487.8865182,
  "καλαμπακα": 1779301490.6355515,
  "المصري ضد الأهلي": 1779301493.2475789,
  "the boys": 1779301495.2042105,
  "σκαϊ": 1779301497.8370862,
  "χακάν φιντάν": 1779301500.6031635,
  "τραυματισμόσ": 1779301503.3170667,
  "εθνικο λαχειο": 1779301505.9505532,
  "εθνικό θέατρο": 1779301508.6767108,
  "κοινωνικόσ": 1779301511.4139066,
  "αχιλλέασ μπέοσ": 1779309203.3214297,
  "κωνσταντίνα σπυροπούλου": 1779309206.3733363,
  "μανοσ survivor": 1779309209.1377013,
  "bundesliga": 1779309212.011769,
  "conference league final": 1779309214.5977454,
  "αντισφαίριση": 1779309217.520942,
  "freiburg fc": 1779309220.181974,
  "αντ1": 1779309223.5900085,
  "skai": 1779309226.7288723,
  "μετρό": 1779309229.6154647,
  "άγιοσ έρωτασ": 1779315193.548222,
  "ποιοι γιορτάζουν σήμερα": 1779315196.351403,
  "ποιοσ γιορταζει σημερα": 1779315199.5285773,
  "21 μαιου γιορτη": 1779315202.2394693,
  "novasports": 1779315205.000508,
  "καιροσ αγιου πνευματοσ 2026": 1779315207.6918283,
  "nvidia": 1779315210.4576614,
  "μια νυχτα μονο": 1779320418.4433482,
  "κωνσταντινου και ελενησ": 1779320420.2702835,
  "nba": 1779328115.6964386,
  "σεισμοσ τωρα": 1779328118.4933455,
  "αναληψεωσ 2026": 1779342986.4028254,
  "οργανισμόσ προνοιακών επιδομάτων και κοινωνικήσ αλληλεγγύησ": 1779342988.8951108,
  "γαβριήλ σακελλαρίδησ": 1779342991.4856424,
  "αττική": 1779356162.2753592,
  "οικογένεια": 1779356164.9075592,
  "επιδομα παιδιου": 1779356168.2482936,
  "γεωργία": 1779356170.990122,
  "ποιοι γιορταζουν σημερα": 1779356173.0090685,
  "αναληψεωσ": 1779356175.6462467,
  "athens weather": 1779366801.2905006,
  "δραπετσώνα": 1779366804.1692033,
  "αννα καφετση": 1779366807.1964815,
  "exxon mobil": 1779366810.1060784,
  "κηφισιά εναντίον αελ": 1779379193.6607337,
  "final four 2026 προγραμμα": 1779379196.2622669,
  "παναιτωλικόσ εναντίον αστέρασ τρίπολησ": 1779379198.7995458,
  "κατερίνα καραβάτου": 1779379201.7825568,
  "κοστίνια": 1779379204.4611292,
  "έφεση": 1779379207.1735866,
  "gt vs csk": 1779379209.966302,
  "ιωάννησ κωνσταντέλιασ": 1779379212.7201736,
  "λίνα νικολακοπούλου": 1779379215.3584929,
  "χρήστοσ νικολόπουλοσ": 1779379218.0502274
}