{
  "χωροταξία": 1784317407.3320842,
  "πρίγκιπασ": 1784317410.222576,
  "fcsb - argeș pitești": 1784317412.2437446,
  "црвена звезда – мачва": 1784317415.111244,
  "μπενφίκα εναντίον βιγιαρεάλ": 1784317418.0460093,
  "ümraniyespor - galatasaray": 1784317420.1950169,
  "village cinemas": 1784317423.0166574,
  "αλεξάνδρα νίκα": 1784320541.559665,
  "συνταξεισ αυγουστου": 1784320543.4000478,
  "daylight": 1784323627.268223,
  "open tv": 1784326827.05825,
  "οικονομική κρίση": 1784333460.3057954,
  "ταϊβάν": 1784333462.4687352,
  "λαικο λαχειο": 1784345682.3437319,
  "στοιχημα κουπονι": 1784345684.5012226,
  "marc cucurella": 1784345686.513697,
  "christopher nolan": 1784345688.4919837,
  "ζέλικο ομπράντοβιτσ": 1784353770.1031225,
  "βασεισ 2026": 1784353772.6518404,
  "ανεξάρτητη αρχή δημοσίων εσόδων": 1784353775.2226388,
  "κυκλοφορία": 1784353777.8919706,
  "ζώδιο": 1784353780.0913718,
  "18 ιουλίου": 1784353782.6740296,
  "λοττο": 1784353784.53552,
  "lottozahlen": 1784353786.6094563,
  "κατάθεση": 1784359208.1630843,
  "joel roca": 1784365351.3529196,
  "απόστολοσ γκλέτσοσ": 1784365354.0834103,
  "documento": 1784365356.835616,
  "μοτοσικλετιστήσ": 1784377930.1852756,
  "χρήμα": 1784377932.1983833,
  "επισκοπη ευβοιασ": 1784377935.0661244,
  "εσπα παιδικοι σταθμοι": 1784377937.353508,
  "πτώμα": 1784383392.0209599,
  "τάκησ φύσσασ": 1784383393.90308,
  "aek": 1784383395.9899573,
  "openai": 1784383398.7190099,
  "θεσσαλονίκη": 1784383400.6347513,
  "φωτια ευβοια": 1784383402.6739297,
  "μάντσεστερ γιουνάιτεντ εναντίον ρέξαμ": 1784387303.3015823,
  "man united vs wrexham": 1784387305.344155,
  "τσιτσιπασ": 1784387308.0508144,
  "ολυμπιακοσ αγιαξ": 1784387310.6086094,
  "ελληνική αστυνομία": 1784387313.4582608,
  "αεκ": 1784387316.2040632,
  "κρίστοφερ νόλαν": 1784387318.3834512,
  "ηράκλειο": 1784390865.5604603,
  "έκπτωση φόρου": 1784390868.275323,
  "νοτσ κάουντι εναντίον φόρεστ": 1784390870.9713888,
  "πυροσβέστησ": 1784390873.4092925,
  "ίλιον": 1784394596.0754347,
  "πένθοσ": 1784394598.396668,
  "σακκαρη": 1784394601.013295,
  "τσεντί οσμάν": 1784394603.120773,
  "γαλλια αγγλια": 1784394605.257706,
  "χρηματιστήριο αθηνών": 1784394607.4324822,
  "αγιαξ ολυμπιακοσ": 1784394609.6605206,
  "maria sakkari": 1784397943.5383754,
  "φόρμουλα 1": 1784397946.3172882,
  "ροτ-βάισ όμπερχαουζεν εναντίον ντόρτμουντ": 1784397948.4051414,
  "france angleterre": 1784402380.2258716,
  "ημιτελικοσ μουντιαλ 2026": 1784402382.420828,
  "morgan rogers": 1784402385.1506832,
  "england france": 1784402387.0404353,
  "βόλοσ": 1784402389.6236877
}