{
  "badio": 1782485018.591461,
  "χάρι στάιλσ": 1782485020.8192143,
  "υπουργόσ παιδείασ": 1782485022.9364266,
  "ireland vs india": 1782485025.1222587,
  "έθνοσ": 1782485027.2484996,
  "βασίλησ μπισμπίκησ": 1782485029.3817484,
  "άννα διαμαντοπούλου": 1782485031.7818599,
  "τραπεζικό σύστημα": 1782492691.5036306,
  "νίκοσ αθανασίου": 1782492694.1914408,
  "netflix": 1782492696.48549,
  "οικονομία": 1782492698.8988638,
  "θεόδωροσ λιβάνιοσ": 1782492701.5338404,
  "norway vs france": 1782498346.910575,
  "πανσεληνοσ ιουνιου 2026": 1782498349.0314739,
  "www.24sports.com.cy": 1782498351.574016,
  "ντε φραι": 1782498353.6034014,
  "τερματοφύλακασ": 1782498355.811776,
  "france fc": 1782504989.5308158,
  "πυρκαγιά": 1782504992.0604684,
  "ζαν μοντέρο": 1782504994.1321087,
  "norvège – france": 1782504996.2328806,
  "senegal vs iraq": 1782504998.0703719,
  "αθηνά οικονομάκου": 1782505000.2965157,
  "νορβηγία εναντίον γαλλία": 1782505002.8721209,
  "πασχαλακησ": 1782505005.0610814,
  "norge frankrike": 1782510144.1200063,
  "νάνσυ ζαμπέτογλου": 1782510146.4907231,
  "γαλλια νορβηγια": 1782514373.0225537,
  "ουρουγουάη εναντίον ισπανία": 1782518339.2483249,
  "egypt vs iran": 1782532252.8070104,
  "مصر ضد إيران": 1782532255.116148,
  "καύσωνασ": 1782532257.756067,
  "πράσινο ακρωτήριο εναντίον σαουδική αραβία": 1782532260.2467897,
  "σεισμοσ": 1782532262.6263509,
  "σεισμοσ τωρα": 1782532265.1020246,
  "ertflix": 1782532267.7096007,
  "uruguay vs spain": 1782532269.8928466,
  "εκτακτο επιδομα παιδιου 150 ευρω": 1782542913.8090613,
  "προσάραξη πλοίου": 1782542916.1407716,
  "new zealand vs belgium": 1782542918.5737314,
  "27 ιουνίου": 1782542920.8069115,
  "βουλευτήσ": 1782542923.1751523,
  "mundial": 1782542925.652765,
  "πρασινο ακρωτηρι σαουδικη αραβια": 1782542927.9891217,
  "νέα ζηλανδία εναντίον βέλγιο": 1782551853.9907544,
  "στίβοσ": 1782551856.1334553,
  "ράλλυ ακρόπολισ": 1782558331.3205125,
  "λεωνίδασ κουτσόπουλοσ": 1782562550.313042,
  "συνταξιοδότηση": 1782569300.5286884,
  "εξετάσεισ": 1782569302.9770474,
  "μετρό": 1782569305.3625445,
  "ηράκλειο": 1782569307.3276827
}