{
  "ελευθεριοσ βενιζελοσ": 1780404741.0068314,
  "australia vs pakistan": 1780404742.9039838,
  "2025": 1780404745.3258305,
  "ευρώ": 1780404747.947086,
  "νασοσ αθανασιου": 1780404750.5030892,
  "πειραιωσ": 1780404752.9573724,
  "σκάνδαλο": 1780404755.364428,
  "φορτουνησ": 1780420539.1544683,
  "εξετάσεισ": 1780420541.5035374,
  "αεροδρόμιο": 1780420544.2094178,
  "ενοικίου": 1780420546.5484645,
  "θάνατοσ": 1780420549.2622945,
  "ελένη γερασιμίδου": 1780420551.6831753,
  "κληρονομικό δίκαιο": 1780420553.9901783,
  "συνταξιοδότηση": 1780420556.5158477,
  "γιώργοσ λιάγκασ": 1780420559.1514485,
  "alexander zverev": 1780420561.6028655,
  "ειδική εκπαίδευση": 1780431677.0454597,
  "ντόναλντ τραμπ": 1780439550.9242563,
  "μαθηματικά": 1780439553.2269864,
  "τουρκία": 1780439555.4989944,
  "λαζοπουλοσ": 1780439557.9562142,
  "porto leone": 1780445725.3371828,
  "god of war laufey": 1780445727.1945264,
  "λάκησ λαζόπουλοσ": 1780463979.3260558,
  "πρωτοσελιδα": 1780463982.0815835,
  "βροχή": 1780463984.3717449,
  "προσγείωση": 1780463986.8299813,
  "μαχητικό αεροσκάφοσ": 1780463989.224435,
  "αγγελοσ αντωνοπουλοσ": 1780481542.4529207,
  "βερονικα αργεντζη": 1780481544.8471758,
  "καλομοίρα": 1780481547.1876755,
  "υπουργείο παιδείασ": 1780481549.4541852,
  "μαθηματικα πανελληνιεσ 2026": 1780481551.782329
}