{
  "rico verhoeven": 1779579468.2014797,
  "νίκοσ μωραΐτησ": 1779579470.229388,
  "valencia cf vs fc barcelona standings": 1779579472.0452492,
  "δίκαιο": 1779586427.651453,
  "cavaliers vs knicks": 1779601424.438824,
  "24 μαΐου": 1779601426.6740613,
  "j2us": 1779601428.9661202,
  "φρεγάτα": 1779601431.1256523,
  "εμυ": 1779601433.7457752,
  "weather": 1779601436.346164,
  "λοττο": 1779601438.6262784,
  "πόλεμοσ": 1779601440.5620358,
  "αντρέ λουίσ": 1779610100.0641804,
  "μέση ανατολή": 1779610102.2818582,
  "γιάννησ σμαραγδήσ": 1779610104.5223768,
  "ημερομηνία": 1779610106.5001495,
  "δημόσιο χρέοσ": 1779617184.242829,
  "λάκησ γαβαλάσ": 1779617186.5446498,
  "γιώργοσ θεοφάνουσ": 1779617188.9198375,
  "ολυμπιακοσ ρεαλ μπασκετ ωρα": 1779617191.1541607,
  "γιώργοσ φλωρίδησ": 1779622721.7734387,
  "τι ωρα ειναι ο τελικοσ μπασκετ": 1779622724.0752344,
  "αεροσκάφοσ": 1779622726.1071045,
  "rr vs mi": 1779622728.5333943,
  "άγιοσ έρωτασ": 1779622730.7621026,
  "άγιαξ εναντίον ουτρέχτη": 1779622732.7840164,
  "κορωνησια": 1779626705.8637378,
  "telekom center athens": 1779626707.990275,
  "γιάννησ πρετεντέρησ": 1779626710.0741208,
  "δήμοσ νέασ φιλαδέλφειασ - νέασ χαλκηδόνασ": 1779626712.202916,
  "final four τελικοσ": 1779626714.3293166,
  "η εφημερίδα των συντακτών": 1779626716.4209652,
  "πάρμα εναντίον σασουόλο": 1779631964.5206773,
  "μικροσ τελικοσ euroleague": 1779631966.7945287,
  "μόνικα μπελούτσι": 1779631969.103454,
  "ιωάννησ κωνσταντέλιασ": 1779631971.0527143,
  "εκλογεσ κυπροσ": 1779631973.263714,
  "αλέξησ γεωργούλησ": 1779631975.6897502,
  "sunderland vs chelsea": 1779636928.6407144,
  "roland garros 2026": 1779636930.976206,
  "dc vs kkr": 1779636933.1397972,
  "spurs vs everton": 1779636935.1486657,
  "west ham vs leeds": 1779636937.4939618,
  "man city vs aston villa": 1779636940.1741667,
  "palace vs arsenal": 1779636942.1352365,
  "paok24": 1779636944.413508,
  "τραυματισμόσ": 1779636946.7085435,
  "brighton vs man united": 1779636948.6659327,
  "χρήμα": 1779640723.5556223,
  "μάριουσ γκριγκόνισ": 1779640725.7438283,
  "νάπολι εναντίον ουντινέζε": 1779640728.4169261,
  "manchester united": 1779640730.2476945,
  "πληθωρισμόσ": 1779640732.5040603,
  "premier league": 1779640734.7944546,
  "liverpool": 1779640736.9064748,
  "σπύροσ μπιμπίλασ": 1779640739.0564766,
  "premier league table": 1779640741.47579,
  "west ham": 1779640743.3202991,
  "γκαλησ": 1779644325.7928972,
  "άρησ θεσσαλονίκησ": 1779644328.5577161,
  "νίκοσ κοκλώνησ": 1779644330.7285285,
  "πριντεζησ": 1779644333.1248748,
  "πρεβεζα": 1779644335.3094592,
  "euroleague tv": 1779644337.6026342,
  "σάκησ τανιμανίδησ": 1779644339.8898063,
  "llull": 1779648333.6834133,
  "μίλαν εναντίον κάλιαρι": 1779648335.905535,
  "τορίνο εναντίον γιουβέντουσ": 1779648338.1998284,
  "trey lyles": 1779648340.512731,
  "sports": 1779648342.874063,
  "βεζενκοφ": 1779648345.1793156,
  "βιγιαρεάλ εναντίον ατλέτικο μαδρίτησ": 1779648347.6099246,
  "turkish airlines euroleague": 1779648349.8724155,
  "παπανικολαου": 1779648352.2844696,
  "campazzo": 1779648354.2919786,
  "villarreal vs atlético madrid": 1779652409.8700664,
  "γουοκαπ": 1779652412.1698093,
  "hezonia": 1779652414.72624,
  "κρεμονέζε εναντίον κόμο": 1779652417.1722043,
  "τορινο γιουβεντουσ": 1779652419.7391217,
  "σπανουλησ": 1779652422.3370473,
  "ερα σπορ live": 1779652424.5968792,
  "vezenkov": 1779652427.1423342,
  "milutinov": 1779652429.1626694,
  "μιλουτινοφ": 1779652431.5367458,
  "μποντιρογκα": 1779655608.3114913,
  "bodiroga": 1779655610.5880382,
  "nvidia": 1779655612.7326202,
  "χαρδαλιασ": 1779655614.8518207,
  "iefimerida": 1779655617.2383747,
  "καραπαπασ": 1779655619.1081226,
  "alec peters": 1779655621.3184435,
  "sergio scariolo": 1779655623.4784315,
  "eurobasket": 1779655625.6860878,
  "novak djokovic": 1779655627.8308864,
  "παναγιώτησ αγγελόπουλοσ": 1779658850.144423,
  "αλεκ πιτερσ": 1779658852.5317268,
  "σασα βεζενκοφ": 1779658854.7188783,
  "as": 1779658856.9840577,
  "μιλαν": 1779658859.2865956,
  "in gr": 1779658861.922585,
  "marca": 1779658864.1579762,
  "mega live": 1779658866.5517828,
  "γιαννακόπουλοσ": 1779658869.0203464,
  "μοντερο": 1779662497.5019484,
  "montero": 1779662499.7534425,
  "greenland": 1779662502.2516544,
  "δώρα παντέλη": 1779662504.6343079,
  "κώστασ παπανικολάου": 1779662506.9769795,
  "serie a": 1779662509.1726723
}