{
  "αννουλα βασιλειου": 1780346536.7792425,
  "αλφα": 1780346538.5997689,
  "zubkov": 1780354364.881625,
  "ειδησεισ": 1780354367.4036798,
  "μια νυχτα μονο": 1780358943.1159387,
  "διετήσ αποκλεισμόσ": 1780376329.607819,
  "παίκτησ": 1780376331.6713324,
  "protothema": 1780376334.2841175,
  "διευθυντήσ": 1780376336.8493526,
  "ραφαέλ ναδάλ": 1780376339.4526143,
  "άρησ": 1780376342.2186446,
  "newsit": 1780376344.7708101,
  "πρωτο θεμα": 1780376347.5107105,
  "τζένη μπαλατσινού": 1780376350.0492115,
  "iefimerida": 1780376352.6234913,
  "νεα αριστερα": 1780391422.9059784,
  "news247": 1780391425.417043,
  "capital": 1780391427.867405,
  "ελευθεριοσ βενιζελοσ": 1780404741.0068314,
  "australia vs pakistan": 1780404742.9039838,
  "2025": 1780404745.3258305,
  "ευρώ": 1780404747.947086,
  "νασοσ αθανασιου": 1780404750.5030892,
  "πειραιωσ": 1780404752.9573724,
  "σκάνδαλο": 1780404755.364428,
  "φορτουνησ": 1780420539.1544683,
  "εξετάσεισ": 1780420541.5035374,
  "αεροδρόμιο": 1780420544.2094178,
  "ενοικίου": 1780420546.5484645,
  "θάνατοσ": 1780420549.2622945,
  "ελένη γερασιμίδου": 1780420551.6831753,
  "κληρονομικό δίκαιο": 1780420553.9901783,
  "συνταξιοδότηση": 1780420556.5158477,
  "γιώργοσ λιάγκασ": 1780420559.1514485,
  "alexander zverev": 1780420561.6028655,
  "ειδική εκπαίδευση": 1780431677.0454597
}