{
  "εισαγγελέασ του αρείου πάγου": 1779193656.4334476,
  "οσμη αεριου": 1779193659.24362,
  "εισιτήριο": 1779193661.9447024,
  "mango": 1779193664.9555445,
  "ντόναλντ τραμπ": 1779193668.0155892,
  "thunder vs spurs": 1779193670.7089136,
  "τσάμπι αλόνσο": 1779206255.5469391,
  "ζέλικο ομπράντοβιτσ": 1779206257.4194148,
  "οικογένεια": 1779206260.0857959,
  "μιχάλησ μαρίνοσ": 1779206262.6211967,
  "lsg vs rr": 1779206265.2835236,
  "κίνα": 1779206267.758045,
  "μαργαρίτα μυτιληναίου": 1779206270.3059397,
  "λαζαροσ ροτα": 1779206273.24569,
  "έβελυν ασουάντ": 1779206275.9016685,
  "bournemouth vs man city": 1779213938.3481567,
  "μπόρνμουθ εναντίον μάντσεστερ σίτι": 1779213941.1349008,
  "καιρόσ αθήνα": 1779213943.8860362,
  "καιροσ αθηνα": 1779213946.6389394,
  "σία κοσιώνη": 1779213949.220501,
  "ιβάν σαββίδησ": 1779213952.3557277,
  "βενσάν κασέλ": 1779213954.980399,
  "ζαν μοντέρο": 1779213957.670498,
  "ρομάν γιάρεμτσουκ": 1779213960.3340123,
  "red dead redemption 2": 1779213962.944525,
  "αλμπάν λαφόν": 1779220949.519,
  "πρωτάθλημα ποδοσφαίρου ελλάδασ": 1779220952.062477,
  "μαρόκο": 1779220954.8623548,
  "premier league": 1779220957.6780963,
  "τριαντάφυλλοσ τσάπρασ": 1779220960.2335632,
  "σαρούνασ γιασικεβίτσιουσ": 1779220962.8485422,
  "δήμοσ καλαμαριάσ": 1779220965.38418,
  "southampton": 1779220967.2123756,
  "chelsea vs spurs": 1779220969.0887349,
  "επιταγή": 1779226903.1235104,
  "montero": 1779226906.0181355,
  "νόσοσ του ιού έμπολα": 1779226908.739499,
  "μαντσεστερ σιτι": 1779226911.4031558,
  "φάιναλ φορ": 1779230995.864551,
  "stellantis": 1779230998.4109726,
  "chelsea": 1779231000.256022,
  "κοστίνια": 1779241840.6987102,
  "γιορτη σημερα": 1779256927.4149594,
  "wetter": 1779256929.9814548,
  "σίσσυ χρηστίδου": 1779256932.5860622,
  "chelsea f.c. vs tottenham standings": 1779256934.4018009,
  "lottozahlen": 1779256936.998322,
  "πορτο λεονε": 1779256940.3074844,
  "ζωή κωνσταντοπούλου": 1779256942.8050747,
  "ρωσία": 1779270745.2046149,
  "τελεσίγραφο": 1779270747.8813374,
  "φράγκο": 1779270750.8090124,
  "ανακαινιζω 2026": 1779270753.672049,
  "ρώσοι": 1779270756.5883818,
  "κωνσταντίνου και ελένησ γιορτη": 1779270759.6036425,
  "νέα κρήτη": 1779270762.3190846,
  "ιμπραήμ κουτλουάι": 1779279467.3198183,
  "επιτόκιο": 1779279469.8218806,
  "ομπραντοβιτσ": 1779279472.8074348,
  "αταμαν": 1779279475.2580438,
  "stefanos tsitsipas": 1779279477.8948476,
  "πιλότοσ": 1779279480.8239448,
  "διαρκειασ ολυμπιακου": 1779279483.5366316,
  "σπήλαιο": 1779279486.1738312,
  "κάρεϊ σκάρι": 1779279488.8009243
}