{
  "malta": 1778962232.3640532,
  "β΄ κατηγορία ποδοσφαίρου τησ ελλάδασ": 1778962234.7492163,
  "swarovski eurovision": 1778962237.6670568,
  "lordi": 1778962240.272057,
  "delta goodrem age": 1778962243.1328917,
  "eurovision 2006": 1778962245.4656038,
  "cyprus eurovision 2026": 1778962247.8306172,
  "finland eurovision 2026": 1778962250.105632,
  "eurovision odds": 1778962251.9387488,
  "australia eurovision 2026": 1778962254.2739184,
  "αντιγονη κυπροσ": 1778965550.6813574,
  "malta eurovision 2026": 1778965553.4732106,
  "alicja szemplińska": 1778965555.5333424,
  "φινλανδια eurovision": 1778965557.619394,
  "lordi eurovision": 1778965560.473834,
  "χάποελ τελ αβίβ": 1778965562.9253929,
  "linda lampenius": 1778965564.949703,
  "moldova": 1778965567.9297721,
  "moldova eurovision 2026": 1778965570.3874404,
  "monroe france": 1778965572.8964546,
  "eurovision 2026 βαθμολογια": 1778968853.403788,
  "loreen": 1778968856.3347812,
  "χοροζιδου": 1778968859.1262128,
  "ruslana eurovision": 1778968861.9041514,
  "ρουμανια eurovision 2026": 1778968864.5268953,
  "αυστρια": 1778968867.4188728,
  "polymarket": 1778968869.7756333,
  "alexandra capitanescu": 1778968872.497928,
  "maneskin eurovision": 1778968874.3355908,
  "harry styles": 1778968876.704168,
  "san marino": 1778972549.1151521,
  "ιωάννα τούνη": 1778972551.8239164,
  "eurovision asia": 1778972554.9000149,
  "vienna": 1778972558.0104296,
  "abba": 1778972560.907845,
  "μπρούνο τσερέλα": 1778972563.9070733,
  "eurovision 2027": 1778976210.1256862,
  "ισραηλ γιουροβιζιον 2026": 1778976212.8932364,
  "eurovision 2023": 1778976214.718682,
  "βαρνα": 1778976217.4687939,
  "israel eurovision 2026": 1778976220.2679088,
  "darina yotova": 1778991395.6256244,
  "δημήτρησ ιτούδησ": 1779002189.9405112,
  "ronda rousey": 1779002192.7791724,
  "δίκη": 1779002195.5098073,
  "17 μαΐου": 1779002198.2233562,
  "android": 1779002200.0498679,
  "σπλιτ": 1779002202.8213792,
  "μισθόσ": 1779002205.7502806,
  "χανιά": 1779002208.5195243,
  "bangladesh vs pakistan": 1779002211.2970846,
  "евровидение 2026": 1779002214.4044971,
  "2025": 1779009283.8056931,
  "κυριάκοσ μητσοτάκησ": 1779009286.8658042,
  "γιουσούφ γιαζίτσι": 1779009289.6878066,
  "serie a": 1779014449.696493,
  "chios kythira pass 2026": 1779014452.6825051,
  "rcb vs pbks": 1779014455.9452922,
  "κόμο εναντίον πάρμα": 1779014458.840909,
  "πίζα εναντίον νάπολι": 1779014462.446992,
  "τζένοα εναντίον μίλαν": 1779014465.4614859,
  "ρόμα εναντίον λάτσιο": 1779014468.5216162,
  "γιουβέντουσ εναντίον φιορεντίνα": 1779014471.567231,
  "νιούκασλ γιουνάιτεντ": 1779014474.6753452,
  "man united vs nottm forest": 1779018394.3993378,
  "μάντσεστερ γιουνάιτεντ εναντίον φόρεστ": 1779018397.7278433,
  "ίντερ εναντίον βερόνα": 1779021712.2999618,
  "manchester united": 1779021715.146258,
  "μιχαλησ μαρινοσ": 1779021717.908112,
  "ζαν μοντέρο": 1779021720.6178052,
  "πρωτάθλημα ιταλίασ": 1779021722.4245238,
  "byd": 1779021725.455792,
  "γουλβσ εναντίον φούλαμ": 1779027212.7393405,
  "aris vs levadiakos": 1779027214.7467492,
  "2. bundesliga": 1779027218.1405654,
  "μπρέντφορντ εναντίον κρίσταλ πάλασ": 1779027221.1400745,
  "οφη εναντίον βόλοσ": 1779027223.1659071,
  "λιντσ εναντίον μπράιτον": 1779027226.220555,
  "άρησ εναντίον λεβαδειακόσ": 1779027229.2452846,
  "motogp": 1779027232.2898014,
  "διαγωνισμόσ": 1779027235.7252078,
  "rr vs dc": 1779031160.2064106,
  "ελένη ράντου": 1779031163.462719,
  "οφη": 1779031166.5390663,
  "αρησ αεκ": 1779031169.5758443,
  "leeds vs brighton": 1779031172.529426,
  "άλεκ πίτερσ": 1779031175.4427605,
  "μάρκο σίλβα": 1779031178.4570537,
  "αταλάντα εναντίον μπολόνια": 1779034546.6964085,
  "αεκ εναντίον ολυμπιακόσ": 1779034549.374055,
  "aek athens vs olympiacos": 1779034552.23121,
  "νιούκασλ γιουνάιτεντ εναντίον γουέστ χαμ": 1779034555.3507514,
  "jannik sinner": 1779034558.2170177,
  "παναθηναϊκόσ εναντίον παοκ": 1779034561.275952,
  "panathinaikos vs paok": 1779034563.1390183,
  "γεωργια": 1779034565.9524195,
  "ομοφυλόφιλοσ": 1779034567.7785532,
  "γ εθνικη": 1779034570.5723844,
  "λασκ": 1779041552.8624907,
  "δημήτρησ κακλαμανάκησ": 1779041555.63474,
  "5g": 1779041558.440241,
  "sinner": 1779041561.22953,
  "τροχαιο ροδοσ": 1779041563.9273224,
  "ρεάλ σοσιεδάδ εναντίον βαλένθια": 1779041567.0724273,
  "φενερμπαχτσέ εναντίον εγιούπσπορ": 1779041569.9050343,
  "lancia": 1779041572.9832754,
  "αθλέτικ μπιλμπάο εναντίον θέλτα βίγο": 1779041575.8143294,
  "σπορφμ": 1779041579.1108255,
  "mina": 1779046719.240011,
  "dolly parton": 1779046722.3165967,
  "paris fc vs psg": 1779046724.3471687,
  "γ΄ κατηγορία ποδοσφαίρου τησ ελλάδασ": 1779046727.5559316,
  "πρωτάθλημα ισπανίασ": 1779046730.6600034,
  "barcelona vs real betis": 1779046733.5798519,
  "metrosport": 1779046736.5375588,
  "πρωτάθλημα ελλάδασ": 1779046739.7498384,
  "super league greece": 1779046742.9056566,
  "μπαρτσελόνα εναντίον μπέτισ": 1779046746.445352
}