{
  "australia vs bangladesh": 1781159251.8821852,
  "11 ιουνιου γιορτη": 1781159253.995016,
  "εφημεριδεσ": 1781159255.8744378,
  "sdna": 1781159258.1022081,
  "τελεσίγραφο": 1781176154.579715,
  "νικητήσ": 1781189610.0433655,
  "σύνταξη": 1781189612.4813135,
  "fifa fußball-weltmeisterschaft 2026": 1781189615.242033,
  "πρώτο θέμα": 1781189618.1138384,
  "σύζυγοσ": 1781189620.344704,
  "fifa world cup 2026": 1781189622.7386081,
  "παγκόσμιο κύπελλο ποδοσφαίρου 2026": 1781189625.2074625,
  "παξοί": 1781189627.5004556,
  "ανδρική ομάδα καλαθοσφαίρισησ παναθηναϊκού": 1781189629.7439337,
  "χρήμα": 1781189631.9892461,
  "ο καιρόσ αύριο": 1781201342.421681,
  "weather tomorrow": 1781201345.0733626,
  "mundial 2026": 1781201347.3914938,
  "ertnews": 1781201349.4699876,
  "χανιά": 1781201351.5198748,
  "ομοσπονδία ιδιωτικών εκπαιδευτικών λειτουργών ελλάδοσ (οιελε)": 1781201353.3539395,
  "φωτια τωρα": 1781201355.5243833,
  "μιλτιάδησ χατζηγιαννάκησ": 1781201357.956831,
  "παγκόσμιο ρεκόρ": 1781201360.1342607,
  "raul jimenez": 1781210020.9169624,
  "fifa world cup 2026™": 1781210023.3880482,
  "fifa": 1781210025.9067166,
  "ochoa": 1781210028.3009999,
  "πετρέλαιο": 1781210030.5180128,
  "αίγιο": 1781210032.8688066,
  "ert1": 1781210035.3283312,
  "ertflix": 1781210037.3793752,
  "salma hayek": 1781210039.8722117,
  "mundial": 1781210042.2884479,
  "μητροπολίτησ": 1781216699.0280666,
  "quinones": 1781216701.2994187,
  "ωρα μεξικο": 1781216703.5275755,
  "δημήτρησ λιάγκασ": 1781222349.1154988,
  "weather": 1781238286.1266024,
  "agones": 1781238288.517254,
  "αρμενία": 1781238290.8838694,
  "bet365": 1781238293.2534537,
  "στοιχημα": 1781238296.359259,
  "νοτια κορεα τσεχια": 1781238298.6168633
}