{
  "ολυμπιακοσ παναθηναικοσ μπασκετ": 1781119793.7352479,
  "πορτογαλία εναντίον νιγηρία": 1781119796.6274974,
  "δημητρησ βογιατζησ": 1781119799.6034734,
  "olympiacos bc": 1781119802.5402005,
  "sofascore": 1781119805.6349404,
  "παο ολυμπιακοσ μπασκετ": 1781119808.882048,
  "flashscore": 1781119812.6894195,
  "παναθηναικοσ ολυμπιακοσ μπασκετ": 1781119814.7351234,
  "ert": 1781119817.621893,
  "ιωάννινα": 1781119820.6749172,
  "ticketmaster": 1781127383.455076,
  "sport24": 1781127385.350224,
  "αγγλία εναντίον κόστα ρίκα": 1781127387.9240654,
  "ευρώπη": 1781127390.6175697,
  "livescore": 1781127393.3655448,
  "gazzetta": 1781127396.1789198,
  "τολιοπουλοσ": 1781127399.1416218,
  "αλμπέρτο μποτία": 1781127402.5020103,
  "αεροδρόμιο": 1781127405.337216,
  "england vs costa rica": 1781127408.0885417,
  "κριστιάνο ρονάλντο": 1781133175.7457268,
  "κέντρικ ναν": 1781133178.3793154,
  "world cup": 1781133180.8940687,
  "knicks vs spurs": 1781142096.6748421,
  "novibet": 1781142099.0787263,
  "australia vs bangladesh": 1781159251.8821852,
  "11 ιουνιου γιορτη": 1781159253.995016,
  "εφημεριδεσ": 1781159255.8744378,
  "sdna": 1781159258.1022081,
  "τελεσίγραφο": 1781176154.579715,
  "νικητήσ": 1781189610.0433655,
  "σύνταξη": 1781189612.4813135,
  "fifa fußball-weltmeisterschaft 2026": 1781189615.242033,
  "πρώτο θέμα": 1781189618.1138384,
  "σύζυγοσ": 1781189620.344704,
  "fifa world cup 2026": 1781189622.7386081,
  "παγκόσμιο κύπελλο ποδοσφαίρου 2026": 1781189625.2074625,
  "παξοί": 1781189627.5004556,
  "ανδρική ομάδα καλαθοσφαίρισησ παναθηναϊκού": 1781189629.7439337,
  "χρήμα": 1781189631.9892461,
  "ο καιρόσ αύριο": 1781201342.421681,
  "weather tomorrow": 1781201345.0733626,
  "mundial 2026": 1781201347.3914938,
  "ertnews": 1781201349.4699876,
  "χανιά": 1781201351.5198748,
  "ομοσπονδία ιδιωτικών εκπαιδευτικών λειτουργών ελλάδοσ (οιελε)": 1781201353.3539395,
  "φωτια τωρα": 1781201355.5243833,
  "μιλτιάδησ χατζηγιαννάκησ": 1781201357.956831,
  "παγκόσμιο ρεκόρ": 1781201360.1342607
}