{
  "olympiacos monaco": 1778010678.9892058,
  "arsenal": 1778010681.4652708,
  "αρσεναλ": 1778010683.895469,
  "final four 2026": 1778010686.394408,
  "παπα τσακαλοσ": 1778010689.4601529,
  "εξαφάνιση": 1778010691.9350746,
  "γραμμη 2": 1778010694.3421264,
  "γερμανία": 1778010696.9390419,
  "γιορτή τησ μητέρασ": 1778010698.9284139,
  "πρωτοδικείο αθηνών": 1778010701.4966078,
  "μπέσσυ αργυράκη": 1778014607.9170115,
  "arsenal atletico": 1778014610.4373565,
  "monaco olympiacos": 1778014612.5009978,
  "πάργα": 1778018400.5155706,
  "diego simeone": 1778018402.819588,
  "δικαιοσύνη": 1778022035.7306345,
  "ανδρομαχη": 1778022038.1874862,
  "ολυμπιακοσ μονακο σκορ": 1778025525.4873307,
  "απεργία": 1778038219.8740847,
  "σωκρατησ μαλαμασ": 1778048333.5004525,
  "thunder vs lakers": 1778048335.7279854,
  "εορτολογιο σημερα": 1778048337.7475066,
  "6 μαΐου": 1778048339.9631906,
  "εμανουέλ μακρόν": 1778048342.3738258,
  "τζοκερ κληρωσεισ": 1778048345.1216674,
  "ζωδια σημερα": 1778048348.3140101,
  "συνέντευξη": 1778048350.3110342,
  "βαλένθια μπάσκετ": 1778048352.5540326,
  "ακίνητη περιουσία": 1778048355.0031273,
  "νίκοσ συρίγοσ": 1778064707.749253,
  "σαλαμίνα": 1778064711.336224,
  "σταυροσ τσωχοσ": 1778064713.7302694,
  "6 μαιου γιορτη": 1778064715.7398741,
  "τι γιορτη ειναι σημερα": 1778064717.7509267,
  "επίδομα ανεργίασ": 1778070289.9818015,
  "σαρλίζ θερόν": 1778070292.1140106,
  "κωσ": 1778070294.8929293,
  "μετρο": 1778070297.529574,
  "γιορτη σημερα": 1778070299.4757395,
  "srh vs pbks": 1778080142.683707,
  "επο - ελληνική ποδοσφαιρική ομοσπονδία": 1778080144.9001014,
  "zalgirio arena": 1778080147.1761708,
  "προπονητήσ": 1778080150.504635,
  "αθλητική ένωση λάρισασ": 1778080152.7196114,
  "κρητη": 1778080154.9498777,
  "μόνιμεσ θέσεισ εργασίασ": 1778080157.5459285,
  "αθηναϊκή λέσχη": 1778080160.5579302,
  "novo nordisk": 1778080165.1894088,
  "ryanair": 1778080168.1418228,
  "μονακό": 1778086375.220816,
  "ted turner": 1778086377.0929883,
  "συνταξεισ ιουνιου 2026": 1778086379.2215137,
  "υπουργείο τουρισμού τησ ελλάδασ": 1778086381.049129,
  "παναθηναικοσ βαλενθια": 1778091160.6227553,
  "panathinaikos vs valencia basket": 1778091162.9735386,
  "panathinaikos valencia": 1778091165.2957814,
  "πληθωρισμόσ": 1778091167.7287998,
  "eurovision odds": 1778091171.1369452,
  "επεισόδιο": 1778091174.9435976
}