{
  "αμαλία κωστοπούλου": 1779557964.0813808,
  "χαλ": 1779557966.3933475,
  "bayern – vfb stuttgart": 1779557968.6202636,
  "μπάγερν μονάχου εναντίον στουτγκάρδη": 1779557971.0018783,
  "πειραιασ": 1779557973.357953,
  "εναλλακτική για τη γερμανία": 1779557975.8324683,
  "survivor ελλάδασ": 1779557978.1595623,
  "championship": 1779557980.8802478,
  "άντζελα δημητρίου": 1779557983.1398249,
  "bologna vs inter": 1779557985.1044884,
  "θέλτα βίγο εναντίον σεβίλλη": 1779561687.2512467,
  "αλέξανδροσ βεζένκοφ": 1779561689.4727,
  "μπέτισ εναντίον λεβάντε": 1779561691.493092,
  "αλαβέσ εναντίον ράγιο βαγιεκάνο": 1779561694.0590131,
  "real madrid vs athletic club": 1779561696.0010278,
  "valencia vs barcelona": 1779561698.1565444,
  "βαλένθια εναντίον μπαρτσελόνα": 1779561700.810122,
  "ρεάλ μαδρίτησ εναντίον αθλέτικ μπιλμπάο": 1779561703.1574523,
  "inter": 1779561705.626696,
  "τραμ": 1779561707.9542406,
  "harry kane": 1779565977.599459,
  "μαχητικό αεροσκάφοσ": 1779565979.5921586,
  "the boroughs": 1779565981.7714984,
  "εσπανιόλ βαρκελώνησ εναντίον ρεάλ σοσιεδάδ": 1779565984.2820406,
  "devil wears prada": 1779565986.6489358,
  "ματία φουρλάνι": 1779565988.934812,
  "λάτσιο εναντίον πίζα": 1779565990.9183385,
  "anne hathaway": 1779565993.2321906,
  "γιώργοσ μασούρασ": 1779565995.8032115,
  "la liga": 1779568893.8736403,
  "λακησ γαβαλασ": 1779568896.28772,
  "meryl streep": 1779568898.590488,
  "πρωτάθλημα ισπανίασ": 1779568901.0265076,
  "παγκόσμιο ρεκόρ": 1779568903.2831702,
  "laliga": 1779572359.0014713,
  "καίτη γαρμπή": 1779575735.2500339,
  "τσούτσουροσ": 1779575737.3829455,
  "rico verhoeven": 1779579468.2014797,
  "νίκοσ μωραΐτησ": 1779579470.229388,
  "valencia cf vs fc barcelona standings": 1779579472.0452492,
  "δίκαιο": 1779586427.651453,
  "cavaliers vs knicks": 1779601424.438824,
  "24 μαΐου": 1779601426.6740613,
  "j2us": 1779601428.9661202,
  "φρεγάτα": 1779601431.1256523,
  "εμυ": 1779601433.7457752,
  "weather": 1779601436.346164,
  "λοττο": 1779601438.6262784,
  "πόλεμοσ": 1779601440.5620358,
  "αντρέ λουίσ": 1779610100.0641804,
  "μέση ανατολή": 1779610102.2818582,
  "γιάννησ σμαραγδήσ": 1779610104.5223768,
  "ημερομηνία": 1779610106.5001495,
  "δημόσιο χρέοσ": 1779617184.242829,
  "λάκησ γαβαλάσ": 1779617186.5446498,
  "γιώργοσ θεοφάνουσ": 1779617188.9198375,
  "ολυμπιακοσ ρεαλ μπασκετ ωρα": 1779617191.1541607,
  "γιώργοσ φλωρίδησ": 1779622721.7734387,
  "τι ωρα ειναι ο τελικοσ μπασκετ": 1779622724.0752344,
  "αεροσκάφοσ": 1779622726.1071045,
  "rr vs mi": 1779622728.5333943,
  "άγιοσ έρωτασ": 1779622730.7621026,
  "άγιαξ εναντίον ουτρέχτη": 1779622732.7840164,
  "κορωνησια": 1779626705.8637378,
  "telekom center athens": 1779626707.990275,
  "γιάννησ πρετεντέρησ": 1779626710.0741208,
  "δήμοσ νέασ φιλαδέλφειασ - νέασ χαλκηδόνασ": 1779626712.202916,
  "final four τελικοσ": 1779626714.3293166,
  "η εφημερίδα των συντακτών": 1779626716.4209652,
  "πάρμα εναντίον σασουόλο": 1779631964.5206773,
  "μικροσ τελικοσ euroleague": 1779631966.7945287,
  "μόνικα μπελούτσι": 1779631969.103454,
  "ιωάννησ κωνσταντέλιασ": 1779631971.0527143,
  "εκλογεσ κυπροσ": 1779631973.263714,
  "αλέξησ γεωργούλησ": 1779631975.6897502,
  "sunderland vs chelsea": 1779636928.6407144,
  "roland garros 2026": 1779636930.976206,
  "dc vs kkr": 1779636933.1397972,
  "spurs vs everton": 1779636935.1486657,
  "west ham vs leeds": 1779636937.4939618,
  "man city vs aston villa": 1779636940.1741667,
  "palace vs arsenal": 1779636942.1352365,
  "paok24": 1779636944.413508,
  "τραυματισμόσ": 1779636946.7085435,
  "brighton vs man united": 1779636948.6659327,
  "χρήμα": 1779640723.5556223,
  "μάριουσ γκριγκόνισ": 1779640725.7438283,
  "νάπολι εναντίον ουντινέζε": 1779640728.4169261,
  "manchester united": 1779640730.2476945,
  "πληθωρισμόσ": 1779640732.5040603,
  "premier league": 1779640734.7944546,
  "liverpool": 1779640736.9064748,
  "σπύροσ μπιμπίλασ": 1779640739.0564766,
  "premier league table": 1779640741.47579,
  "west ham": 1779640743.3202991
}