{
  "ελέφαντασ": 1779972700.9491568,
  "φωτια τωρα": 1779972703.1734006,
  "ζωζώ σαπουντζάκη": 1779972705.628339,
  "εξετάσεισ": 1779972707.898807,
  "ελβετία": 1779972710.275103,
  "μαίρη συνατσάκη": 1779972713.1120257,
  "νατο": 1779972715.35357,
  "τελικόσ": 1779972717.8149488,
  "τσιτσιπασ": 1779986999.6876502,
  "tsitsipas": 1779987002.5569596,
  "δημήτρησ αλεξάνδρου": 1779987005.140803,
  "ερτ2": 1779987007.4427848,
  "επιδομα παιδιου": 1779987010.0945172,
  "μέταλλο": 1779987012.6372662,
  "εβάν φουρνιέ": 1779987015.2802212,
  "διαγωνισμόσ": 1779987017.6984951,
  "παο παοκ μπασκετ": 1779987020.105798,
  "panathinaikos vs paok": 1779987022.482738,
  "μέτε μάριτ πριγκίπισσα τησ νορβηγίασ": 1779996607.6046631,
  "stefanos tsitsipas": 1779996609.604555,
  "γιαννησ μαρκου": 1779996611.961333,
  "αντιπολίτευση": 1779996614.1849911,
  "πανσεληνοσ": 1779996616.6459785,
  "sabrina carpenter": 1779996619.2506602,
  "مصر ضد روسيا": 1779996621.7692635,
  "coachella 2026": 1779996623.8007462,
  "γιανίκ σίνερ": 1779996626.1037765,
  "κρατερόσ κατσούλησ": 1779996628.6644857,
  "κατερίνα λιόλιου": 1780003942.3623478,
  "μαρκ ζάκερμπεργκ": 1780003944.6605642,
  "μια νυχτα μονο επομενα επεισοδια": 1780003946.4959145,
  "queen": 1780013675.304798,
  "οπεκεπε": 1780029898.537359,
  "πανελληνιεσ": 1780029900.5002532,
  "καιροσ σημερα": 1780029902.984556,
  "spurs vs thunder": 1780029905.2919972,
  "masterchef": 1780029907.6235454,
  "nba playoffs": 1780029910.237203,
  "βημα": 1780043587.273873,
  "υπουργειο παιδειασ": 1780043589.2332394,
  "ποπ οτα": 1780043591.6101918,
  "θεματα πανελληνιων 2026": 1780043594.174122,
  "a21": 1780043596.6946273,
  "ντράγκαν σάκοτα": 1780043599.1325657,
  "επιδομα θερμανσησ 2026": 1780055594.935035,
  "γιάννησ παπαμιχαήλ": 1780055597.1354568,
  "ισπανία": 1780055599.3032954,
  "29 μαΐου": 1780055601.7608874,
  "μετρο θεσσαλονικησ": 1780055604.0246968
}