{
  "neymar jr": 1783289671.9582348,
  "nyland": 1783289674.2374442,
  "κωνσταντίνοσ μαγκλάρασ": 1783289676.3426397,
  "έρλινγκ χάλαντ": 1783289678.58114,
  "neymar": 1783289680.6484873,
  "tom francis": 1783289682.4933217,
  "bruno guimarães": 1783289684.3034143,
  "mexico vs england": 1783294139.5552664,
  "your face sounds familiar": 1783294141.5083852,
  "fifa world cup 2026™": 1783294143.477835,
  "μεξικο αγγλια": 1783294145.6753917,
  "fifa": 1783294147.9017608,
  "brasil": 1783294150.2946262,
  "england v mexico": 1783300552.8186066,
  "bbc iplayer": 1783300554.898682,
  "φιφα": 1783316263.9243615,
  "shell": 1783316266.1273901,
  "αποτελεσματα μουντιαλ": 1783316268.265188,
  "mexico fc": 1783316270.5374153,
  "μεξικό εναντίον αγγλία": 1783316272.590619,
  "σελήνη": 1783330774.5209377,
  "ντορέττα παπαδημητρίου": 1783330776.7999835,
  "f-35 lightning ii": 1783330778.8603168,
  "κυκλοφορία": 1783330780.986507,
  "iron bird seed": 1783330783.3400881,
  "fifa world cup games": 1783330785.4547813,
  "england world cup fixtures": 1783330787.8250546,
  "ισπανια πορτογαλια": 1783344467.344838,
  "δημόσια υπηρεσία απασχόλησησ": 1783344469.6310823,
  "ελένη μενεγάκη": 1783344471.7777765,
  "εθνική ομάδα ποδοσφαίρου ανδρών τησ ελλάδασ": 1783344473.9295235,
  "ευρώ": 1783344476.2429655,
  "ανεργία": 1783344478.5660443,
  "ακίνητη περιουσία": 1783344480.7505147,
  "βικτώρια δέλλα": 1783355778.6090164,
  "jota silva": 1783355780.9593966,
  "δεξαμενόπλοιο": 1783355782.907875,
  "νόμοσ κατρούγκαλου": 1783355784.857376,
  "νίκολα μίροτιτσ": 1783362517.9930105,
  "υπουργείο παιδείασ, θρησκευμάτων και αθλητισμού": 1783362519.9028912,
  "λητή": 1783362522.1402967,
  "portugal spain": 1783362523.9757438,
  "θάνατοσ": 1783362526.1921098,
  "μάριοσ θεμιστοκλέουσ": 1783362528.4092357,
  "unai simon": 1783369522.010445,
  "nuno mendes": 1783369524.2995965,
  "portugal – espagne": 1783369526.4406493,
  "πάτρα": 1783369528.7688792,
  "portugal spanien": 1783369530.812475,
  "ροναλντο": 1783369533.2170515,
  "cosmote tv": 1783369535.5659232,
  "zdf": 1783369537.860957,
  "yamal": 1783369540.2185743,
  "τόμασ γουόκαπ": 1783374811.9561892,
  "euro": 1783374814.349526,
  "δήμοσ": 1783374816.7055552,
  "ferran torres": 1783374819.1688838,
  "εθνική ομάδα ποδοσφαίρου ανδρών τησ ισπανίασ": 1783374821.8834686,
  "bruno fernandes": 1783374823.887888,
  "javier bardem": 1783374826.1725442,
  "portugal espagne": 1783374828.1072206,
  "dani olmo": 1783374830.3155618,
  "rodri": 1783374832.5293407
}