{
  "fifa world cup standings": 1782603070.0036101,
  "colombia vs portugal": 1782603072.2091722,
  "κολομβία εναντίον πορτογαλία": 1782603074.8375084,
  "england v panama": 1782603077.287849,
  "portugal fc": 1782610621.2139444,
  "ελένη τσολάκη": 1782610623.4633758,
  "γιορτη σημερα": 1782626395.6294296,
  "ποιοσ γιορτάζει σήμερα": 1782626398.2514002,
  "χαλκιδική": 1782626400.505661,
  "wm": 1782626402.7822332,
  "φαίη σκορδά": 1782626405.0063007,
  "ζευγαρια 32 μουντιαλ": 1782626407.2855895,
  "england world cup fixtures": 1782626409.2066708,
  "λιονέλ μέσι": 1782626411.3283312,
  "bbc sport": 1782626413.2411466,
  "algeria vs austria": 1782626415.1560318,
  "bangladesh vs zimbabwe": 1782638472.808838,
  "λευκάδα": 1782638475.204948,
  "φωτιά": 1782638477.3977468,
  "μόουζεσ ράιτ": 1782638479.611791,
  "ανοιχτα μαγαζια κυριακη": 1782638481.540528,
  "28 ιουνιου γιορτη": 1782638483.4571471,
  "lucas trejo": 1782645527.5980442,
  "λιβύη": 1782645529.6031203,
  "φορολογία": 1782645531.8520877,
  "οικονομακου λασκαρακη": 1782650830.0095453,
  "turnierbaum der fifa fußball-wm 2026": 1782656858.271161,
  "συντριβή αεροσκάφουσ": 1782656860.5615191,
  "formula 1": 1782656862.781223,
  "fifa world cup 2026 bracket": 1782656864.6146934,
  "λιβαδειά": 1782656866.686228,
  "ant1": 1782656869.1357136,
  "ναυάγιο": 1782656871.2003672,
  "ireland vs india": 1782656873.3425803,
  "motogp": 1782656875.5555797,
  "το πρωινό": 1782656877.6083767,
  "θεοδώρα τζάκρη": 1782661779.6453817,
  "f1 austria": 1782661781.9319835,
  "βενεζουέλα": 1782665441.8561754,
  "συνταξεισ αυγουστου 2026": 1782669615.0436537,
  "λιούμπομιρ τούπτα": 1782669617.5655835,
  "tabellone mondiali fifa 2026": 1782669619.5033748,
  "κόρινθοσ": 1782669622.0213423,
  "diamond league": 1782669624.484309,
  "south africa vs canada": 1782675759.518674,
  "νοτια αφρικη καναδασ": 1782675761.6049864,
  "λάκησ λαζόπουλοσ": 1782675763.868855,
  "νότια κορέα": 1782675766.2402296,
  "πανσεληνοσ ιουνιου 2026": 1782675768.5858948,
  "julia roberts": 1782679528.9187343,
  "μπενιαμίν νετανιάχου": 1782679531.1062315,
  "τζόναθαν άιζακ": 1782679533.1953638,
  "jessica alba": 1782679535.3718767,
  "πολιτική": 1782683178.0218759,
  "full moon": 1782683180.3951583,
  "δημήτρησ διαμαντίδησ": 1782686734.549306
}