{
  "σεισμοσ τωρα": 1783467527.2878928,
  "earthquake near me": 1783467529.4871588,
  "μπαμπα σ'αγαπω επεισοδιο 60": 1783467531.5982099,
  "world cup bracket": 1783467533.7850645,
  "αγωνεσ μουντιαλ σημερα": 1783484949.524552,
  "πρώτο θέμα": 1783484951.491106,
  "κρήτη": 1783484953.9194753,
  "connor murphy": 1783484955.8856325,
  "xhaka": 1783484958.29822,
  "σχολείο": 1783494275.739535,
  "τεχεράνη": 1783494278.1711547,
  "γιαμπουσελε": 1783494280.4429412,
  "boeing 737": 1783494282.8522139,
  "πόλεμοσ": 1783494285.1523373,
  "8 ιουλίου": 1783494287.4206707,
  "κατερίνα καραβάτου": 1783494289.9850788,
  "πρίγκιπασ": 1783494292.391911,
  "μοντερο": 1783509959.3997173,
  "κίεβο": 1783509961.972086,
  "olympiacos bc": 1783509964.3296323,
  "νίκολα γιόκιτσ": 1783509966.6017625,
  "eurocup": 1783515552.0097606,
  "νίκοσ οικονομόπουλοσ": 1783515554.470123,
  "αργοσ": 1783515556.8942115,
  "καιροσ αθηνα": 1783524280.8685133,
  "λύκειο": 1783524283.4630215,
  "ουκρανία": 1783524286.062501,
  "γιώργοσ μπαρτζώκασ": 1783524288.4797916,
  "γιώργοσ αγγελόπουλοσ": 1783524290.7407997,
  "παύλοσ πολάκησ": 1783524292.7828293,
  "ολυμπιακοσ": 1783529722.8665037,
  "επιταγή": 1783529725.2138562,
  "αχμέτ νταβούτογλου": 1783529727.339822,
  "ολυμπιακόσ": 1783529729.5372405,
  "πυροσβεστικό σώμα ελλάδασ": 1783529731.8612595,
  "καιροσ": 1783529734.2070165,
  "κούλλησ νικολάου": 1783529736.8894932,
  "arthur fery": 1783529739.6189039,
  "κατερίνα βρανά": 1783529742.2802567,
  "weather tomorrow": 1783534439.5798354,
  "αγγλία": 1783534442.252651,
  "wimbledon 2026": 1783534445.0626066,
  "δάνειο": 1783534447.5344748,
  "εξαφάνιση": 1783534449.7955625,
  "λαικο λαχειο": 1783540588.2540975,
  "mega live": 1783540590.4459617,
  "ferrari": 1783540592.641908,
  "εργοστάσιο": 1783540595.0198567,
  "μουντιαλ σημερα": 1783540597.4710174,
  "الطقس غدًا": 1783540600.4125226,
  "погода завтра": 1783540602.2892864,
  "ο καιρόσ αύριο": 1783540604.6874614,
  "fenerbahçe - admira": 1783540606.637065,
  "yarınki hava durumu": 1783540609.3752677,
  "taken": 1783544632.6639462,
  "το σοι σου": 1783544635.1570542,
  "αελ": 1783544637.720793,
  "λοττο": 1783544639.643068,
  "στοίχημα κουπόνι": 1783544642.1795347,
  "γαλλια μαροκο": 1783544644.666692,
  "γη τησ ελιασ": 1783548888.7549622,
  "το σπίτι δίπλα στο ποτάμι": 1783548890.8988106,
  "το σπιτι διπλα στο ποταμι": 1783548893.3433416,
  "ρουβασ ζυγουλη": 1783548895.8791625,
  "ετεροσ εγω": 1783548898.1620586,
  "μιλγουόκι μπακσ": 1783553474.732358,
  "ζησησ στυλιανοσ": 1783553477.1110916
}