{
  "ηπα βοσνια": 1782962546.5405772,
  "jaylen brown": 1782962548.4509704,
  "usa vs bosnia and herzegovina": 1782962550.6814864,
  "γιάννησ σγουρόσ": 1782962552.7347934,
  "κεφάλαιο": 1782975210.3172643,
  "τζένη ζαχαροπούλου": 1782975212.7577255,
  "ιωάννα τούνη": 1782975215.3139992,
  "καταιγίδα": 1782975217.713202,
  "έκλειψη ηλίου": 1782975220.042118,
  "κύπροσ": 1782975222.1244745,
  "empire state building": 1782986152.3041887,
  "angela nikolau": 1782986154.5884523,
  "άρθρο": 1782986156.4799798,
  "πρόεδροσ τησ αυστρίασ": 1782986158.954239,
  "κίνα": 1782993978.7724667,
  "γιώργοσ γεροντιδάκησ": 1782993981.097224,
  "προπονητήσ": 1783002337.4108636,
  "ρωσία": 1783002339.91168,
  "χαβιέρ ριμπάλτα": 1783002342.1514256,
  "λένα κιτσοπούλου": 1783002344.577076,
  "υπάλληλοσ": 1783002346.8994474,
  "ιδρυτήσ": 1783002349.165038,
  "λύσσα": 1783002351.5300198,
  "απόστολοσ ρουβάσ": 1783002353.7150156,
  "υπουργείο παιδείασ θρησκευμάτων και αθλητισμού": 1783002356.0762496,
  "mega tv live": 1783009079.8707907,
  "κάρπαθοσ": 1783009082.0577788,
  "χοακίν σορόγια": 1783009084.2508974,
  "πολυκατοικία": 1783009086.4726982,
  "ελλαδα μπασκετ": 1783015469.059149,
  "ζωή κωνσταντοπούλου": 1783015471.0321193,
  "νεο καραισκακη": 1783015473.3044448,
  "άρτα": 1783015475.769687,
  "κατερίνα καινούργιου": 1783015477.9794872,
  "μεσσηνία": 1783021548.933021,
  "γουίμπλεντον": 1783021551.1945677,
  "ισπανία εναντίον αυστρία": 1783021553.1553516,
  "lamine yamal": 1783021555.902241,
  "spanien – österreich": 1783021558.128553,
  "cutremur": 1783021560.5516505,
  "spain vs austria": 1783021563.193351,
  "spain fc": 1783025112.430206,
  "τζοκερ": 1783025114.3739507,
  "protothema": 1783025116.9917698,
  "πλοιοκτήτησ": 1783025119.2024362,
  "oyarzabal": 1783025121.1365695,
  "penelope cruz": 1783025123.4763062,
  "οπαδοι παναθηναικου": 1783025125.8424046,
  "ertflix": 1783025128.1340942,
  "αιμοδοσία": 1783029034.8879745,
  "πορτογαλια κροατια": 1783029037.1205482,
  "ψάρι": 1783029039.2472699,
  "portugal vs croatia": 1783033132.8516033,
  "boeing": 1783033135.302099,
  "παοκ": 1783033137.4969957,
  "cucurella": 1783033139.621436,
  "alaba": 1783033141.7744415,
  "portugal fc": 1783037405.2826586,
  "joker": 1783037407.2539344,
  "πορτογαλία εναντίον κροατία": 1783037409.4550989,
  "diogo jota": 1783037411.4184942
}