{
  "γη τησ ελιασ": 1783548888.7549622,
  "το σπίτι δίπλα στο ποτάμι": 1783548890.8988106,
  "το σπιτι διπλα στο ποταμι": 1783548893.3433416,
  "ρουβασ ζυγουλη": 1783548895.8791625,
  "ετεροσ εγω": 1783548898.1620586,
  "μιλγουόκι μπακσ": 1783553474.732358,
  "ζησησ στυλιανοσ": 1783553477.1110916,
  "καιροσ θεσσαλονικη": 1783559557.521811,
  "météo": 1783573688.4857693,
  "αθλητικεσ μεταδοσεισ": 1783573690.9459462,
  "καιρόσ": 1783573693.1382344,
  "الطقس": 1783573695.2541227,
  "μετεο": 1783573697.5681639,
  "ζώδιο": 1783573700.1051462,
  "weather": 1783573702.536728,
  "погода": 1783573704.8919537,
  "времето": 1783573706.7974658,
  "hava durumu": 1783573708.9404147,
  "παολα ρεβενιωτη": 1783586431.720287,
  "zimbabwe vs bangladesh": 1783586433.9095175,
  "ααδε": 1783586436.5171359,
  "jota silva": 1783586438.4191055,
  "σισμανογλειο": 1783586440.96381,
  "έκρηξη": 1783586443.6305902,
  "πρωτοθεμα": 1783586446.4760475,
  "alpha bank": 1783586448.6579473,
  "capital": 1783586451.1262078,
  "πρωτο θεμα": 1783586453.1684728,
  "μπόνι τάιλερ": 1783597009.9377663,
  "bonnie tyler": 1783597012.228021,
  "πρόστιμο": 1783597014.6525943,
  "9 ιουλιου γιορτη": 1783597016.4915507,
  "ricardo mangas": 1783597018.5507648,
  "επίτιμοσ διδάκτορασ": 1783606288.9389963,
  "βαγια νεστορα ποια ειναι": 1783606291.3647993,
  "βενζίνη": 1783606293.9755473,
  "τζένιφερ λόπεζ": 1783606296.3473372,
  "f16": 1783606298.8497899,
  "φωτια καλοχωρι": 1783606301.2192328,
  "προσγείωση": 1783606304.0268881,
  "πανεπιστήμιο αιγαίου": 1783606306.5363219,
  "σαλμονέλα": 1783606308.6170304,
  "ίλον μασκ": 1783606310.7309225,
  "γιώργοσ γιακουμάκησ": 1783615394.9345047,
  "taha ali": 1783615397.1531525,
  "αριστοτέλειο πανεπιστήμιο θεσσαλονίκησ": 1783615399.0527804,
  "γιώργοσ τσαλίκησ": 1783615401.2704506,
  "zakynthos airport": 1783615403.4113188,
  "αθηνά οικονομάκου": 1783615406.1053612,
  "erling haaland": 1783615408.4861538,
  "φωτιά καλοχώρι": 1783615411.293181,
  "κίναν έβανσ": 1783621727.4207118,
  "india national cricket team vs england cricket team match scorecard": 1783621729.880654,
  "μαρόκο": 1783621732.3929076,
  "india vs england": 1783621734.7700434,
  "οικοδόμοσ": 1783621737.1664817,
  "2030": 1783621739.4958615,
  "ertflix": 1783628453.393005,
  "hakimi": 1783628455.6934366,
  "ερτ2 σπορ live": 1783628458.3106937,
  "francia marocco": 1783628460.763416,
  "ert": 1783628463.0974724,
  "τσεχία": 1783628465.3772457,
  "cosmote tv": 1783628467.8797886,
  "frankreich – marokko": 1783628469.943642,
  "μαροκο": 1783628472.4437013,
  "μπραχίμ ντίαθ": 1783628474.8793967,
  "digne": 1783634033.0679166,
  "chat gpt": 1783634035.4032075,
  "france fc": 1783634037.7410026,
  "shakira": 1783634040.0180542,
  "griezmann": 1783634042.3011036,
  "brahim diaz": 1783634044.9436595,
  "bono": 1783634047.2151809,
  "frankrijk marokko": 1783634049.3671021,
  "dembele": 1783634051.4624524
}