{
  "ιωάννησ μελισσανίδησ": 1780656171.1558676,
  "κεμ μπιρτσ": 1780656173.5752082,
  "έλενα τοπαλίδου": 1780656175.7542543,
  "nova": 1780656177.9691806,
  "υπουργείο παιδείασ": 1780656180.1241715,
  "χημεια πανελληνιεσ 2026": 1780656182.2519503,
  "ναυπήγηση": 1780667090.9617445,
  "alexander zverev": 1780667093.3335524,
  "larkin": 1780667095.385003,
  "boeing 787 dreamliner": 1780667097.677162,
  "κατερίνα καινούργιου": 1780667100.0613616,
  "νικολάσ αντερέγκεν": 1780667102.292746,
  "στίβεν σιγκάλ": 1780667104.5450332,
  "khem birch": 1780667107.1789155,
  "anthony head": 1780676344.8827076,
  "zverev": 1780676347.2828023,
  "σωκράτησ φάμελλοσ": 1780676349.3303328,
  "μεξικό": 1780676352.0782378,
  "κυκλοφορία": 1780676354.7222693,
  "ertflix": 1780683372.2674332,
  "ert": 1780683374.5921223,
  "ert 2 live": 1780683376.9294581,
  "panathinaikos vs olympiacos": 1780683379.6133292,
  "γιώργοσ λιανόσ": 1780683381.6968143,
  "πουτιν": 1780683383.9583411,
  "γεώργιοσ σουφλιάσ": 1780683386.1710246,
  "κέντρικ ναν": 1780683388.0252554,
  "παναθηναικοσ ολυμπιακοσ μπασκετ": 1780683390.1352258,
  "μπάσκετ παναθηναϊκόσ σήμερα live": 1780690550.8279033,
  "διεθνήσ διαστημικόσ σταθμόσ": 1780690553.8231382,
  "αλίκη καραμανλή": 1780690555.905157,
  "flashscore": 1780690558.5702426,
  "παο ολυμπιακοσ": 1780690561.1972072,
  "παο μπασκετ": 1780690564.5438104,
  "φώτησ σεργουλόπουλοσ": 1780690567.7520165,
  "γιώργοσ μπαρτζώκασ": 1780696005.0497246,
  "gazzetta": 1780696008.0132723,
  "ευα καρυδη": 1780696010.9372728,
  "λεπενιωτησ": 1780696014.1338012,
  "μουντιαλ 2026": 1780696017.272195,
  "μετεωρίτησ": 1780699720.9458969,
  "guild wars 3": 1780699723.9294522,
  "παναθηναϊκόσ μπάσκετ": 1780699726.693589,
  "παναθηναϊκόσ εναντίον ολυμπιακόσ": 1780703606.7536116,
  "καρκίνοσ παχέοσ εντέρου": 1780726170.8673716,
  "ηλικιωμένοσ": 1780726174.1188688,
  "έρημοσ σαχάρα": 1780726176.146283,
  "6 ιουνίου": 1780726179.0239043,
  "india vs afghanistan": 1780726181.9155362,
  "www.24sports.com.cy": 1780726184.9663913,
  "διεθνήσ αερολιμένασ αθηνών ελευθέριοσ βενιζέλοσ": 1780726187.975818,
  "απεργία": 1780726190.8753207,
  "δικαστική εξουσία": 1780726197.7117896,
  "το σπιτι διπλα στο ποταμι": 1780726199.7085814,
  "πέτροσ κωστόπουλοσ": 1780735546.5452662,
  "βόρεια κορέα": 1780735549.6778061,
  "κρυπτονόμισμα": 1780735554.0140948
}