{
  "νατο": 1782911764.8784451,
  "αρμενία": 1782911767.2813406,
  "βασίλησ λεβέντησ": 1782911769.5793612,
  "ελένη φουρέιρα": 1782911771.7839339,
  "ρετζέπ ταγίπ ερντογάν": 1782911774.0642111,
  "στεγαστικο φοιτητικο επιδομα 2026": 1782911776.247402,
  "σάντρο μαμουκελασβίλι": 1782921364.961806,
  "helmond sport vs panathinaikos": 1782921366.8361928,
  "αγγλία εναντίον λαϊκή δημοκρατία του κονγκό": 1782921368.7161324,
  "wimbledon 2026": 1782921370.8443196,
  "χέλμοντ εναντίον παναθηναϊκόσ": 1782921373.1696754,
  "παοκ εναντίον σκ μπέβερεν": 1782921375.4190824,
  "wimbledon": 1782921377.4353523,
  "open tv": 1782921379.901133,
  "συντάξεισ αυγουστου": 1782921381.9720335,
  "αελ": 1782921384.1243932,
  "shein": 1782928259.4013183,
  "καλαποδι φθιωτιδασ": 1782928261.7529879,
  "προγραμμα μουντιαλ 2026": 1782935040.8096926,
  "κυβέρνηση": 1782935043.1152656,
  "mega": 1782935045.1976397,
  "βελγιο σενεγαλη προγνωστικα": 1782935047.07361,
  "υπουργείο παιδείασ, θρησκευμάτων και αθλητισμού": 1782935049.1662986,
  "τσιτσιπασ τζοκοβιτσ": 1782935051.384328,
  "angleterre – rd congo": 1782935053.7020845,
  "αύγουστοσ κορτώ": 1782935055.9473257,
  "congo fc": 1782935058.1853049,
  "mpasi": 1782935060.3049512,
  "belgique – sénégal": 1782940321.1892655,
  "belgium vs senegal": 1782940323.300764,
  "δανάη μπάρκα": 1782940325.5894938,
  "καλαπόδι": 1782940327.7945642,
  "βελγιο σενεγαλη": 1782940329.7160835,
  "φέντορ τσάλοφ": 1782940331.7794971,
  "novak djokovic": 1782940334.1107268,
  "μοχάμεντ σαλάχ": 1782945674.3272169,
  "απάτη": 1782950201.6890414,
  "belgium senegal": 1782950204.039499,
  "ηπα βοσνια": 1782962546.5405772,
  "jaylen brown": 1782962548.4509704,
  "usa vs bosnia and herzegovina": 1782962550.6814864,
  "γιάννησ σγουρόσ": 1782962552.7347934,
  "κεφάλαιο": 1782975210.3172643,
  "τζένη ζαχαροπούλου": 1782975212.7577255,
  "ιωάννα τούνη": 1782975215.3139992,
  "καταιγίδα": 1782975217.713202,
  "έκλειψη ηλίου": 1782975220.042118,
  "κύπροσ": 1782975222.1244745,
  "empire state building": 1782986152.3041887,
  "angela nikolau": 1782986154.5884523,
  "άρθρο": 1782986156.4799798,
  "πρόεδροσ τησ αυστρίασ": 1782986158.954239,
  "κίνα": 1782993978.7724667,
  "γιώργοσ γεροντιδάκησ": 1782993981.097224
}