{
  "10 ιουνίου": 1781071542.5144432,
  "λιονέλ μέσι": 1781071545.0986798,
  "αθήνα": 1781071547.713244,
  "μπελφαστ": 1781071549.5255125,
  "νόμοσ κατσέλη": 1781071552.2654223,
  "ασεπ": 1781071555.2158864,
  "αργεντινή εναντίον ισλανδία": 1781071557.021097,
  "ζούγκλα": 1781071559.6261039,
  "εκτιμησεισ βασεων 2026": 1781086756.6026862,
  "κατώτατοσ μισθόσ": 1781086759.2973368,
  "κακοκαιρία": 1781086762.4221175,
  "gap": 1781086764.291226,
  "απόστολοσ ρουβάσ": 1781086766.9071333,
  "ενίσχυση": 1781086769.7530437,
  "μουντιαλ 2026": 1781099511.9338973,
  "πιλότοσ": 1781099514.8730736,
  "αγησίλαοσ τουμαζάτοσ": 1781099516.682064,
  "φολέγανδροσ": 1781099519.3840973,
  "σειρά": 1781099521.9352064,
  "ραζβάν λουτσέσκου": 1781110507.7112892,
  "ρεάλ μαδρίτησ": 1781110510.612908,
  "αγιοσ έρωτασ": 1781110513.1893375,
  "ρένια λουϊζίδου": 1781110515.6792452,
  "ρωσία": 1781110518.215162,
  "μάριοσ ηλιόπουλοσ": 1781110520.8837771,
  "σπύροσ παπαδόπουλοσ": 1781110523.6335485,
  "γιάννησ αϊβάζησ": 1781110526.3613842,
  "πολιτικό κόμμα": 1781110528.9297714,
  "starlink": 1781110531.598689,
  "ολυμπιακοσ παναθηναικοσ μπασκετ": 1781119793.7352479,
  "πορτογαλία εναντίον νιγηρία": 1781119796.6274974,
  "δημητρησ βογιατζησ": 1781119799.6034734,
  "olympiacos bc": 1781119802.5402005,
  "sofascore": 1781119805.6349404,
  "παο ολυμπιακοσ μπασκετ": 1781119808.882048,
  "flashscore": 1781119812.6894195,
  "παναθηναικοσ ολυμπιακοσ μπασκετ": 1781119814.7351234,
  "ert": 1781119817.621893,
  "ιωάννινα": 1781119820.6749172,
  "ticketmaster": 1781127383.455076,
  "sport24": 1781127385.350224,
  "αγγλία εναντίον κόστα ρίκα": 1781127387.9240654,
  "ευρώπη": 1781127390.6175697,
  "livescore": 1781127393.3655448,
  "gazzetta": 1781127396.1789198,
  "τολιοπουλοσ": 1781127399.1416218,
  "αλμπέρτο μποτία": 1781127402.5020103,
  "αεροδρόμιο": 1781127405.337216,
  "england vs costa rica": 1781127408.0885417,
  "κριστιάνο ρονάλντο": 1781133175.7457268,
  "κέντρικ ναν": 1781133178.3793154,
  "world cup": 1781133180.8940687,
  "knicks vs spurs": 1781142096.6748421,
  "novibet": 1781142099.0787263
}