{
  "fenerbahçe - górnik zabrze": 1784660221.9417996,
  "φενερμπαχτσέ εναντίον γκόρνικ ζάμπρζε": 1784660223.9096222,
  "الطقس غدًا": 1784660225.8023348,
  "погода завтра": 1784660227.923805,
  "ο καιρόσ αύριο": 1784660230.1466048,
  "weather tomorrow": 1784660232.2417662,
  "wetter morgen": 1784660234.3009841,
  "vremea de mâine": 1784660236.5006037,
  "καιροσ βολοσ": 1784665057.180834,
  "ларн – црвена звезда": 1784665059.608197,
  "fenerbahçe": 1784665061.8077748,
  "επο - ελληνική ποδοσφαιρική ομοσπονδία": 1784665064.0775788,
  "météo demain": 1784665066.1242142,
  "holnapi időjárás": 1784665068.4929357,
  "νατο": 1784669690.6533592,
  "champions league": 1784669692.8674455,
  "γιώργοσ λιάγκασ": 1784669694.9952776,
  "εβάν φουρνιέ": 1784669697.1396747,
  "καιροσ κερκυρα": 1784669699.3353424,
  "ευρυδίκη βαλαβάνη": 1784669701.5528367,
  "επιβάτησ": 1784673048.994344,
  "μαγνησία": 1784673051.159376,
  "τζέιμσ χάρντεν": 1784673053.2011592,
  "χάκερ": 1784673055.20901,
  "πλοίο": 1784673057.2345946,
  "σταυροσ γεωργιου": 1784673059.0721421,
  "ανακοινωση βασεων 2026": 1784682145.4001005,
  "ζώδιο": 1784694485.9714618,
  "πολιτική": 1784694488.0742226,
  "καιρόσ": 1784694490.161391,
  "χρυσόσ ολυμπιονίκησ": 1784694492.226219,
  "времето": 1784694494.0912373,
  "πρόστιμο": 1784694496.2707596,
  "λαχειο": 1784694498.749488,
  "loto": 1784694500.7968805,
  "μαιρη λιντα": 1784704301.6817513,
  "χοσέ λουίσ μεντιλίμπαρ": 1784704304.0585487,
  "22 ιουλίου γιορτή": 1784704306.0668635,
  "wetter": 1784704308.4065793,
  "απαγορευση εργασιασ λογω καυσωνα": 1784704310.4729624,
  "κρυπτονόμισμα": 1784704312.7516139,
  "météo": 1784704314.9907804,
  "ολυμπιακόσ σφπ": 1784704317.2248304,
  "meteo": 1784704319.4616914,
  "hava durumu": 1784704321.6434863,
  "προεδρικό μέγαρο": 1784713183.8191526,
  "κάτια ζυγούλη": 1784713185.8606021,
  "κέιλι χοτλ": 1784713187.8780916,
  "κακοκαιρία": 1784713190.0058045,
  "νεκροψία": 1784713192.1914794,
  "ποτε θα ανακοινωθουν οι βασεισ 2026": 1784713194.0105278,
  "22 ιουλίου": 1784713196.167229,
  "καταιγίδα": 1784719726.1520433,
  "διαρροή αερίου": 1784719728.4449399,
  "23 ιουλίου": 1784719730.7110617,
  "κυριάκοσ μητσοτάκησ": 1784719733.1065621,
  "remo freuler": 1784719735.2986953,
  "φόρεστ εναντίον μπλάκμπερν": 1784719737.273746,
  "υποχρεωτικη παυση εργασιων λογω καυσωνα": 1784719739.501647,
  "αμμουδάρα": 1784725174.155645,
  "πνιγμόσ": 1784725176.2840393,
  "iphone": 1784725178.1516788,
  "ρία ελληνίδου": 1784725180.306778,
  "μοντέλο τεχνητήσ νοημοσύνησ": 1784725182.5907195,
  "samuel onuha": 1784725184.6807275,
  "joselu": 1784725186.5534573,
  "νοσοκομείο": 1784732856.0937734,
  "διακοπή ρεύματοσ": 1784732862.1503913,
  "νέα κρήτη": 1784732864.6468678,
  "instagram": 1784732866.6406367,
  "βάντα πιέρρη": 1784732868.9238896,
  "ελ αραμπι": 1784732871.1913598,
  "kefalonia": 1784732873.5399013,
  "σία κοσιώνη": 1784732875.778784,
  "σαλμασ": 1784732877.962748,
  "ε65": 1784732880.1647732,
  "τότεναμ εναντίον μκ ντονσ": 1784738475.1019626,
  "καλαθοσφαίριση": 1784738477.228071,
  "γιάννησ αντετοκούνμπο": 1784738479.6289878,
  "σαουδική αραβία": 1784738481.5437233,
  "κυβερνοεπίθεση": 1784738483.6669292,
  "τουρκική εισβολή στην κύπρο": 1784738485.770829,
  "τιμή": 1784738487.8569772,
  "μάρκο νίκολιτσ": 1784742924.626104,
  "meteo di domani": 1784742926.756539,
  "in.gr": 1784742928.858529,
  "ομόνοια λευκωσίασ εναντίον καϊράτ": 1784742930.7793744,
  "24 ιουλίου": 1784742933.1264858
}