{
  "ufc": 1778364218.3155513,
  "γεώργιοσ παπαγιάννησ": 1778364220.6563349,
  "αλιφερη": 1778364222.8790874,
  "χριστινα λιβανου": 1778364225.2651079,
  "metallica τρυπεσ": 1778364227.6764715,
  "προκήρυξη ιατρών εσυ": 1778364229.6731822,
  "mother's day": 1778367600.5150259,
  "ένοπλεσ δυνάμεισ": 1778367602.81025,
  "khamzat vs strickland": 1778370975.2609084,
  "chimaev vs strickland": 1778380822.4283526,
  "chimaev strickland": 1778380824.7957573,
  "τζέιμσ χέτφιλντ": 1778380826.8090277,
  "10 μαΐου": 1778392371.3223846,
  "κατώτατοσ μισθόσ": 1778392374.2570837,
  "wordle": 1778392376.3944218,
  "καλαθοσφαίριση": 1778392379.2914562,
  "γιορτη τησ μητερασ": 1778392382.3574724,
  "eidhseis": 1778392384.9221573,
  "lakers": 1778392387.7262444,
  "τζο αρλάουκασ": 1778392389.910683,
  "lakers vs thunder": 1778400066.271259,
  "κλειστοι δρομοι σημερα": 1778400069.4278576,
  "απεργια 13 μαιου": 1778400072.5225706,
  "bangladesh vs pakistan": 1778400075.7548053,
  "αποτελεσματα κοινωνικού τουρισμού": 1778400079.4156413,
  "άννα πρέλεβιτσ": 1778406370.5758564,
  "δημήτρησ παπανικολάου": 1778406373.4463136,
  "καλλιθέα": 1778410091.591206,
  "βερόνα εναντίον κόμο": 1778410094.5589979,
  "νερό": 1778410097.6654859,
  "just the two of us ελλάδασ": 1778410100.6862009,
  "ποδόσφαιρο": 1778413037.5000315,
  "lsg vs csk": 1778413043.305952,
  "λευκαδα": 1778416724.633282,
  "φόρεστ εναντίον νιούκασλ γιουνάιτεντ": 1778416727.7080555,
  "γεωργία": 1778416730.6599228,
  "καταγγελία": 1778416733.512697,
  "γρηγόρησ δημητριάδησ": 1778416738.905853,
  "aris vs ofi": 1778421947.8863435,
  "palace vs everton": 1778421949.7544205,
  "burnley vs aston villa": 1778421951.5866792,
  "η καθημερινή": 1778421953.4349346,
  "άρησ εναντίον οφη": 1778421956.336734,
  "βόλοσ εναντίον λεβαδειακόσ": 1778421960.6322472,
  "urvil patel": 1778421963.4455686,
  "survivor ελλάδασ": 1778421966.3057077,
  "τέιλορ σουίφτ": 1778421971.0586548,
  "nottm forest vs newcastle": 1778421973.9747393,
  "west ham vs arsenal": 1778425699.790295,
  "γουέστ χαμ εναντίον άρσεναλ": 1778425717.1184661,
  "mi vs rcb": 1778425734.483514,
  "κιλιάν μπαπέ": 1778425751.9075527,
  "αρησ": 1778425769.2774723,
  "hsv – freiburg": 1778425786.6687799,
  "λάκησ λαζόπουλοσ": 1778425804.0666173,
  "ολυμπιακοσ παοκ": 1778425821.4890199,
  "αθλέτικ μπιλμπάο εναντίον βαλένθια": 1778425838.860283,
  "χρήστοσ χολίδησ": 1778425856.2970407,
  "f16": 1778429188.7914371,
  "πάρμα εναντίον ρόμα": 1778429190.8426719,
  "αεροδρόμιο": 1778429193.9143076,
  "κυκλοφορία": 1778429197.567664,
  "ολυμπιακόσ παοκ": 1778429200.5942836,
  "ολυμπιακόσ εναντίον παοκ": 1778429202.7176616,
  "αεκ εναντίον παναθηναϊκόσ": 1778429205.9066336,
  "aek athens vs panathinaikos": 1778429213.300951,
  "olympiacos vs paok": 1778429215.3342915,
  "ταρίκ μπιμπέροβιτσ": 1778429218.444691,
  "valencia basket vs baskonia": 1778433094.6934588,
  "aek fc": 1778433111.727564,
  "παοκ": 1778433123.422254,
  "superleague": 1778433132.8849523,
  "αθλητικά": 1778433136.833737,
  "akylas ferto": 1778433139.92057,
  "köln – heidenheim": 1778433150.5547388,
  "cosmote tv": 1778433163.1605842,
  "aek pao": 1778433167.6639209,
  "ερα σπορ": 1778433170.6817222,
  "εισόδημα": 1778436229.8747709,
  "σαουδική αραβία": 1778436233.7385526,
  "ανεξάρτητη αρχή δημοσίων εσόδων": 1778436235.7803342,
  "αεκ": 1778436238.8369863,
  "la liga": 1778440771.7201018,
  "barca": 1778440775.276655,
  "real": 1778440779.68152,
  "sportfm": 1778440785.198102,
  "psg vs brest": 1778440788.739513,
  "برشلونة ضد الريال": 1778440791.8648524,
  "ολυμπιακοσ αεκ": 1778440794.8832276,
  "αεκ ολυμπιακόσ": 1778440796.9611034,
  "μπαρτσελόνα εναντίον ρεάλ μαδρίτησ": 1778440799.9841003,
  "barcelona vs real madrid": 1778440803.5430465,
  "olivia rodrigo": 1778443576.7910023,
  "fc barcelona – real madryt": 1778443579.723477,
  "hantavirusmap": 1778443582.7441003,
  "ανακαινίσεισ κατοικιών": 1778443585.562498,
  "ζωδια": 1778446919.9711294,
  "ασ μονακό": 1778446923.8400111,
  "ligue 1": 1778446926.5775785,
  "οι αθωοι": 1778446929.7379942,
  "τάσοσ ιορδανίδησ": 1778446932.5249116,
  "eurovision 2025": 1778446935.6436486,
  "δημοσιογράφοσ": 1778446938.5674863,
  "χανταιοσ ελλαδα": 1778446941.384912,
  "eurovision": 1778446943.2162335,
  "εμεισ λεωφορο εσεισ βοτανικο": 1778446945.9946449,
  "eurovision 2026": 1778450394.6480563,
  "hansi flick": 1778450397.5764966,
  "μαραντινησ": 1778450400.6099184
}