{
  "a21": 1782830441.509252,
  "antonio miguel cardoso": 1782830443.5958521,
  "φωτια θεσσαλονικη τωρα": 1782830445.913717,
  "σταματίνα τσιμτσιλή": 1782830447.7378254,
  "άλεκ πίτερσ": 1782830449.8232543,
  "φοιτητικο στεγαστικο επιδομα 2026": 1782830451.9456286,
  "news": 1782830453.9696853,
  "α21": 1782838485.75578,
  "skai": 1782838487.8612893,
  "υπάλληλοσ": 1782845527.675771,
  "mountial": 1782845529.6795769,
  "ο καιρόσ αύριο": 1782845532.1659064,
  "κορινθία": 1782845534.6650655,
  "времето утре": 1782845536.7033596,
  "vremea de mâine": 1782845539.0438724,
  "ρίκι ρούμπιο": 1782845541.5919518,
  "côte d'ivoire vs norway": 1782845543.8677456,
  "lebron james": 1782845546.2984726,
  "γαλλία εναντίον σουηδία": 1782852842.6744926,
  "τότεναμ χότσπερ": 1782852844.7817028,
  "7 ιουλίου": 1782852846.9566097,
  "λούκα γιόβιτσ": 1782852849.1108003,
  "ασφάλεια": 1782852851.707106,
  "5κ 2026": 1782852853.8890076,
  "γαλλια σουηδια": 1782852856.1030676,
  "γιάννησ βαρδινογιάννησ": 1782852858.379707,
  "serena williams": 1782852860.92622,
  "france fc": 1782857496.8948221,
  "sverige frankrike": 1782857499.0377464,
  "sport fm": 1782857501.2675233,
  "france sweden": 1782857503.638208,
  "france – suède": 1782857505.9454129,
  "elanga": 1782862673.4780076,
  "mexico ecuador": 1782870853.584635,
  "μεξικο εκουαδορ": 1782870855.3843217,
  "mexico vs ecuador": 1782870857.3835275,
  "μιχαλησ μοσιοσ": 1782870859.3755317,
  "france": 1782870861.4347508,
  "england vs dr congo world cup 2026": 1782886798.2274237,
  "διευθυντήσ σχολείου": 1782886800.2559633,
  "1 ιουλιου γιορτη": 1782886802.5459068,
  "μπενιαμίν νετανιάχου": 1782886804.812204,
  "αποτελέσματα μουντιάλ": 1782886807.092123,
  "μεξικό εναντίον ισημερινόσ": 1782886809.263704,
  "ατύχημα": 1782886811.461188,
  "αφροδιτη νεστορα": 1782901578.9168143,
  "μεξικό": 1782901581.0432093,
  "νατο": 1782911764.8784451,
  "αρμενία": 1782911767.2813406,
  "βασίλησ λεβέντησ": 1782911769.5793612,
  "ελένη φουρέιρα": 1782911771.7839339,
  "ρετζέπ ταγίπ ερντογάν": 1782911774.0642111,
  "στεγαστικο φοιτητικο επιδομα 2026": 1782911776.247402
}