{
  "οικονομακου λασκαρακη": 1782650830.0095453,
  "turnierbaum der fifa fußball-wm 2026": 1782656858.271161,
  "συντριβή αεροσκάφουσ": 1782656860.5615191,
  "formula 1": 1782656862.781223,
  "fifa world cup 2026 bracket": 1782656864.6146934,
  "λιβαδειά": 1782656866.686228,
  "ant1": 1782656869.1357136,
  "ναυάγιο": 1782656871.2003672,
  "ireland vs india": 1782656873.3425803,
  "motogp": 1782656875.5555797,
  "το πρωινό": 1782656877.6083767,
  "θεοδώρα τζάκρη": 1782661779.6453817,
  "f1 austria": 1782661781.9319835,
  "βενεζουέλα": 1782665441.8561754,
  "συνταξεισ αυγουστου 2026": 1782669615.0436537,
  "λιούμπομιρ τούπτα": 1782669617.5655835,
  "tabellone mondiali fifa 2026": 1782669619.5033748,
  "κόρινθοσ": 1782669622.0213423,
  "diamond league": 1782669624.484309,
  "south africa vs canada": 1782675759.518674,
  "νοτια αφρικη καναδασ": 1782675761.6049864,
  "λάκησ λαζόπουλοσ": 1782675763.868855,
  "νότια κορέα": 1782675766.2402296,
  "πανσεληνοσ ιουνιου 2026": 1782675768.5858948,
  "julia roberts": 1782679528.9187343,
  "μπενιαμίν νετανιάχου": 1782679531.1062315,
  "τζόναθαν άιζακ": 1782679533.1953638,
  "jessica alba": 1782679535.3718767,
  "πολιτική": 1782683178.0218759,
  "full moon": 1782683180.3951583,
  "δημήτρησ διαμαντίδησ": 1782686734.549306,
  "σεισμοσ τωρα": 1782690548.9889882,
  "καναδασ νοτια αφρικη": 1782698313.731401,
  "μετοχή": 1782715914.1575618,
  "gossip": 1782715916.5866964,
  "γιορτη σημερα": 1782715918.9044852,
  "τζοκερ": 1782715920.830924,
  "αργία": 1782715923.3075576,
  "canada fc": 1782715925.233822,
  "καύσωνασ": 1782734045.7368553,
  "προπληρωμένη κάρτα": 1782734048.1101992,
  "εκτακτο επιδομα παιδιου": 1782734050.4244092,
  "υπάλληλοσ": 1782734052.7414072,
  "κοινωνία ώρα mega": 1782734055.0214806,
  "ανήλικοσ": 1782734057.328324
}