{
  "γιώργοσ λιάγκασ": 1780849091.8812728,
  "kim kardashian": 1780849094.8343608,
  "προπονητήσ": 1780849097.945742,
  "hadjar": 1780849100.7666676,
  "kimi antonelli": 1780849103.480212,
  "βλαδίμηροσ κυριακίδησ": 1780849106.276019,
  "antonelli": 1780849109.0290062,
  "ιουνίου": 1780858687.691603,
  "αγρινιο": 1780858689.7288945,
  "ελλάδα εναντίον ιταλία": 1780858693.0297818,
  "eriksen": 1780858695.984739,
  "ερικσεν": 1780858698.8662982,
  "greece vs italy": 1780858700.8951457,
  "άρμαντ ντουπλάντισ": 1780858704.007276,
  "f1 standings": 1780858706.9284923,
  "χοσέ λουίσ μεντιλίμπαρ": 1780863217.2528005,
  "kylie minogue": 1780863220.121731,
  "ιουλία καραπατάκη": 1780863222.9292488,
  "alfa": 1780863225.8061097,
  "αλφα": 1780863228.9006386,
  "μαριλια μητρουση": 1780868244.828338,
  "οθωμανική αυτοκρατορία": 1780868247.9683368,
  "το τελευταιο νησι": 1780868250.0480723,
  "ιράν": 1780868252.9145277,
  "μάθημα": 1780868256.0603716,
  "biased beast": 1780868259.4687698,
  "θεματα ιστοριασ 2026": 1780901899.091468,
  "καρκίνοσ παχέοσ εντέρου": 1780901902.0362675,
  "your face sounds familiar ελλάδασ": 1780901904.841678,
  "φιλιππίνεσ": 1780901907.5706577,
  "όλγα κεφαλογιάννη-βαρδινογιάννη": 1780901910.4587054,
  "8 ιουνίου": 1780901912.4664514,
  "κωνσταντίνοσ μαγκλάρασ": 1780901915.492742,
  "γιώργοσ κώτσηρασ": 1780919956.9988453,
  "ελ νίνιο": 1780919959.6837938,
  "ευθύμιοσ μπακογιάννησ": 1780919962.2716594,
  "αδελφή": 1780919964.9352875,
  "υπουργείο παιδείασ": 1780919967.6617968,
  "περιπολικό": 1780919970.4037602,
  "φυσικη πανελληνιεσ 2026": 1780919973.5182848,
  "πολιτική": 1780934522.833723,
  "μουκιδησ": 1780934525.5172074,
  "κωνσταντίνα σπυροπούλου": 1780934528.203503,
  "πρωθυπουργόσ": 1780934530.7133005,
  "μισθόσ": 1780934533.2329311,
  "νατο": 1780934535.9622278,
  "φωτια λουτρακι": 1780934538.6799724,
  "κυριάκοσ μητσοτάκησ": 1780934541.5861735,
  "φωτια τωρα": 1780934544.268461,
  "αέρια μάζα": 1780934547.1398077
}