{
  "φορτουνησ": 1780420539.1544683,
  "εξετάσεισ": 1780420541.5035374,
  "αεροδρόμιο": 1780420544.2094178,
  "ενοικίου": 1780420546.5484645,
  "θάνατοσ": 1780420549.2622945,
  "ελένη γερασιμίδου": 1780420551.6831753,
  "κληρονομικό δίκαιο": 1780420553.9901783,
  "συνταξιοδότηση": 1780420556.5158477,
  "γιώργοσ λιάγκασ": 1780420559.1514485,
  "alexander zverev": 1780420561.6028655,
  "ειδική εκπαίδευση": 1780431677.0454597,
  "ντόναλντ τραμπ": 1780439550.9242563,
  "μαθηματικά": 1780439553.2269864,
  "τουρκία": 1780439555.4989944,
  "λαζοπουλοσ": 1780439557.9562142,
  "porto leone": 1780445725.3371828,
  "god of war laufey": 1780445727.1945264,
  "λάκησ λαζόπουλοσ": 1780463979.3260558,
  "πρωτοσελιδα": 1780463982.0815835,
  "βροχή": 1780463984.3717449,
  "προσγείωση": 1780463986.8299813,
  "μαχητικό αεροσκάφοσ": 1780463989.224435,
  "αγγελοσ αντωνοπουλοσ": 1780481542.4529207,
  "βερονικα αργεντζη": 1780481544.8471758,
  "καλομοίρα": 1780481547.1876755,
  "υπουργείο παιδείασ": 1780481549.4541852,
  "μαθηματικα πανελληνιεσ 2026": 1780481551.782329,
  "δημοψήφισμα": 1780499145.4157763,
  "diana shnaider": 1780499147.8363404,
  "γιάννησ τσιμιτσέλησ": 1780499150.197698,
  "άρθρο": 1780499152.7514179,
  "τα νέα": 1780499154.7036474,
  "ευρωπαϊκή επιτροπή": 1780499156.6406128,
  "σπανουλησ": 1780499159.3439457,
  "μέτε-μάριτ, πριγκίπισσα τησ νορβηγίασ": 1780499162.5925717,
  "φωτια τωρα": 1780499165.1565983,
  "κάκια κοντοπούλου": 1780499167.691193
}