{
  "λουξεμβούργο εναντίον ιταλία": 1780512957.255379,
  "ert": 1780512959.6963356,
  "ert 2 live": 1780512962.1852,
  "ο καιρόσ αύριο": 1780512964.9127378,
  "ερτ": 1780512967.376451,
  "ertflix": 1780512969.3603537,
  "μάρκο ρούμπιο": 1780512972.0538173,
  "κώστασ τσουκαλάσ": 1780512975.918147,
  "albania vs israel": 1780512977.9378874,
  "απσ ζάκυνθοσ": 1780512980.4551203,
  "gazzetta": 1780523129.9320047,
  "ουκρανία": 1780523132.2607853,
  "sdna": 1780523134.656106,
  "κυριάκοσ πιερρακάκησ": 1780523137.0314887,
  "ολυμπιακόσ εναντίον παναθηναϊκόσ": 1780523139.360096,
  "ψάρι": 1780523141.7838767,
  "flashscore": 1780523144.1794672,
  "χρήστοσ τζόλησ": 1780523146.7506642,
  "ιωάννα τούνη": 1780529030.2091374,
  "nba": 1780538632.2521162,
  "spurs vs knicks": 1780538634.0916088,
  "γερμανία": 1780556019.7772684,
  "4 ιουνίου": 1780556022.2455976,
  "κεφάλαιο": 1780556024.1885433,
  "δημήτρησ γιαννακόπουλοσ": 1780556026.6128738,
  "ζωδια σημερα": 1780556029.2951832,
  "τράπεζα": 1780556031.727088,
  "βιολογία": 1780569526.7857215,
  "marjane satrapi": 1780569529.1520932,
  "γιώργοσ μαζωνάκησ": 1780569531.5199168,
  "marcus foster": 1780569534.1727772,
  "ταξί": 1780569536.4071417,
  "μάικ τζέιμσ": 1780569538.79677,
  "κυβέρνηση": 1780569541.0687907,
  "σουηδία εναντίον ελλάδα": 1780591084.1346285,
  "άδεια": 1780591086.8547893,
  "χωρισμόσ": 1780591089.169303,
  "καλαβρία": 1780591091.518007,
  "νόμοσ κατσέλη": 1780591093.8744383,
  "έντονη χαλαζόπτωση": 1780591096.3329294,
  "εκπαίδευση": 1780591098.751588,
  "σχολείο": 1780591101.1910162,
  "διάστημα": 1780591103.5563474,
  "δισεκατομμυριούχοσ": 1780591106.3262584
}