{
  "france angleterre": 1784402380.2258716,
  "ημιτελικοσ μουντιαλ 2026": 1784402382.420828,
  "morgan rogers": 1784402385.1506832,
  "england france": 1784402387.0404353,
  "βόλοσ": 1784402389.6236877,
  "argentina vs spain": 1784405352.9269195,
  "αργεντινή ισπανία": 1784405355.7108057,
  "england v france": 1784405357.7597542,
  "france vs england": 1784405359.7972934,
  "france – angleterre": 1784408596.9497488,
  "frankreich – england": 1784408598.7995727,
  "γαλλία εναντίον αγγλία": 1784408600.638629,
  "σούπερ μάρκετ": 1784408603.3482318,
  "πηνελόπη αναστασοπούλου": 1784408605.900273,
  "ert": 1784412104.2972913,
  "francia inghilterra": 1784412106.350335,
  "francja – anglia": 1784412108.4249923,
  "england frankreich": 1784412110.8391404,
  "μαρκ κουκουρέγια": 1784412113.5912266,
  "olise": 1784415831.460595,
  "mbappe": 1784415834.073446,
  "england fc": 1784415836.2693255,
  "spain vs argentina": 1784415838.9679558,
  "wm": 1784415841.7201104,
  "daily mail": 1784419419.7127104,
  "λαχειο": 1784419421.5609725,
  "fifa": 1784419424.1131797,
  "γιαννούλησ λαρεντζάκησ": 1784419426.6183312,
  "airbnb": 1784432722.327863,
  "bet 365": 1784432725.0582106,
  "google": 1784432727.667691,
  "στοίχημα κουπόνι": 1784432729.580491,
  "λαικο λαχειο": 1784432731.481037,
  "κιλιάν μπαπέ": 1784432734.073012,
  "kylian mbappé": 1784432735.9874866,
  "proto thema": 1784441815.8713458,
  "γκαζετα": 1784441820.5771077,
  "ανοιχτα μαγαζια κυριακη σουπερ μαρκετ": 1784441823.1718328,
  "19 ιουλίου": 1784441825.012635,
  "wetter": 1784441827.444199,
  "πληθωρισμόσ": 1784441830.2211857,
  "περιφερειακόσ θεσσαλονίκησ": 1784441832.838982,
  "bbc news": 1784441834.8157678,
  "franta anglia": 1784441836.7537348,
  "δήμοσ": 1784441838.8108227,
  "www.24sports.com.cy": 1784450168.9526083,
  "χηρεία": 1784450171.8845975,
  "spain vs argentina world cup 2026": 1784450174.4095793,
  "andrew tate": 1784450177.004632,
  "engeland frankrijk": 1784450179.1774013,
  "μαγαζια ανοιχτα κυριακη": 1784450181.4815238,
  "франция англия": 1784450183.586445,
  "αμοιβή": 1784455857.4762242,
  "αποταμίευση": 1784455859.721729,
  "tsitsipas": 1784455861.9411001,
  "φωτια σαλαμινα": 1784455864.5508933,
  "ελεάννα παπαϊωάννου": 1784455867.1418617,
  "more": 1784455869.830637,
  "επεσε το facebook": 1784455871.94138,
  "πρωτοσέλιδα εφημερίδων": 1784455874.6167984,
  "facebook": 1784455877.1687303,
  "19 ιουλίου γιορτή": 1784455879.0761921,
  "ζέτα μακρυπούλια": 1784460723.1383595,
  "zimbabwe vs bangladesh": 1784460725.137686,
  "απεργια ντελιβερι": 1784460728.0148873,
  "england vs india": 1784460730.0426068,
  "village cinemas": 1784460732.6414487,
  "stefanos tsitsipas": 1784460735.432067,
  "zidane": 1784464300.866149,
  "δημόσια υπηρεσία απασχόλησησ": 1784464302.960489,
  "μετοχή": 1784464305.5498798,
  "βουλγαρία": 1784470061.6082015,
  "δημήτρησ γιαννακόπουλοσ": 1784470063.8512464,
  "f1 live": 1784470066.608788,
  "αντ1": 1784470068.9019976,
  "f1 tv": 1784470071.4842355,
  "ανδρική ομάδα καλαθοσφαίρισησ παναθηναϊκού": 1784470074.191069,
  "ant1": 1784470076.9736326,
  "φωτια κορωπι": 1784473862.7973135,
  "κηδεία": 1784473865.1044252,
  "kings kangwa": 1784473867.498534,
  "ασθενοφόρο": 1784473869.7665234,
  "ένοπλεσ δυνάμεισ τησ ουκρανίασ": 1784473872.3439574,
  "κώστασ σλούκασ": 1784477503.3961303,
  "χάκερ": 1784477505.5763133,
  "νίκοσ χατζηνικολάου": 1784477507.4408338,
  "kimi antonelli": 1784477509.3282044,
  "πατημα κορωπιου": 1784477511.7024612,
  "φρουροί τησ ισλαμικήσ επανάστασησ": 1784481461.9108603,
  "protothema": 1784481464.207563,
  "tour de france 2026": 1784481466.5334141,
  "κρειτσικοβα": 1784484657.5542407,
  "άννα πρέλεβιτσ": 1784484659.9456584,
  "krejcikova": 1784484661.8749073,
  "ανδρέασ μικρούτσικοσ": 1784484664.4360054
}