{
  "ισραήλ": 1781905337.3790936,
  "σταυρουλα λεβεντακη": 1781905339.564576,
  "σκωτία εναντίον μαρόκο": 1781905341.8944113,
  "ζοζεφιν": 1781905344.1193433,
  "σκωτια μαροκο": 1781905346.1284685,
  "ελάχιστη βάση εισαγωγήσ": 1781905348.5174677,
  "balogun": 1781905350.5516257,
  "pochettino": 1781905352.9160578,
  "νινο": 1781905355.164006,
  "ποσειδώνασ γιαννόπουλοσ": 1781905358.182508,
  "scotland vs morocco": 1781908749.6427329,
  "σιατλ": 1781908751.9764245,
  "jessica alba": 1781912752.3088498,
  "ηπα": 1781912755.0897338,
  "stoiximan": 1781920408.2290063,
  "brazil fc": 1781920410.2368903,
  "το σοι σου": 1781920412.4545279,
  "βραζιλία εναντίον αϊτή": 1781920414.954305,
  "brazil vs haiti": 1781920416.9587524,
  "τηλεκπαίδευση": 1781920419.2161872,
  "türkiye vs paraguay": 1781936104.7271047,
  "20 ιουνίου": 1781936106.632107,
  "ανεργία": 1781936108.8726733,
  "bbc news": 1781936111.1130087,
  "πανσέληνοσ": 1781936113.2592535,
  "türkiye - paraguay": 1781936115.5768602,
  "armyvoice.gr": 1781936117.9449306,
  "φωσ στο τουνελ": 1781936120.1310441,
  "κατάταξη μουντιάλ": 1781936122.3007362,
  "stoixima": 1781936124.7638779,
  "πειραιωσ": 1781948646.3272421,
  "afghanistan vs india": 1781948649.2265592,
  "υπουργείο μετανάστευσησ & ασύλου": 1781948651.0947528,
  "κατερίνα καινούργιου": 1781948653.1281507,
  "σχολείο": 1781948655.3796318,
  "συνταξεισ ιουλιου 2026": 1781948657.925681,
  "πληρωμή": 1781948660.0830216,
  "γιορτη του πατερα": 1781948662.3259854,
  "λεπτοκαρυά": 1781948664.8000758,
  "υπουργείο μετανάστευσησ και ασύλου τησ ελλάδασ": 1781948666.6439707,
  "σωτηρησ τσογκασ": 1781955890.1630716,
  "αλγερία": 1781955892.2623403,
  "ελισάβετ μουτάφη": 1781955894.3730311,
  "γαστουνη": 1781955896.4716284,
  "earthquake": 1781955898.6309543,
  "άννα βίσση": 1781955900.998634,
  "σεισμοσ κρητη": 1781955903.150991,
  "γιάννησ αλαφούζοσ": 1781955905.291608,
  "φωτια τωρα": 1781961246.7346406,
  "δάνειο": 1781961248.610196,
  "ποσο κανει gov gr εφαρμογή": 1781961250.8331735,
  "δημοσκόπηση": 1781961252.6995559,
  "βασίλησ σπανούλησ": 1781961254.887994,
  "ρένια λουϊζίδου": 1781961256.9388826,
  "γαύδοσ": 1781961259.118062,
  "klm": 1781961262.2262459,
  "ronaldinho": 1781961264.4490583,
  "βαλκανικοί αγώνεσ στίβου": 1781968533.8161035,
  "inaki pena": 1781968536.0974836,
  "δελτίο ταυτότητασ": 1781968537.9521143,
  "φωτια": 1781968540.012567,
  "γρηγόρησ αρναούτογλου": 1781968542.0681283,
  "bonzie colson": 1781968544.1427684,
  "απασχόληση": 1781968546.246933,
  "ομπραντοβιτσ": 1781968548.3501184,
  "dua lipa": 1781968550.6705976,
  "nederland - zweden": 1781974399.548338,
  "ολλανδία εναντίον σουηδία": 1781974401.3766627,
  "netherlands vs sweden": 1781974403.1894553,
  "νεεσ ταυτοτητεσ": 1781974405.0047166,
  "λευκορωσία": 1781974406.81444,
  "αθηνών": 1781974408.6309707,
  "ελαιόλαδο": 1781974410.4596398,
  "πλατεια νερου": 1781974412.2770965,
  "μουσταφά φαλ": 1781978792.2424996,
  "malta": 1781978794.5175428,
  "release athens": 1781978797.0017457,
  "brobbey": 1781978799.1919398,
  "χριστίνα λαμπίρη": 1781978801.5562327,
  "zdf live": 1781985125.8869011,
  "ιορδανία": 1781985127.9796603,
  "deutschland – elfenbeinküste": 1781985129.9928048,
  "germany vs ivory coast": 1781985132.1077688,
  "sweden fc": 1781985134.3782344,
  "ιωάννα μαλέσκου": 1781985136.5367286,
  "summerville": 1781985138.6987698,
  "κουφονησια": 1781985140.7737966,
  "κορινθία": 1781985142.9310071,
  "elanga": 1781985145.267438,
  "yan diomande": 1781989765.9679794,
  "diomande": 1781989767.9905965,
  "μετάλλιο": 1781989770.2456303,
  "ακτη ελεφαντοστου": 1781989772.2574806,
  "ουίλιαμ, πρίγκιπασ τησ ουαλίασ": 1781989774.4827762
}