{
  "δημήτρησ ιτούδησ": 1779002189.9405112,
  "ronda rousey": 1779002192.7791724,
  "δίκη": 1779002195.5098073,
  "17 μαΐου": 1779002198.2233562,
  "android": 1779002200.0498679,
  "σπλιτ": 1779002202.8213792,
  "μισθόσ": 1779002205.7502806,
  "χανιά": 1779002208.5195243,
  "bangladesh vs pakistan": 1779002211.2970846,
  "евровидение 2026": 1779002214.4044971,
  "2025": 1779009283.8056931,
  "κυριάκοσ μητσοτάκησ": 1779009286.8658042,
  "γιουσούφ γιαζίτσι": 1779009289.6878066,
  "serie a": 1779014449.696493,
  "chios kythira pass 2026": 1779014452.6825051,
  "rcb vs pbks": 1779014455.9452922,
  "κόμο εναντίον πάρμα": 1779014458.840909,
  "πίζα εναντίον νάπολι": 1779014462.446992,
  "τζένοα εναντίον μίλαν": 1779014465.4614859,
  "ρόμα εναντίον λάτσιο": 1779014468.5216162,
  "γιουβέντουσ εναντίον φιορεντίνα": 1779014471.567231,
  "νιούκασλ γιουνάιτεντ": 1779014474.6753452,
  "man united vs nottm forest": 1779018394.3993378,
  "μάντσεστερ γιουνάιτεντ εναντίον φόρεστ": 1779018397.7278433,
  "ίντερ εναντίον βερόνα": 1779021712.2999618,
  "manchester united": 1779021715.146258,
  "μιχαλησ μαρινοσ": 1779021717.908112,
  "ζαν μοντέρο": 1779021720.6178052,
  "πρωτάθλημα ιταλίασ": 1779021722.4245238,
  "byd": 1779021725.455792,
  "γουλβσ εναντίον φούλαμ": 1779027212.7393405,
  "aris vs levadiakos": 1779027214.7467492,
  "2. bundesliga": 1779027218.1405654,
  "μπρέντφορντ εναντίον κρίσταλ πάλασ": 1779027221.1400745,
  "οφη εναντίον βόλοσ": 1779027223.1659071,
  "λιντσ εναντίον μπράιτον": 1779027226.220555,
  "άρησ εναντίον λεβαδειακόσ": 1779027229.2452846,
  "motogp": 1779027232.2898014,
  "διαγωνισμόσ": 1779027235.7252078,
  "rr vs dc": 1779031160.2064106,
  "ελένη ράντου": 1779031163.462719,
  "οφη": 1779031166.5390663,
  "αρησ αεκ": 1779031169.5758443,
  "leeds vs brighton": 1779031172.529426,
  "άλεκ πίτερσ": 1779031175.4427605,
  "μάρκο σίλβα": 1779031178.4570537,
  "αταλάντα εναντίον μπολόνια": 1779034546.6964085,
  "αεκ εναντίον ολυμπιακόσ": 1779034549.374055,
  "aek athens vs olympiacos": 1779034552.23121,
  "νιούκασλ γιουνάιτεντ εναντίον γουέστ χαμ": 1779034555.3507514,
  "jannik sinner": 1779034558.2170177,
  "παναθηναϊκόσ εναντίον παοκ": 1779034561.275952,
  "panathinaikos vs paok": 1779034563.1390183,
  "γεωργια": 1779034565.9524195,
  "ομοφυλόφιλοσ": 1779034567.7785532,
  "γ εθνικη": 1779034570.5723844,
  "λασκ": 1779041552.8624907,
  "δημήτρησ κακλαμανάκησ": 1779041555.63474,
  "5g": 1779041558.440241,
  "sinner": 1779041561.22953,
  "τροχαιο ροδοσ": 1779041563.9273224,
  "ρεάλ σοσιεδάδ εναντίον βαλένθια": 1779041567.0724273,
  "φενερμπαχτσέ εναντίον εγιούπσπορ": 1779041569.9050343,
  "lancia": 1779041572.9832754,
  "αθλέτικ μπιλμπάο εναντίον θέλτα βίγο": 1779041575.8143294,
  "σπορφμ": 1779041579.1108255,
  "mina": 1779046719.240011,
  "dolly parton": 1779046722.3165967,
  "paris fc vs psg": 1779046724.3471687,
  "γ΄ κατηγορία ποδοσφαίρου τησ ελλάδασ": 1779046727.5559316,
  "πρωτάθλημα ισπανίασ": 1779046730.6600034,
  "barcelona vs real betis": 1779046733.5798519,
  "metrosport": 1779046736.5375588,
  "πρωτάθλημα ελλάδασ": 1779046739.7498384,
  "super league greece": 1779046742.9056566,
  "μπαρτσελόνα εναντίον μπέτισ": 1779046746.445352,
  "μαριοσ ηλιοπουλοσ": 1779049730.533288,
  "ρεπορτάζ": 1779049733.4422374,
  "ligue 1": 1779049735.3830478,
  "cardi b": 1779053270.8976028,
  "μανοσ μαλλιαροσ": 1779053273.8289063,
  "χοσέ λουίσ μεντιλίμπαρ": 1779053277.020564,
  "μαριλου κατσαφαδου": 1779053279.932172,
  "ζέλικο ομπράντοβιτσ": 1779053282.9081671,
  "ηλιούπολη": 1779056744.002834,
  "τζοκερ 17 5 26": 1779060501.9302948,
  "κληρωση τζοκερ": 1779067694.5734973,
  "in.gr": 1779083124.2673693,
  "ράιαν γκόσλινγκ": 1779083127.153755,
  "18 μαΐου": 1779083130.1938891,
  "σύνταξη": 1779083133.2391074,
  "απόλυση": 1779083136.1598003,
  "δεη": 1779083140.0674372,
  "νέα σελήνη": 1779083142.9964447,
  "οικονομία": 1779083145.9548879,
  "ίντερ μαϊάμι εναντίον πόρτλαντ τίμπερσ": 1779083149.0111566
}