{
  "lukaku": 1781558650.030192,
  "αγγλικα πανελληνιεσ 2026": 1781558652.3290796,
  "σοφία ζαχαράκη": 1781558654.852978,
  "αεροπλανοφόρο": 1781558656.7380724,
  "στρατιωτικόσ": 1781558659.1763744,
  "seattle": 1781558661.246924,
  "κοστίνια": 1781558663.4691038,
  "βελγιο αιγυπτοσ": 1781558665.6775901,
  "λαμίν γιαμάλ": 1781558667.9160998,
  "μπρούκλιν μπέκαμ": 1781558670.2878091,
  "τασοσ ιορδανιδησ": 1781565333.7958279,
  "σαουδικη αραβια ουρουγουαη": 1781565335.9148104,
  "σαλαχ": 1781565338.2403505,
  "βελγιο αίγυπτοσ": 1781565340.0724866,
  "σιατλ": 1781565342.2261522,
  "ιραν νεα ζηλανδια": 1781574488.22053,
  "uruguay": 1781574490.4170644,
  "de bruyne": 1781574492.8527546,
  "αποτελεσματα πανελληνιων 2026": 1781593745.8180473,
  "phishing": 1781593748.1695838,
  "16 ιουνίου": 1781593750.6446652,
  "μπόνι τάιλερ": 1781593753.0137057,
  "αποτελεσματα μουντιαλ": 1781593755.1932147,
  "γαλλία": 1781593757.4494092,
  "παιδί": 1781593759.7301235,
  "πρωτοσελιδα εφημεριδων": 1781593761.696206,
  "livescore": 1781593764.1283147,
  "ζωδια": 1781593766.3366044,
  "αξιολόγηση": 1781612465.71568,
  "ζαν μοντέρο": 1781612467.9586565,
  "επιστήμονασ": 1781612470.1138568,
  "λαγοκέφαλοσ": 1781612472.2224753,
  "τουρισμοσ για ολουσ 2026 αιτηση": 1781612474.0964892,
  "klay thompson": 1781612476.4061239,
  "πομιδα - πανελλήνια ομοσπονδία ιδιοκτητών ακινήτων": 1781612478.52989,
  "μετρό θεσσαλονίκησ": 1781612480.8336635,
  "μάρω κοντού": 1781612483.1923807,
  "δημοσκοπηση": 1781612486.1392438,
  "γκαρντ": 1781630973.3022072,
  "χοσέ λουίσ μεντιλίμπαρ": 1781630975.5173647,
  "απο λεβαδειακόσ": 1781630977.7801607,
  "νύφη": 1781630980.0510426,
  "τουρισμόσ για όλουσ 2026 2027": 1781630982.2068284,
  "ανακάλυψη": 1781630984.4657593,
  "ρομά": 1781630986.6656654,
  "ελαιόλαδο": 1781630988.9327855,
  "υπάλληλοσ": 1781630990.8594873,
  "superbet": 1781630992.8000038,
  "αντιδήμαρχοσ": 1781641492.4825366,
  "άντζελα δημητρίου": 1781641494.78919,
  "λειψυδρία": 1781641497.0027125,
  "ιουλία καραπατάκη": 1781641499.2682981,
  "stoiximan": 1781641501.618368,
  "hyundai": 1781641503.8835702,
  "πρίγκιπασ": 1781641506.109418,
  "σενεγαλη": 1781641508.6732695,
  "γαλλία εναντίον σενεγάλη": 1781641510.685223,
  "france vs senegal": 1781641512.6787555
}