{
  "aek vs olympiacos": 1780150829.996632,
  "νέα αριστερά": 1780150832.966231,
  "αμαλία κωστοπούλου": 1780150835.849573,
  "τουρισμοσ για ολουσ 2026": 1780150838.8339863,
  "ετεοκλήσ παύλου": 1780150841.7596855,
  "η εφημερίδα των συντακτών": 1780150843.7486393,
  "φλιωνησ": 1780150846.698536,
  "mega live": 1780155868.654432,
  "puskas arena": 1780155871.7371585,
  "πρόωρεσ εκλογέσ": 1780155876.5841959,
  "πσζ εναντίον άρσεναλ": 1780155879.6372802,
  "mega tv live": 1780155882.749488,
  "βουλγαρία": 1780155885.6153178,
  "νίκοσ μαραντζίδησ": 1780155888.4286275,
  "ελλάδα": 1780155891.618709,
  "psg vs arsenal": 1780155894.3827198,
  "ζαν μοντέρο": 1780155897.245471,
  "safonov": 1780159498.528237,
  "zdf live": 1780159501.2497911,
  "έλενα χριστοπούλου": 1780159504.1053634,
  "μουντιαλ 2026": 1780159506.9274173,
  "havertz": 1780159510.025191,
  "mega live τωρα": 1780159512.7763176,
  "arsenal": 1780159515.6471934,
  "zdf": 1780159518.5337205,
  "μαρία σάκκαρη": 1780159521.5678847,
  "the killers": 1780159523.4071517,
  "kvaratskhelia": 1780163230.9446328,
  "saka": 1780163232.9671168,
  "hincapie": 1780163235.8934927,
  "mbappe": 1780163238.831955,
  "τηλεοπτικό πρόγραμμα": 1780163241.9349427,
  "πύραυλοσ": 1780163244.9799318,
  "ticketmaster": 1780163246.9993315,
  "world cup 2026": 1780163249.9419549,
  "εξετάσεισ": 1780163252.908704,
  "mundial 2026": 1780163255.8658388,
  "doue": 1780167046.8350034,
  "γιώργοσ μπαρτζώκασ": 1780167049.7653992,
  "gyokeres": 1780167052.8829296,
  "full moon": 1780167054.770205,
  "αριστερά": 1780167057.7129261,
  "αστυνομία": 1780167060.6259127,
  "joao neves": 1780167063.5860417,
  "champions league winners": 1780167066.5931413,
  "marquinhos": 1780167068.512188,
  "πανσεληνοσ μαιου 2026": 1780167071.2904942,
  "mason greenwood": 1780171472.7130377,
  "μετοχή": 1780171475.686293,
  "kimpembe": 1780171477.4948146,
  "τζένιφερ λόπεζ": 1780171480.340952,
  "declan rice": 1780171483.1817007,
  "donnarumma": 1780171485.8806884,
  "bbc sport": 1780171487.6995344,
  "αλβανία": 1780175509.3738515,
  "τσεντί οσμάν": 1780175512.1504333,
  "γκαλαπάγκοσ": 1780179277.7190084,
  "γιάννησ παπαμιχαήλ": 1780186607.8053808,
  "nuno mendes": 1780186610.5217862,
  "31 μαΐου": 1780203290.945375,
  "μάρκοσ σεφερλήσ": 1780203293.8758674,
  "βασίλησ σπανούλησ": 1780203296.9902875,
  "lottozahlen": 1780203298.9145088,
  "microsoft": 1780203301.764499,
  "spurs": 1780203304.8011954,
  "bet365": 1780203307.6272824,
  "εξαφάνιση": 1780215054.9623182,
  "kino": 1780215057.7109866,
  "θεμα": 1780215060.111956,
  "yahoo": 1780215062.0681248,
  "outlook": 1780215065.1329646,
  "exxon mobil": 1780215067.0991178,
  "phishing": 1780215069.051192,
  "ρόμπερτ ντε νίρο": 1780215071.4602225,
  "χρηματιστήριο": 1780215073.8888512,
  "η καθημερινή": 1780215076.3485126,
  "open tv": 1780223147.939105,
  "στοίχημα κουπόνι": 1780223150.376138,
  "λαχειο": 1780223152.6427476,
  "αθήνα": 1780223154.939349,
  "olympiacos bc tickets": 1780223157.3352072,
  "μετεωρίτησ": 1780223159.8445694,
  "astrology": 1780223161.6462872,
  "βίκυ κάβουρα": 1780223164.0621164,
  "ντένισ σρέντερ": 1780228527.251475,
  "μαθητήσ": 1780228529.6130157,
  "πλοίο": 1780228532.2580287,
  "στοιχημα καζινο": 1780228534.9156516,
  "casino": 1780228537.3602521,
  "online casino ελλαδα": 1780233884.769982
}