{
  "μιχάλησ ζαμπίδησ": 1782403622.1748157,
  "ολίμπια μιλάνο": 1782403624.5002198,
  "τσεντί οσμάν": 1782403626.3275876,
  "εκκαθάριση": 1782403628.3972208,
  "σταύροσ παπασταύρου": 1782403630.4458346,
  "κουφονήσια": 1782403632.619613,
  "ελικόπτερο": 1782403634.661945,
  "φωτια ηρακλειο": 1782403637.1608555,
  "curaçao vs côte d'ivoire": 1782419324.752618,
  "πλοίο": 1782419327.0073578,
  "rastoder": 1782419329.4099073,
  "μπρούνο τσερέλα": 1782419331.7501683,
  "ard live": 1782419334.090787,
  "κουρασάο εναντίον ακτή ελεφαντοστού": 1782419336.6439753,
  "αμοιβή": 1782419338.9419966,
  "ισημερινόσ εναντίον γερμανία": 1782419341.2091591,
  "αγωνεσ σημερα": 1782419343.609942,
  "γυναίκα": 1782419345.914049,
  "masterchef": 1782425032.4980593,
  "germany fc": 1782425034.646668,
  "μαστερ σεφ": 1782425036.7265983,
  "star live": 1782425038.8070428,
  "μέδουσα": 1782425040.8281162,
  "να μ αγαπάσ τελευταίο επεισόδιο": 1782425042.8733063,
  "ιαπωνία εναντίον σουηδία": 1782430834.588841,
  "tunisia vs netherlands": 1782430836.778983,
  "τυνησία εναντίον ολλανδία": 1782430838.5919719,
  "ecuador germany": 1782430840.7746818,
  "εκπαίδευση": 1782430842.5889695,
  "star": 1782430844.612688,
  "star tv": 1782430846.8251042,
  "ιαπωνια σουηδια": 1782438799.0683663,
  "fifa world cup games": 1782438800.8760765,
  "ecuador coach": 1782438803.21892,
  "26 ιουνίου": 1782453883.9554532,
  "τζόρτζια μελόνι": 1782453886.1066818,
  "türkiye - abd": 1782453888.2031362,
  "paraguay vs australia": 1782453890.0253448,
  "παραγουάη εναντίον αυστραλία": 1782453891.8469877,
  "ισραήλ": 1782453893.6768904,
  "mundial": 1782453895.7908006,
  "πρωτοσέλιδα εφημερίδων": 1782453898.17079,
  "türkiye vs usa": 1782453900.2415817,
  "nederland tunesie": 1782453902.3833413,
  "βαγγέλησ λιόλιοσ": 1782467324.7677004,
  "μπαντιο": 1782467326.9246602,
  "ντανιέλ καστελάνι": 1782467328.9692194,
  "δημόσιοσ τομέασ": 1782467330.9902494,
  "ήπειροσ": 1782467333.271497,
  "εβε 2026": 1782475428.82599,
  "victor yalom": 1782475431.0381837,
  "νίκολα πελτζ": 1782475433.2997053,
  "badio": 1782485018.591461,
  "χάρι στάιλσ": 1782485020.8192143,
  "υπουργόσ παιδείασ": 1782485022.9364266,
  "ireland vs india": 1782485025.1222587,
  "έθνοσ": 1782485027.2484996,
  "βασίλησ μπισμπίκησ": 1782485029.3817484,
  "άννα διαμαντοπούλου": 1782485031.7818599
}