{
  "raul jimenez": 1781210020.9169624,
  "fifa world cup 2026™": 1781210023.3880482,
  "fifa": 1781210025.9067166,
  "ochoa": 1781210028.3009999,
  "πετρέλαιο": 1781210030.5180128,
  "αίγιο": 1781210032.8688066,
  "ert1": 1781210035.3283312,
  "ertflix": 1781210037.3793752,
  "salma hayek": 1781210039.8722117,
  "mundial": 1781210042.2884479,
  "μητροπολίτησ": 1781216699.0280666,
  "quinones": 1781216701.2994187,
  "ωρα μεξικο": 1781216703.5275755,
  "δημήτρησ λιάγκασ": 1781222349.1154988,
  "weather": 1781238286.1266024,
  "agones": 1781238288.517254,
  "αρμενία": 1781238290.8838694,
  "bet365": 1781238293.2534537,
  "στοιχημα": 1781238296.359259,
  "νοτια κορεα τσεχια": 1781238298.6168633,
  "εμβόλιο": 1781253923.3947604,
  "μαστεκτομή": 1781253925.772089,
  "windy": 1781253928.3079998,
  "ελ νίνιο": 1781253930.5912673,
  "погода": 1781253932.8900404,
  "σέντερ": 1781265785.1540995,
  "κουπόνι": 1781265787.6825504,
  "φωτιά": 1781265789.6041882,
  "σαββατοκύριακο": 1781265791.5245404,
  "david hockney": 1781265793.7886868,
  "λάρισα": 1781265796.9398837,
  "ματθίλδη μαγγίρα": 1781278493.3938394,
  "ανάβυσσοσ": 1781278495.6354558,
  "νιγηρία": 1781278497.9180903,
  "υπουργείο παιδείασ θρησκευμάτων και αθλητισμού": 1781278500.2351239,
  "μαρία καρυστιανού": 1781278502.480562,
  "δανάη μπάρκα": 1781278504.8017566,
  "εμμανουήλ καραλήσ": 1781278507.000704,
  "δημήτρησ αλεξάνδρου": 1781278509.655898,
  "υπουργείο παιδείασ, θρησκευμάτων και αθλητισμού": 1781278513.398456,
  "facebook": 1781278515.8335638,
  "ιταλία": 1781286642.163647,
  "υπουργείο άμυνασ": 1781286644.803106,
  "καιροσ αθηνα": 1781286647.1638675,
  "αποζημίωση": 1781286649.5372093,
  "δημόσια υπηρεσία απασχόλησησ": 1781286651.9327278,
  "ελένη μενεγάκη": 1781286654.2793021,
  "παιδί": 1781286656.5385659,
  "υπουργείο εθνικήσ άμυνασ": 1781294514.6454704,
  "canada fc": 1781294516.9153526,
  "καναδασ βοσνια": 1781294519.386889,
  "ερτ": 1781294521.8559513,
  "πλοίο": 1781294524.3615131,
  "mega news": 1781294527.4659197,
  "mega news live": 1781294530.751304,
  "κρήτη": 1781294533.036497
}