{
  "ρεάλ σοσιεδάδ εναντίον μπέτισ": 1778351723.6161554,
  "λέτσε εναντίον γιουβέντουσ": 1778351726.6194715,
  "ζαχαρατοσ": 1778351728.9417055,
  "πάνοσ μουζουράκησ": 1778351731.25539,
  "aek bc": 1778351733.508724,
  "ρουβασ": 1778351736.1434927,
  "fenerbahçe": 1778351738.7867749,
  "rytas": 1778355772.6084006,
  "τακησ ζαχαρατοσ": 1778355774.5950058,
  "ναυπακτία": 1778358507.3807094,
  "γάμοσ": 1778358509.6356988,
  "δανάη παππά": 1778358512.2075396,
  "λιονέλ μέσι": 1778358516.4031065,
  "aek rytas": 1778358518.6280794,
  "17 μαΐου": 1778358521.4821782,
  "fcn – schalke": 1778358523.6455884,
  "ελένη μενεγάκη": 1778361043.192143,
  "ελισάβετ κωνσταντινίδου": 1778361045.7268324,
  "ael f.c. arena": 1778361047.8389475,
  "ufc": 1778364218.3155513,
  "γεώργιοσ παπαγιάννησ": 1778364220.6563349,
  "αλιφερη": 1778364222.8790874,
  "χριστινα λιβανου": 1778364225.2651079,
  "metallica τρυπεσ": 1778364227.6764715,
  "προκήρυξη ιατρών εσυ": 1778364229.6731822,
  "mother's day": 1778367600.5150259,
  "ένοπλεσ δυνάμεισ": 1778367602.81025,
  "khamzat vs strickland": 1778370975.2609084,
  "chimaev vs strickland": 1778380822.4283526,
  "chimaev strickland": 1778380824.7957573,
  "τζέιμσ χέτφιλντ": 1778380826.8090277,
  "10 μαΐου": 1778392371.3223846,
  "κατώτατοσ μισθόσ": 1778392374.2570837,
  "wordle": 1778392376.3944218,
  "καλαθοσφαίριση": 1778392379.2914562,
  "γιορτη τησ μητερασ": 1778392382.3574724,
  "eidhseis": 1778392384.9221573,
  "lakers": 1778392387.7262444,
  "τζο αρλάουκασ": 1778392389.910683,
  "lakers vs thunder": 1778400066.271259,
  "κλειστοι δρομοι σημερα": 1778400069.4278576,
  "απεργια 13 μαιου": 1778400072.5225706,
  "bangladesh vs pakistan": 1778400075.7548053,
  "αποτελεσματα κοινωνικού τουρισμού": 1778400079.4156413,
  "άννα πρέλεβιτσ": 1778406370.5758564,
  "δημήτρησ παπανικολάου": 1778406373.4463136,
  "καλλιθέα": 1778410091.591206,
  "βερόνα εναντίον κόμο": 1778410094.5589979,
  "νερό": 1778410097.6654859,
  "just the two of us ελλάδασ": 1778410100.6862009,
  "ποδόσφαιρο": 1778413037.5000315,
  "lsg vs csk": 1778413043.305952,
  "λευκαδα": 1778416724.633282,
  "φόρεστ εναντίον νιούκασλ γιουνάιτεντ": 1778416727.7080555,
  "γεωργία": 1778416730.6599228,
  "καταγγελία": 1778416733.512697,
  "γρηγόρησ δημητριάδησ": 1778416738.905853,
  "aris vs ofi": 1778421947.8863435,
  "palace vs everton": 1778421949.7544205,
  "burnley vs aston villa": 1778421951.5866792,
  "η καθημερινή": 1778421953.4349346,
  "άρησ εναντίον οφη": 1778421956.336734,
  "βόλοσ εναντίον λεβαδειακόσ": 1778421960.6322472,
  "urvil patel": 1778421963.4455686,
  "survivor ελλάδασ": 1778421966.3057077,
  "τέιλορ σουίφτ": 1778421971.0586548,
  "nottm forest vs newcastle": 1778421973.9747393,
  "west ham vs arsenal": 1778425699.790295,
  "γουέστ χαμ εναντίον άρσεναλ": 1778425717.1184661,
  "mi vs rcb": 1778425734.483514,
  "κιλιάν μπαπέ": 1778425751.9075527,
  "αρησ": 1778425769.2774723,
  "hsv – freiburg": 1778425786.6687799,
  "λάκησ λαζόπουλοσ": 1778425804.0666173,
  "ολυμπιακοσ παοκ": 1778425821.4890199,
  "αθλέτικ μπιλμπάο εναντίον βαλένθια": 1778425838.860283,
  "χρήστοσ χολίδησ": 1778425856.2970407,
  "f16": 1778429188.7914371,
  "πάρμα εναντίον ρόμα": 1778429190.8426719,
  "αεροδρόμιο": 1778429193.9143076,
  "κυκλοφορία": 1778429197.567664,
  "ολυμπιακόσ παοκ": 1778429200.5942836,
  "ολυμπιακόσ εναντίον παοκ": 1778429202.7176616,
  "αεκ εναντίον παναθηναϊκόσ": 1778429205.9066336,
  "aek athens vs panathinaikos": 1778429213.300951,
  "olympiacos vs paok": 1778429215.3342915,
  "ταρίκ μπιμπέροβιτσ": 1778429218.444691,
  "valencia basket vs baskonia": 1778433094.6934588,
  "aek fc": 1778433111.727564,
  "παοκ": 1778433123.422254,
  "superleague": 1778433132.8849523,
  "αθλητικά": 1778433136.833737,
  "akylas ferto": 1778433139.92057,
  "köln – heidenheim": 1778433150.5547388,
  "cosmote tv": 1778433163.1605842,
  "aek pao": 1778433167.6639209,
  "ερα σπορ": 1778433170.6817222,
  "εισόδημα": 1778436229.8747709,
  "σαουδική αραβία": 1778436233.7385526,
  "ανεξάρτητη αρχή δημοσίων εσόδων": 1778436235.7803342,
  "αεκ": 1778436238.8369863
}