{
  "δάνειο": 1783697641.5410955,
  "όλγα δαλλα": 1783697643.544315,
  "alexander zverev": 1783697645.8096673,
  "οπσυδ": 1783704150.2060874,
  "aττική οδόσ": 1783704152.4423172,
  "τηλεόραση": 1783704154.3033385,
  "novak djokovic": 1783704156.6102324,
  "jannik sinner": 1783704159.0214968,
  "η καθημερινή": 1783704160.873375,
  "θερμοκρασία": 1783704163.2186625,
  "νομοι τησ καρδιασ": 1783704165.6739366,
  "zverev": 1783704167.9810984,
  "spanien – belgien": 1783709787.367526,
  "espagne – belgique": 1783709789.426969,
  "ισπανία εναντίον βέλγιο": 1783709791.5960124,
  "26 ιουλίου": 1783709793.6621044,
  "spain vs belgium": 1783709796.2065768,
  "wimbledon": 1783709798.417981,
  "cucurella": 1783714798.8932428,
  "doku": 1783714800.9689438,
  "ονλαρισα": 1783714803.3889747,
  "ντορέττα παπαδημητρίου": 1783714805.9541929,
  "spagna belgio": 1783714808.0953743,
  "courtois": 1783714810.5527165,
  "ομορφοχωρι λαρισασ": 1783714813.1107724,
  "τεντογλου": 1783714815.6053393,
  "ποδόσφαιρο": 1783714817.9700267,
  "de ketelaere": 1783714820.3019087,
  "βασιλιάσ": 1783719051.2772253,
  "mikel merino": 1783719053.7814503,
  "νορβηγια αγγλια": 1783719056.1282272,
  "rodri": 1783719058.8828356,
  "λαμίν γιαμάλ": 1783719061.456848,
  "osman paok": 1783719064.2384427,
  "newsbeast.gr": 1783719067.1616108,
  "euro 2024": 1783719069.1890194,
  "cubarsi": 1783719071.3057597,
  "εύβοια": 1783719074.232635,
  "ανώτατο συμβούλιο επιλογήσ προσωπικού": 1783722953.576766,
  "norway england": 1783722956.0031092,
  "καλαθοσφαίριση": 1783722958.471793,
  "αγγλια νορβηγια": 1783722960.5147188,
  "paok bc": 1783722963.0937643,
  "conor mcgregor": 1783731821.815979,
  "suv": 1783731823.8238363,
  "osman cedi": 1783731825.8590913,
  "πρώτο θέμα": 1783743750.94652,
  "αστυνομία": 1783743753.4704306,
  "ιράν": 1783743755.912469,
  "φορολογική δήλωση": 1783743758.2877557,
  "ολυμπιακοσ μπασκετ": 1783743760.438111,
  "ufc": 1783743762.3448377,
  "весела лечева": 1783751557.3450897,
  "λάρισα": 1783751559.5489848,
  "εκπαίδευση": 1783751561.5853577,
  "11 ιουλίου": 1783751563.7551408,
  "ελίνα τζένγκο": 1783751565.9925804,
  "kick argentina out": 1783758240.9663613,
  "ανεργία": 1783758243.70351,
  "πεπίνο ντι κάπρι": 1783763754.8951778,
  "μάικ τζέιμσ": 1783763757.5470786,
  "γιορτη σημερα 11 ιουλιου": 1783763759.529987,
  "αργεντινη ελβετια": 1783767595.5228922,
  "περιβολακι θεσσαλονικη": 1783775704.2508423,
  "χοληστερόλη": 1783775707.0953135,
  "ολυμπιακοσ": 1783775709.3786294,
  "paok vs twente": 1783780374.3521068,
  "παοκ εναντίον τβέντε": 1783780376.443347,
  "ελισάβετ μουτάφη": 1783780378.6322286,
  "jayden adams": 1783780380.8839178,
  "κύπροσ": 1783780383.6965578,
  "φωτια περιβολακι": 1783780385.5996404,
  "ταυτοτητεσ": 1783780387.516499
}