{
  "φούλαμ εναντίον μπόρνμουθ": 1778337222.2469997,
  "σεβίλλη εναντίον εσπανιόλ βαρκελώνησ": 1778337224.700037,
  "sport24.gr": 1778337227.17631,
  "κοινή αγροτική πολιτική": 1778337229.6716595,
  "μπράιτον εναντίον γουλβσ": 1778337231.6272318,
  "sunderland vs man united": 1778337233.8312182,
  "σαντορίνη": 1778337236.2741828,
  "σάντερλαντ εναντίον μάντσεστερ γιουνάιτεντ": 1778337238.2147093,
  "gt vs rr": 1778340729.789267,
  "brighton vs wolves": 1778340732.3528867,
  "man city vs brentford": 1778344350.7418478,
  "αλάσκα": 1778344355.6404808,
  "τηλεοπτικό πρόγραμμα": 1778344358.515781,
  "ατρόμητοσ εναντίον παναιτωλικόσ": 1778344360.800335,
  "βόλφσμπουργκ εναντίον μπάγερν μονάχου": 1778344363.8653605,
  "μάντσεστερ σίτι εναντίον μπρέντφορντ": 1778344366.2926085,
  "λάτσιο εναντίον ίντερ": 1778344368.4597683,
  "αγωγή": 1778344370.628955,
  "adele": 1778347970.2432604,
  "τενεριφη": 1778347973.5226588,
  "galatasaray": 1778347975.9014318,
  "gazzetta.gr": 1778347978.3164418,
  "παοκ παναθηναϊκόσ βόλεϊ": 1778347980.7274184,
  "wolfsburg – bayern": 1778347986.452042,
  "ρεάλ σοσιεδάδ εναντίον μπέτισ": 1778351723.6161554,
  "λέτσε εναντίον γιουβέντουσ": 1778351726.6194715,
  "ζαχαρατοσ": 1778351728.9417055,
  "πάνοσ μουζουράκησ": 1778351731.25539,
  "aek bc": 1778351733.508724,
  "ρουβασ": 1778351736.1434927,
  "fenerbahçe": 1778351738.7867749,
  "rytas": 1778355772.6084006,
  "τακησ ζαχαρατοσ": 1778355774.5950058,
  "ναυπακτία": 1778358507.3807094,
  "γάμοσ": 1778358509.6356988,
  "δανάη παππά": 1778358512.2075396,
  "λιονέλ μέσι": 1778358516.4031065,
  "aek rytas": 1778358518.6280794,
  "17 μαΐου": 1778358521.4821782,
  "fcn – schalke": 1778358523.6455884,
  "ελένη μενεγάκη": 1778361043.192143,
  "ελισάβετ κωνσταντινίδου": 1778361045.7268324,
  "ael f.c. arena": 1778361047.8389475,
  "ufc": 1778364218.3155513,
  "γεώργιοσ παπαγιάννησ": 1778364220.6563349,
  "αλιφερη": 1778364222.8790874,
  "χριστινα λιβανου": 1778364225.2651079,
  "metallica τρυπεσ": 1778364227.6764715,
  "προκήρυξη ιατρών εσυ": 1778364229.6731822,
  "mother's day": 1778367600.5150259,
  "ένοπλεσ δυνάμεισ": 1778367602.81025,
  "khamzat vs strickland": 1778370975.2609084,
  "chimaev vs strickland": 1778380822.4283526,
  "chimaev strickland": 1778380824.7957573,
  "τζέιμσ χέτφιλντ": 1778380826.8090277,
  "10 μαΐου": 1778392371.3223846,
  "κατώτατοσ μισθόσ": 1778392374.2570837,
  "wordle": 1778392376.3944218,
  "καλαθοσφαίριση": 1778392379.2914562,
  "γιορτη τησ μητερασ": 1778392382.3574724,
  "eidhseis": 1778392384.9221573,
  "lakers": 1778392387.7262444,
  "τζο αρλάουκασ": 1778392389.910683,
  "lakers vs thunder": 1778400066.271259,
  "κλειστοι δρομοι σημερα": 1778400069.4278576,
  "απεργια 13 μαιου": 1778400072.5225706,
  "bangladesh vs pakistan": 1778400075.7548053,
  "αποτελεσματα κοινωνικού τουρισμού": 1778400079.4156413,
  "άννα πρέλεβιτσ": 1778406370.5758564,
  "δημήτρησ παπανικολάου": 1778406373.4463136,
  "καλλιθέα": 1778410091.591206,
  "βερόνα εναντίον κόμο": 1778410094.5589979,
  "νερό": 1778410097.6654859,
  "just the two of us ελλάδασ": 1778410100.6862009,
  "ποδόσφαιρο": 1778413037.5000315,
  "lsg vs csk": 1778413043.305952,
  "λευκαδα": 1778416724.633282,
  "φόρεστ εναντίον νιούκασλ γιουνάιτεντ": 1778416727.7080555,
  "γεωργία": 1778416730.6599228,
  "καταγγελία": 1778416733.512697,
  "γρηγόρησ δημητριάδησ": 1778416738.905853,
  "aris vs ofi": 1778421947.8863435,
  "palace vs everton": 1778421949.7544205,
  "burnley vs aston villa": 1778421951.5866792,
  "η καθημερινή": 1778421953.4349346,
  "άρησ εναντίον οφη": 1778421956.336734,
  "βόλοσ εναντίον λεβαδειακόσ": 1778421960.6322472,
  "urvil patel": 1778421963.4455686,
  "survivor ελλάδασ": 1778421966.3057077,
  "τέιλορ σουίφτ": 1778421971.0586548,
  "nottm forest vs newcastle": 1778421973.9747393
}