{
  "jannik sinner": 1779827217.8266473,
  "french open": 1779827220.3643546,
  "ραζβάν λουτσέσκου": 1779827222.5319192,
  "agrinionews": 1779827224.7991352,
  "asep αιτηση": 1779827227.0642264,
  "roland garros 2026": 1779827229.2259693,
  "μάικ τζέιμσ": 1779827231.5305023,
  "ελλασ": 1779827233.741862,
  "ελασ": 1779827235.9602401,
  "novartis": 1779827238.1888514,
  "πάτρα": 1779833122.0449326,
  "σπυροσ μαραγκοσ": 1779833124.4353878,
  "eurojackpot": 1779833126.5002859,
  "πορτο λεονε": 1779837578.223951,
  "καταμαραν": 1779837580.5321288,
  "agriniopress": 1779837582.8402617,
  "ειδήσεισ protothema": 1779861342.8934007,
  "27 μαΐου": 1779861345.168455,
  "ζουγκλα": 1779861347.5673366,
  "thunder vs spurs": 1779861349.5811305,
  "πρωτο θεμα": 1779861351.5965784,
  "protothema.gr": 1779861353.9072282,
  "πυρομαχικό": 1779861356.2213697,
  "κώστασ παπαδόπουλοσ": 1779874644.0255954,
  "27 μαιου γιορτη": 1779874646.039621,
  "nba": 1779874648.671092,
  "δόμνα μιχαηλίδου": 1779885794.4389696,
  "unai lopez": 1779885796.7710383,
  "αγώνασ": 1779885799.0637186,
  "φωτια τωρα": 1779885801.6739693,
  "πρωτοθεμα": 1779885804.3727903,
  "μόνιμεσ θέσεισ εργασίασ": 1779899316.2455566,
  "σερβία": 1779899319.1491919,
  "πετρέλαιο": 1779899321.3787637,
  "nvidia": 1779899323.6514828,
  "γραμμή 3": 1779899325.9474063,
  "μάσιμο καντσελιέρι": 1779899328.2421572,
  "αργία": 1779899330.7023385,
  "αποζημίωση": 1779899333.818297,
  "μισθοδοσία!": 1779899336.1388416,
  "rr vs srh": 1779899338.3446727,
  "στέφανοσ κασσελάκησ": 1779907119.5150766,
  "crystal palace": 1779907121.3841412,
  "τελικοσ conference league 2026": 1779907123.6348026,
  "ακίνητη περιουσία": 1779907125.9056091,
  "γιώργοσ κωνσταντίνου": 1779907128.1579661,
  "δημήτρησ γιαννακόπουλοσ": 1779907130.3050642,
  "μισθοδοσία": 1779907132.1806438,
  "νεμπρασκα": 1779907134.2587397,
  "αντζελίνα τζολί": 1779907136.4864032
}