{
  "αστέρασ τρίπολησ εναντίον πανσερραϊκόσ": 1778601516.1555898,
  "παναιτωλικόσ εναντίον αελ": 1778601518.9979463,
  "υπουργείο παιδείασ, θρησκευμάτων και αθλητισμού": 1778601521.7857559,
  "gt vs srh": 1778601524.5408845,
  "γιουροβιζιον 2026": 1778601527.476421,
  "διαιτητήσ": 1778601530.3622,
  "αλ νασρ εναντίον αλ χιλάλ": 1778608915.020822,
  "σουπερλιγκ": 1778608918.188872,
  "ερτ": 1778608921.218936,
  "νίκοσ ευαγγελάτοσ": 1778608924.3308384,
  "eurovision 2026 semi final 1": 1778608927.462354,
  "μπέτισ εναντίον έλτσε": 1778608929.5011218,
  "υπάλληλοσ": 1778608933.1771853,
  "spotify 20": 1778608935.2265239,
  "14 μαΐου": 1778608938.6511316,
  "γιώργοσ λιάγκασ": 1778608941.80514,
  "montenegro": 1778616323.456445,
  "sal da vinci": 1778616326.5330944,
  "finland eurovision 2026": 1778616329.6146793,
  "φινλανδία eurovision 2026": 1778616332.6348608,
  "κυπροσ eurovision 2026": 1778616335.7983503,
  "victoria swarovski": 1778616338.62607,
  "μολδαβια": 1778616341.8019974,
  "eurovision 2025": 1778616345.010981,
  "ert 1": 1778616347.9214156,
  "μπράντον κλαρκ": 1778616350.845044,
  "μαρια κοζακου": 1778621821.3475573,
  "delta goodrem": 1778621824.1581507,
  "αυστρία": 1778621826.9338326,
  "taylor swift": 1778621829.8191218,
  "τζόκερ": 1778621831.7702343,
  "σαν μαρινο": 1778621834.459888,
  "san marino": 1778621837.2627618,
  "κακοκαιρία": 1778621840.2177842,
  "πρωτάθλημα σαουδικήσ αραβίασ": 1778621842.9127176,
  "σερτάμπ ερενέρ": 1778621845.6297257,
  "cia": 1778625811.614979,
  "san marino eurovision 2026": 1778625814.8798802,
  "germany eurovision 2026": 1778625817.8614788,
  "contagion": 1778629432.7352166,
  "esc vote": 1778635828.8987966,
  "13 μαΐου": 1778650323.9018557,
  "ειδήσεισ": 1778650327.2405858,
  "αλ νασρ ριάντ": 1778650329.2007759,
  "pete parkkonen": 1778650332.3958735,
  "boy george eurovision": 1778650335.3153923,
  "φορολογία": 1778660381.3497927,
  "κοινωνικοσ τουρισμοσ 2026 αποτελεσματα": 1778660384.534344,
  "μολδαβία": 1778660387.72638,
  "jason collins": 1778660390.7078528,
  "πρωτοσέλιδα εφημερίδων": 1778660393.9282937,
  "φαίη σκορδά": 1778669200.7812061,
  "αποτελεσματα προτυπων 2026": 1778669203.9899435,
  "μάριοσ ηλιόπουλοσ": 1778669207.0171278,
  "αεκ αρένα": 1778669210.103118,
  "πολυτιμότεροσ παίκτησ": 1778669213.3412006,
  "δεσποινίσ διευθυντήσ": 1778669216.643611,
  "τράπεζα": 1778675657.1108274,
  "πακιστάν": 1778675658.959997,
  "omonia": 1778675662.139738,
  "παοκ αεκ": 1778675665.3453627,
  "αστυπαλαια": 1778675668.4888515,
  "αναστασία παντούση": 1778675671.931113,
  "εθνική τράπεζα": 1778686395.9894385,
  "rcb vs kkr": 1778686397.9810877,
  "volos vs aris": 1778686399.93191,
  "τολησ παπαδημητριου": 1778686401.8709657,
  "νέα σελήνη": 1778686405.1589549,
  "αθηνά οικονομάκου": 1778686408.526721,
  "τζορτζ κλούνεϊ": 1778686411.921062,
  "βόλοσ εναντίον άρησ": 1778686416.1883562,
  "μελισσοκομία": 1778686419.4259312,
  "λεβαδειακόσ εναντίον οφη": 1778686422.846666
}