{
  "εθνικη τραπεζα": 1780331129.9541566,
  "μαριοσ οικονομου": 1780331132.2641993,
  "newsbomb": 1780331134.8905756,
  "callum turner": 1780331137.3688993,
  "αννουλα βασιλειου": 1780346536.7792425,
  "αλφα": 1780346538.5997689,
  "zubkov": 1780354364.881625,
  "ειδησεισ": 1780354367.4036798,
  "μια νυχτα μονο": 1780358943.1159387,
  "διετήσ αποκλεισμόσ": 1780376329.607819,
  "παίκτησ": 1780376331.6713324,
  "protothema": 1780376334.2841175,
  "διευθυντήσ": 1780376336.8493526,
  "ραφαέλ ναδάλ": 1780376339.4526143,
  "άρησ": 1780376342.2186446,
  "newsit": 1780376344.7708101,
  "πρωτο θεμα": 1780376347.5107105,
  "τζένη μπαλατσινού": 1780376350.0492115,
  "iefimerida": 1780376352.6234913,
  "νεα αριστερα": 1780391422.9059784,
  "news247": 1780391425.417043,
  "capital": 1780391427.867405,
  "ελευθεριοσ βενιζελοσ": 1780404741.0068314,
  "australia vs pakistan": 1780404742.9039838,
  "2025": 1780404745.3258305,
  "ευρώ": 1780404747.947086,
  "νασοσ αθανασιου": 1780404750.5030892,
  "πειραιωσ": 1780404752.9573724,
  "σκάνδαλο": 1780404755.364428
}