{
  "τουρισμόσ": 1784008518.0164602,
  "κωνσταντίνοσ τζολάκησ": 1784008520.3230987,
  "14 ιουλίου": 1784008522.5495589,
  "βενζίνη": 1784008525.132045,
  "νεεσ ταυτοτητεσ παραταση 2027": 1784008527.11532,
  "εξετάσεισ": 1784008529.101794,
  "σκάνδαλο": 1784008531.3595552,
  "ελ νίνιο": 1784008533.655902,
  "ταλ ντίλιαν": 1784008535.8856356,
  "μάριοσ ηλιόπουλοσ": 1784015516.5954902,
  "david jones garcia": 1784015518.937969,
  "14 ιουλιου γιορτη": 1784015520.7522452,
  "εμανουέλ μακρόν": 1784015523.694193,
  "ανεργία": 1784015526.190597,
  "δημήτρησ πανόπουλοσ": 1784022653.1834893,
  "εθνική αρχή διαφάνειασ": 1784028039.7860157,
  "λαμία": 1784028042.3354607,
  "πειραιάσ": 1784028045.1452308,
  "φωτια βασιλικα": 1784028047.6571937,
  "england vs india": 1784028050.3199472,
  "συνέντευξη": 1784028052.2474432,
  "μαρία αντωνά": 1784033139.9506726,
  "βρέφοσ": 1784033142.3732965,
  "τροχαίο ατύχημα": 1784033144.7262967,
  "δυπα": 1784039367.7826757,
  "βασίλησ τολιόπουλοσ": 1784039369.9799752,
  "φρανσίσκο τρινκάο": 1784039372.3435266,
  "ανδρέασ παναγιωτόπουλοσ": 1784039374.5544188,
  "βασιλικα φωτια": 1784039376.7967288,
  "ισπανια γαλλια": 1784044752.7223542,
  "κηδεία": 1784044754.710301,
  "stefanos tsitsipas": 1784044756.6862729,
  "ηθοποιόσ": 1784044759.3302057,
  "μαρία ηλιάκη": 1784044761.6842647,
  "λιονέλ μέσι": 1784044763.8689513,
  "οσδε 2026": 1784044766.1981936,
  "συνταξεισ": 1784044768.467236,
  "νύφη": 1784044771.0117764,
  "juancho hernangomez": 1784049500.3142989,
  "εθνική οδόσ αθηνών λαμίασ": 1784049502.7091851,
  "χουαντσο": 1784049505.0227046,
  "οσια ξενη φωτια": 1784049507.1673357,
  "γαλλία εναντίον ισπανία": 1784053981.5233731,
  "france vs spain": 1784053983.8683279,
  "france espagne": 1784053985.7792287,
  "fifa fußball-weltmeisterschaft 2026": 1784053988.3345168,
  "h&m": 1784053990.8655856,
  "οσια ξενη": 1784053992.847701,
  "κώδικασ οδικήσ κυκλοφορίασ": 1784053995.2336097,
  "cucurella": 1784058769.9166512,
  "javier bardem": 1784058772.2378638,
  "francja – hiszpania": 1784058774.1262295,
  "ertflix": 1784058776.21306,
  "oyarzabal": 1784058778.7999752,
  "κρήτη": 1784058781.4766421,
  "antena 1 live": 1784058783.9969325,
  "lucas digne": 1784058786.3940465,
  "olise": 1784058789.088876,
  "zdf mediathek": 1784058791.8006637,
  "timothee chalamet": 1784062401.2967079,
  "pedri": 1784062403.1842031,
  "spain fc": 1784062405.9159186,
  "infantino": 1784062407.8174095,
  "david beckham": 1784062410.2551255,
  "dassault rafale": 1784062412.7123117,
  "unai simon": 1784062415.487858,
  "επιδημία": 1784062418.0208478,
  "usain bolt": 1784062419.9299915,
  "כאן 11": 1784062422.1326427,
  "χαλ σίτι": 1784065922.6855018,
  "κιλιάν μπαπέ": 1784065925.252085,
  "ντόναλντ τραμπ": 1784065928.1576347,
  "στατιστικά μουντιάλ": 1784065930.9417799,
  "cees geel": 1784065933.4979503,
  "λαμίν γιαμάλ": 1784065936.340241,
  "argentina england": 1784065938.8257873,
  "de la fuente": 1784065941.2622674,
  "ντάριο σίμιτσ": 1784065943.760444,
  "εμπαπε": 1784065946.390382,
  "heridas": 1784069513.8934133,
  "τελικοσ μουντιαλ": 1784072734.5934207,
  "ai": 1784077292.8249905,
  "mountial": 1784077295.3157048
}