{
  "release athens": 1780077461.3521106,
  "πανσεληνοσ μαιου 2026": 1780077463.1689754,
  "champions league final": 1780077465.3818629,
  "bts": 1780077467.5125165,
  "αεκ λάρνακασ": 1780077469.8717263,
  "δήμητρα λιάνη-παπανδρέου": 1780077472.083731,
  "δικαστικόσ": 1780077473.910103,
  "αεκ ολυμπιακοσ χαντμπολ": 1780077475.9832468,
  "jacob elordi": 1780077478.1883764,
  "δημοσκοπηση": 1780077480.0214918,
  "τεχνητή νοημοσύνη": 1780086344.7774801,
  "anthony gordon": 1780086347.0428855,
  "διακοπή ρεύματοσ": 1780086349.418727,
  "βλαντίμιρ πούτιν": 1780086351.985727,
  "roland garros 2026": 1780086354.2043684,
  "επίδομα θέρμανσησ - 2026": 1780086356.9141543,
  "stranger things": 1780086359.3671076,
  "joao fonseca": 1780086362.100191,
  "βαλένθια μπάσκετ": 1780086364.4227092,
  "μέταλλο": 1780086366.712593,
  "backrooms movie": 1780092684.7187743,
  "το σπιτι διπλα στο ποταμι": 1780092686.9916227,
  "twitch": 1780092689.426597,
  "μηχανικόσ": 1780092691.733165,
  "εμμανουήλ καραλήσ": 1780092694.5355334,
  "οι αθωοι": 1780092697.1122346,
  "ναταλία δραγούμη": 1780092699.8226728,
  "john wick": 1780098153.0649228,
  "30 μαΐου": 1780119100.2328918,
  "έκρηξη": 1780119102.9061844,
  "μαρία ηλιάκη": 1780119105.6598742,
  "δημήτρησ κίτσοσ": 1780119108.2460163,
  "ινδία": 1780119110.991431,
  "πετρέλαιο": 1780119113.8143404,
  "ντόναλντ τραμπ": 1780119116.5664494,
  "θεσσαλονίκη": 1780119119.3046083,
  "κατασκοπεία": 1780119122.206936,
  "instagram": 1780119124.7691095,
  "σωκράτησ κόκκαλησ": 1780128355.7068055,
  "ψυχοσαββατο": 1780128358.8733435,
  "πέλλα": 1780128361.9892485,
  "επαλ πανελληνιεσ 2026": 1780128364.961471,
  "δημόσια διοίκηση": 1780128367.9872766,
  "ιόσ έμπολα": 1780128370.9394894,
  "ρεκόρ": 1780135852.2125611,
  "john kennedy jr": 1780135854.9072773,
  "αργία": 1780135857.6718645,
  "τζέικ μέντγουελ": 1780135860.4519145,
  "ψυχοσάββατο": 1780135862.2756128,
  "paok vs panathinaikos": 1780141549.7773097,
  "θαλάσσιο πάρκο": 1780141552.7605984,
  "γεωργία": 1780141555.7734442,
  "psg": 1780141558.657945,
  "εκπαίδευση": 1780145405.650414,
  "ιουλια καλλιμανη": 1780145408.7974758,
  "ert2": 1780145411.8084972,
  "iraola": 1780145415.0991254,
  "australia vs pakistan": 1780145418.3209598,
  "arne slot": 1780145421.3338425,
  "aek vs olympiacos": 1780150829.996632,
  "νέα αριστερά": 1780150832.966231,
  "αμαλία κωστοπούλου": 1780150835.849573,
  "τουρισμοσ για ολουσ 2026": 1780150838.8339863,
  "ετεοκλήσ παύλου": 1780150841.7596855,
  "η εφημερίδα των συντακτών": 1780150843.7486393,
  "φλιωνησ": 1780150846.698536,
  "mega live": 1780155868.654432,
  "puskas arena": 1780155871.7371585,
  "πρόωρεσ εκλογέσ": 1780155876.5841959,
  "πσζ εναντίον άρσεναλ": 1780155879.6372802,
  "mega tv live": 1780155882.749488,
  "βουλγαρία": 1780155885.6153178,
  "νίκοσ μαραντζίδησ": 1780155888.4286275,
  "ελλάδα": 1780155891.618709,
  "psg vs arsenal": 1780155894.3827198,
  "ζαν μοντέρο": 1780155897.245471,
  "safonov": 1780159498.528237,
  "zdf live": 1780159501.2497911,
  "έλενα χριστοπούλου": 1780159504.1053634,
  "μουντιαλ 2026": 1780159506.9274173,
  "havertz": 1780159510.025191,
  "mega live τωρα": 1780159512.7763176,
  "arsenal": 1780159515.6471934,
  "zdf": 1780159518.5337205,
  "μαρία σάκκαρη": 1780159521.5678847,
  "the killers": 1780159523.4071517
}