{
  "jj": 1778456802.226462,
  "serie a": 1778463059.8779385,
  "συναλλαγέσ": 1778478139.0452378,
  "yfsf": 1778478142.5915594,
  "11 μαΐου": 1778478150.9767416,
  "διαιτησία": 1778478154.0140386,
  "efsyn": 1778478156.863981,
  "πρωτοσελιδα": 1778478164.7735794,
  "τζοκερ 10 5 26": 1778478166.600316,
  "απεργια 13": 1778478168.425892,
  "περιπολικό": 1778489369.3253114,
  "δημήτρησ αλεξάνδρου": 1778489386.383478,
  "απεργια": 1778489403.4261274,
  "μαραθώνασ": 1778500252.2650347,
  "ομόλογο": 1778500254.2773485,
  "κατω τιθορεα": 1778500257.3415914,
  "blackstone": 1778500260.4270127,
  "κοινωνικοσ τουρισμοσ 2026 αποτελεσματα": 1778500267.6356442,
  "πηνελόπη πλάκα": 1778500271.1486125,
  "βαμβάκι": 1778500277.381666,
  "ημιτελικοσ eurovision 2026": 1778500280.2937744,
  "ρεμπροφ": 1778500283.6512992,
  "pbks vs dc": 1778510131.7644043,
  "σχολείο δεύτερησ ευκαιρίασ": 1778510135.9928281,
  "σίντνεϊ σουίνι": 1778510137.8632424,
  "γιώργοσ μυλωνάκησ": 1778510143.5274744,
  "φαίη σκορδά": 1778510146.8405116,
  "hyundai": 1778510154.8070183,
  "αφροδίτη λατινοπούλου": 1778510158.4574971,
  "πυροσβεστικό σώμα ελλάδασ": 1778510163.7500343,
  "πασχάλησ τερζήσ": 1778510166.7871332,
  "λούκα γιόβιτσ": 1778510170.2802908,
  "δήλωση περιουσιακήσ κατάστασησ": 1778519461.3190377,
  "μύκονοσ": 1778519473.6657526,
  "διαγωνισμόσ τραγουδιού eurovision": 1778519476.538961,
  "βαλενθια παναθηναικοσ game 5": 1778519483.5772202,
  "αστυνομία": 1778519489.3378434,
  "klavdia": 1778519491.19467,
  "νίκοσ μπουντούρησ": 1778519498.4623117,
  "καταλειφοσ": 1778519514.9067419,
  "προσγείωση": 1778526781.1242533,
  "eurovision odds": 1778526783.921159,
  "ρίο άβε εναντίον σπόρτινγκ λισαβόνασ": 1778526786.8095698,
  "μπενφίκα εναντίον μπράγκα": 1778526788.6386504,
  "τότεναμ εναντίον λιντσ": 1778526790.4689496,
  "ράγιο βαγιεκάνο εναντίον χιρόνα": 1778526793.4809146,
  "νάπολι εναντίον μπολόνια": 1778526798.2943141,
  "φάιναλ φορ": 1778526801.2910855,
  "πρωτο θεμα": 1778526804.2824204,
  "χριστίνα βίδου": 1778526807.735694,
  "σαρβαιβορ σημερα": 1778532916.4041207,
  "napoli": 1778532919.151862,
  "grand theft auto vi": 1778532921.8829644,
  "τοτεναμ": 1778532924.7837768,
  "έλενα χριστοπούλου": 1778532927.7672384,
  "easyjet": 1778532930.6030397,
  "telekom center athens": 1778532934.992389,
  "survivor": 1778532938.6940649,
  "biased beast": 1778536854.8605368,
  "eurovision": 1778536857.7308803,
  "ελβετία": 1778536859.5804572,
  "σύμβαση": 1778540888.7606688
}