{
  "μαρια κοζακου": 1778794668.4580414,
  "τζοκερ 14 5 26": 1778794670.3225992,
  "swarovski eurovision": 1778794672.762305,
  "malta": 1778794675.104675,
  "australia eurovision 2026": 1778794677.6395473,
  "προγνωστικα eurovision 2026": 1778798384.1652925,
  "ρεαλ": 1778798386.4679475,
  "κατερίνα βρανά": 1778798388.307264,
  "real madrid": 1778808402.1283796,
  "monroe france": 1778808404.4336262,
  "ουράνιο": 1778821903.8389037,
  "15 μαΐου": 1778821906.1841366,
  "γαλάζια πατρίδα": 1778821908.4919806,
  "γιουροβιζιον 2026": 1778821910.3289888,
  "εργατικό ατύχημα": 1778821912.7279723,
  "μελινα ηλιουπολη": 1778821914.5343523,
  "νάιτζελ χέισ-ντέιβισ": 1778833070.6137133,
  "θανασησ αυγερινοσ": 1778833073.1047547,
  "μη επανδρωμένο αεροσκάφοσ": 1778833075.4549932,
  "γαλλια eurovision 2026": 1778833077.971388,
  "μακάμπι τελ αβίβ": 1778833080.4398267,
  "γιώργοσ αυτιάσ": 1778833083.0269632,
  "2026": 1778833085.329257,
  "γάμοσ": 1778841601.7699456,
  "ρόδοσ": 1778841605.0473711,
  "mac": 1778841607.4897985,
  "διαγωνισμόσ τραγουδιού eurovision 2026": 1778847800.4894593,
  "αναδρομικα": 1778847803.3102784,
  "πολωνία": 1778847805.2369978,
  "csk vs lsg": 1778856288.0743155,
  "θεσσαλονίκη": 1778856290.7707167,
  "ελαιόλαδο": 1778856293.3706775,
  "ηνωμένεσ πολιτείεσ": 1778856296.4560728,
  "ευαγγελατοσ": 1778856299.0113356,
  "πολύτιμα μέταλλα": 1778856301.454087,
  "παοκ αρησ κ19": 1778862755.1908226,
  "αμαλία κωστοπούλου": 1778862757.4611936,
  "φρίντριχ μερτσ": 1778862759.9203503,
  "panathinaikos vs mykonos": 1778862762.232182,
  "δημόσια υπηρεσία απασχόλησησ": 1778862764.0871727,
  "chios pass kithira pass": 1778862766.3373287,
  "μητροπολίτησ θεσσαλονίκησ φιλόθεοσ": 1778862768.8788953,
  "κοινοβούλιο": 1778862770.746683,
  "νοσοκομείο": 1778862772.971123,
  "ανεξάρτητη αρχή δημοσίων εσόδων": 1778862774.7979274,
  "καλλίπολη": 1778868592.1372502,
  "ολυμπιακόσ σφπ": 1778868594.674113,
  "λεξ": 1778868597.169872,
  "ζωδια": 1778868599.6838968,
  "euroleague final four": 1778868602.128431,
  "euroleague final four tickets": 1778868604.7318213,
  "παναθηναικοσ μυκονοσ": 1778868607.3363528,
  "περιστέρι": 1778868609.8401763,
  "μαΐου": 1778874764.5520084,
  "άννα μαρία τησ ελλάδοσ": 1778874767.1282213,
  "jannik sinner": 1778874769.685112,
  "aston villa vs liverpool": 1778874772.1888404,
  "άστον βίλα εναντίον λίβερπουλ": 1778874774.2044497,
  "διαγωνισμόσ τραγουδιού eurovision": 1778874776.6516774,
  "εβάν φουρνιέ": 1778874779.1433504,
  "πειραιάσ": 1778874781.6789606,
  "σύνταγμα": 1778874785.35236,
  "χριστίνα παππά": 1778878511.9023695,
  "patti smith": 1778878514.3600929
}