{
  "πανσεληνοσ απριλιου 2026": 1777571160.3200548,
  "σουπερ μαρκετ πρωτομαγια 2026": 1777571162.1467352,
  "ευρύχου": 1777571163.9486058,
  "εισαγγελέασ του αρείου πάγου": 1777571165.8013587,
  "άμυνα": 1777571167.632392,
  "στέφανοσ τσιτσιπάσ": 1777571169.470203,
  "κινηση στουσ δρομουσ": 1777571171.32136,
  "eurovision 2026": 1777571173.136722,
  "ουεφα τσάμπιονσ λιγκ": 1777571174.9734712,
  "απεργια αυριο": 1777571176.7945893,
  "φενερ ζαλγκιρισ": 1777579335.9413285,
  "taylor swift": 1777579339.8105156,
  "ψήφισμα": 1777579342.559506,
  "devil wears prada 2": 1777579344.8936524,
  "βαλενθια παναθηναικοσ": 1777579347.3470995,
  "panathinaikos valencia": 1777579349.8339498,
  "μπάσκετ παναθηναϊκόσ σήμερα live": 1777579353.513075,
  "aston villa": 1777579355.9217987,
  "μπράγκα εναντίον φράιμπουργκ": 1777579358.3616455,
  "tj shorts": 1777579361.3041387,
  "sport24": 1777583605.4878592,
  "sportfm": 1777583608.9781816,
  "στοιχημαν": 1777583612.107661,
  "ερα σπορ": 1777583614.4894073,
  "montero": 1777583616.9643044,
  "μητέρα": 1777583619.3024244,
  "de larrea": 1777583621.6729941,
  "turkish airlines euroleague": 1777583623.950536,
  "παο μπασκετ": 1777583626.3324566,
  "novibet": 1777587086.1719713,
  "σπορτ24": 1777587088.4406335,
  "ημέρα εργασίασ": 1777587090.890798,
  "labour day": 1777587093.2136338,
  "sport 24": 1777587095.7247307,
  "sdna": 1777587098.207457,
  "bet365": 1777587100.4021153,
  "hayes davis": 1777587102.8253462,
  "valencia": 1777587105.503658,
  "γιαννακόπουλοσ": 1777590740.435461,
  "μοντερο": 1777590742.9781654,
  "sdna pao": 1777590745.4765058,
  "gazzetta": 1777590747.9763858,
  "sportal": 1777594107.255866,
  "nigel hayes": 1777594109.8569648,
  "wetter": 1777608812.6824667,
  "weather": 1777608815.0019853,
  "χιόνι": 1777608817.356569,
  "x": 1777608819.861362,
  "τουρισμόσ": 1777608822.4788377,
  "σκύλοσ": 1777617973.453128,
  "ευρώπη": 1777617975.502374,
  "ματίασ λεσόρ": 1777617977.5508852,
  "μαιοσ": 1777617979.999288,
  "1 μαιου": 1777617982.4914634,
  "εργατική πρωτομαγιά": 1777617985.6152284,
  "εορτολόγιο": 1777617988.6679006,
  "αυτοκινητοβιομηχανία": 1777617991.1836379,
  "πεντάγωνο": 1777617994.5790324,
  "τζόκερ": 1777617997.1122224,
  "masterchef αποχωρηση": 1777624452.7982662,
  "δημήτρησ γιαννακόπουλοσ": 1777624455.4412947,
  "lorna hajdini": 1777624458.5066957,
  "ναυπλιο": 1777624461.0784116,
  "tag der arbeit": 1777624463.1209307,
  "πόλεμοσ": 1777624465.6485693,
  "φειδίασ παναγιώτου": 1777624468.6867955,
  "γηροκομείο": 1777624471.1558166,
  "μετρο θεσσαλονικησ": 1777624473.8282704,
  "νοσοκομείο μεταξά": 1777624476.337195,
  "ακρωτηριασμόσ": 1777630197.619517,
  "κατερίνα παπουτσάκη": 1777630200.0908237,
  "village": 1777630202.5991123,
  "1 μαΐου": 1777634530.7060127,
  "μετρο σημερα": 1777634533.5203207
}