{
  "αλιβερι": 1777680018.598753,
  "nba": 1777693604.8828208,
  "2 μαΐου": 1777701402.0179756,
  "eurojackpot": 1777701404.455366,
  "wetter": 1777701406.984152,
  "σταματίνα τσιμτσιλή": 1777701409.7525494,
  "ντόναλντ τραμπ": 1777701412.137159,
  "lakers": 1777701414.7039905,
  "γιόνασ βαλαντσιούνασ": 1777707679.0618527,
  "δικηγόροσ": 1777707681.8550262,
  "κίνδυνοσ": 1777712032.375288,
  "bangladesh vs new zealand": 1777712034.8567863,
  "metallica": 1777712037.5694253,
  "spirit airlines": 1777712039.998188,
  "γιορτη τησ μητερασ 2026": 1777712042.558032,
  "alex zanardi": 1777715743.3582525,
  "προϋπολογισμόσ": 1777718698.4008505,
  "ηρώ πεκτέση": 1777718700.9362168,
  "φωσ στο τούνελ": 1777725183.1221037,
  "championship": 1777725186.372364,
  "βιγιαρεάλ εναντίον λεβάντε": 1777725188.5660732,
  "μάντσεστερ γιουνάιτεντ": 1777725190.8068063,
  "οικονομικόσ ταχυδρόμοσ": 1777725193.8297923,
  "γουλβσ εναντίον σάντερλαντ": 1777730160.668681,
  "βαλένθια εναντίον ατλέτικο μαδρίτησ": 1777730162.6413798,
  "μπρέντφορντ εναντίον γουέστ χαμ": 1777730165.138218,
  "bayern vs heidenheim": 1777730167.7299197,
  "σίσσυ χρηστίδου": 1777730170.9302642,
  "iphone": 1777730173.4727101,
  "παναιτωλικόσ εναντίον κηφισιά": 1777730176.2862887,
  "νιούκασλ γιουνάιτεντ εναντίον μπράιτον": 1777730178.9763188,
  "γραμμη 2": 1777730181.5473027,
  "νίκοσ μουρατίδησ": 1777730184.0204232,
  "συντάξεισ ιουνίου": 1777732960.1432543,
  "πανσερραϊκόσ εναντίον αελ": 1777732962.4204583,
  "εισαγγελέασ του αρείου πάγου": 1777732965.0964596,
  "psg vs lorient": 1777736032.2674878,
  "ναταλία γερμανού": 1777736034.6630464,
  "μονακο": 1777736037.2455897,
  "mi vs csk": 1777736039.1708798,
  "ζωζώ σαπουντζάκη": 1777736041.6618447,
  "οικονομία": 1777736044.1963673,
  "μοτοσικλετιστήσ": 1777739277.0222242,
  "σουπερ λιγκ": 1777739279.4643946,
  "brentford vs west ham": 1777739281.9490848,
  "μπαγερν": 1777739285.4143898,
  "bayern munich": 1777739287.3879755,
  "παοκ ολυμπιακόσ": 1777739291.9931219,
  "μοχάμεντ σαλάχ": 1777742645.791398,
  "αστερασ τριπολησ": 1777742648.1271973,
  "φωτια πατρα": 1777742650.7034307,
  "superleague": 1777742652.5381298,
  "valencia vs atlético madrid": 1777742655.2695212,
  "chery": 1777742657.773696,
  "psg vs fc lorient standings": 1777745244.7911878,
  "ρεάλ μαδρίτησ": 1777745247.1707401,
  "ακύλασ eurovision": 1777745249.4400642,
  "الطقس غدًا": 1777745251.7735271,
  "ζάκυνθοσ": 1777745254.1128786,
  "galatasaray": 1777745256.6114018,
  "αλιφερη": 1777749327.113725,
  "νικ καλάθησ": 1777749329.5091295,
  "fenerbahçe": 1777749332.45465,
  "the suicide squad": 1777749334.6526222,
  "τροφική δηλητηρίαση": 1777749337.0121682,
  "συμμορία": 1777749339.3540165,
  "κομο ναπολι": 1777749341.8769834,
  "ryanair": 1777752011.481217,
  "πανσεληνοσ μαΐου 2026": 1777752015.172496,
  "süper lig": 1777752017.7757561,
  "αλαβέσ εναντίον αθλέτικ μπιλμπάο": 1777752020.5278826,
  "ηλιασ γκοτσησ": 1777752022.9796655,
  "κωνσταντίνοσ μαυροπάνοσ": 1777755150.5321608,
  "barcelona": 1777755152.3826113,
  "κόμο εναντίον νάπολι": 1777755155.1063764,
  "τελικόσ": 1777755157.4948444,
  "βουγιουκλακη": 1777755159.329654,
  "formula 1": 1777757680.1240559,
  "osasuna vs barcelona": 1777757681.9789512,
  "μπαρτσελόνα": 1777757684.4056518,
  "devil wears prada 2": 1777759800.133682,
  "φκ μπαρτσελόνα": 1777759801.988467
}