{
  "2026": 1781786167.6023283,
  "τα νέα": 1781786169.8908954,
  "τριαντάφυλλοσ τσάπρασ": 1781786171.8662398,
  "σαμάρα": 1781786173.9340355,
  "χρύσα μιχαλοπούλου": 1781786176.1334026,
  "αντρέ λουίσ": 1781786178.3397336,
  "ελάχιστη βάση εισαγωγήσ": 1781786180.454358,
  "ευρυδίκη βαλαβάνη": 1781786182.5347407,
  "gorillaz": 1781786184.7595143,
  "ανδρέασ μαζαράκησ": 1781786187.083761,
  "τσεχια νοτια αφρικη": 1781798621.3875694,
  "czechia vs south africa": 1781798623.657828,
  "hyundai": 1781798625.8996925,
  "άρησ θεσσαλονίκησ": 1781798628.0943165,
  "λατινοπουλου παιτερησ": 1781798630.3122947,
  "ελεγκτήσ εισιτηρίων": 1781798632.6633327,
  "διεθνέσ νομισματικό ταμείο": 1781798634.791267,
  "παρθενώνασ": 1781798637.1300185,
  "gta 6": 1781798639.429281,
  "δελτίο ταυτότητασ": 1781798641.4741578,
  "σταθμάρχησ": 1781807583.7601626,
  "epic games": 1781807586.1442504,
  "ευρωπαϊκό κοινοβούλιο": 1781807588.2551265,
  "ανθρωποκτονία": 1781807590.5215175,
  "obsession": 1781807592.879269,
  "αποτελεσματα πανελληνιων 2026": 1781807595.239655,
  "inaki pena": 1781807597.8575864,
  "ζέλικο ομπράντοβιτσ": 1781807600.1525812,
  "βρισηίδα ανδριώτου": 1781816884.1496089,
  "tesla motors": 1781816886.733568,
  "valencia basket vs barcelona": 1781816888.932601,
  "λαγοκέφαλοσ": 1781816891.34838,
  "μέγαρο μαξίμου": 1781816893.7459116,
  "θερμοκρασία": 1781816898.404509,
  "switzerland": 1781816900.6450646,
  "toy story 5": 1781816903.1545134,
  "ελβετια βοσνια": 1781816905.1320217,
  "switzerland vs bosnia and herzegovina": 1781816907.2103465,
  "canada vs qatar": 1781823737.0302277,
  "ευρώπη": 1781823738.898578,
  "tay keith": 1781823741.2403243,
  "ειρήνη αγαπηδάκη": 1781823743.9669273,
  "φράγκο": 1781823746.1029646,
  "ρεάλ μαδρίτησ": 1781823748.2815123,
  "καναδασ καταρ": 1781823750.4858723,
  "switzerland fc": 1781823752.6278489,
  "γιώτα νέγκα": 1781823754.791538,
  "μεξικο νοτια κορεα": 1781833829.0237083,
  "disney plus": 1781833831.0129983,
  "mexico national football team vs south korea national football team standings": 1781852434.729047,
  "andy burnham": 1781852437.3437817,
  "ismael kone": 1781852439.496345,
  "19 ιουνίου": 1781852442.0863132,
  "netflix": 1781852444.1690493,
  "ryanair": 1781852446.2415097,
  "καρκίνοσ": 1781852448.4330657,
  "εβάν φουρνιέ": 1781852450.6074016,
  "ανδρική ομάδα καλαθοσφαίρισησ παναθηναϊκού": 1781852452.4795272,
  "παμε στοιχημα": 1781852454.6958542,
  "pablo maffeo": 1781869210.736439,
  "βόλοσ": 1781869213.2456975,
  "οασα": 1781869215.1218936,
  "parastoo ahmadi": 1781869217.2834878,
  "ποδόσφαιρο": 1781869219.6110241,
  "kyle alexander": 1781869221.758329,
  "υπουργείο παιδείασ, θρησκευμάτων και αθλητισμού": 1781869223.8397787,
  "grand theft auto vi": 1781869225.6850648,
  "φανή χαλκιά": 1781869228.0561073
}