{
  "καναδάσ εναντίον μαρόκο": 1783182980.4225132,
  "ajax": 1783182982.6927762,
  "παναθηναϊκόσ εναντίον άγιαξ": 1783182984.7098958,
  "πυρκαγια καλλικρατεια": 1783182986.9971192,
  "πολιτική προστασία": 1783182988.8441606,
  "φωτια θεσσαλονικη": 1783182990.9798005,
  "mondiali fifa 2026": 1783186761.5248134,
  "έλενα παπαρίζου": 1783186764.2153575,
  "canada vs morocco": 1783186766.3829038,
  "καλλικρατεια": 1783186768.7058647,
  "canada morocco": 1783190319.9082453,
  "σάντεφιορντ": 1783190322.429689,
  "hakimi": 1783190324.8909798,
  "μπονγκα": 1783190327.1434357,
  "μαρούσι": 1783190329.6772647,
  "μαροκο": 1783190331.6981716,
  "νέοι επιβάτεσ": 1783190333.7581491,
  "παναθηναικοσ": 1783190336.0023534,
  "rthess": 1783194648.4876053,
  "fifa fußball-weltmeisterschaft 2026": 1783194650.4242923,
  "athletiko": 1783198097.3474803,
  "καιροσ πατρα": 1783198099.5329287,
  "france paraguay": 1783201345.5979526,
  "γαλλια μουντιαλ": 1783204862.310501,
  "sport fm": 1783204864.7102723,
  "ethnos": 1783204866.9306672,
  "μουντιαλ σημερα": 1783204869.0922785,
  "voria": 1783208701.8930721,
  "ωραιοκαστρο φωτια": 1783214724.9589186,
  "meteo": 1783229595.190402,
  "coupe du monde": 1783229597.2893765,
  "αντζελίνα τζολί": 1783229599.7711596,
  "wimbledon 2026": 1783229602.0478806,
  "fosonline": 1783229603.9087753,
  "погода": 1783229605.9528365,
  "времето": 1783229607.7934434,
  "άδεια οδήγησησ": 1783229610.019601,
  "στοίχημα κουπόνι": 1783229611.8707676,
  "καθημερινη": 1783229613.7148285,
  "kairinen": 1783240106.1232955,
  "5 ιουλιου γιορτη": 1783240108.2432253,
  "δημητρησ δανικασ": 1783240110.4100912,
  "χρέοσ": 1783240112.6157935,
  "κηφισόσ": 1783240114.7876003,
  "φλόριντα": 1783240116.9198644,
  "καιροσ χαλκιδικη": 1783240119.1605842,
  "πρόστιμο": 1783247850.7528238,
  "βραζιλια νορβηγια": 1783247852.9176183,
  "ψάρι": 1783252845.9279957,
  "δημοσκόπηση": 1783252848.3233511,
  "οινοη": 1783260160.5113337,
  "novak djokovic": 1783260162.7584653,
  "πέτροσ κούσουλοσ": 1783260165.1685417,
  "τεκμαρτό εισόδημα": 1783260168.0237217,
  "κάρπαθοσ": 1783260170.6575584,
  "άρθρο": 1783260172.6815846,
  "μόσχα": 1783265029.205495,
  "πένθοσ": 1783265031.114747,
  "κώστασ παπανικολάου": 1783265033.3477714,
  "αυστραλία": 1783265036.0963745,
  "ελλαδα πορτογαλια μπασκετ": 1783265038.269591,
  "αεροδρόμιο": 1783265040.556957,
  "σκύλοσ": 1783269138.9434838,
  "f1 standings": 1783269141.075996,
  "charles leclerc": 1783269143.2850225,
  "φωτια οινοη": 1783269145.507331
}