{
  "yan diomande": 1781989765.9679794,
  "diomande": 1781989767.9905965,
  "μετάλλιο": 1781989770.2456303,
  "ακτη ελεφαντοστου": 1781989772.2574806,
  "ουίλιαμ, πρίγκιπασ τησ ουαλίασ": 1781989774.4827762,
  "deniz undav": 1781994080.4965777,
  "ζοζεφιν": 1781994082.6822915,
  "sex and the city": 1781994084.901753,
  "kessie": 1781994086.8899531,
  "germany ivory coast": 1781994089.0753264,
  "γιώργοσ μασούρασ": 1781994091.276896,
  "james burrows": 1781994093.2862372,
  "ζελικο ομπραντοβιτσ": 1781998950.6070378,
  "γερμανια": 1781998952.731522,
  "φωτιά": 1781998955.2589486,
  "αγώνεσ μουντιάλ": 1782007565.819941,
  "undav": 1782007568.0073364,
  "zdf livestream": 1782007570.1887848,
  "tunisia vs japan": 1782025382.56563,
  "το ποντικι": 1782025384.7383516,
  "τυνησια ιαπωνια": 1782025386.961789,
  "γιάννησ αντετοκούνμπο": 1782025388.994662,
  "θερινο ηλιοστασιο 2026": 1782025391.2295187,
  "σπύροσ παπαδόπουλοσ": 1782025393.5687401,
  "τι γιορτη ειναι σημερα": 1782025395.388471,
  "wordle": 1782025397.241718,
  "bbc news": 1782025399.4018016,
  "παγκόσμιο πρωτάθλημα μοτοσικλέτασ": 1782025401.5483162,
  "λήμνοσ": 1782038431.6857865,
  "δημήτρησ λάλοσ": 1782038434.0453017,
  "ματ μόργκαν": 1782038436.2748904,
  "κρήτη": 1782038438.5107474,
  "σκοπελοσ": 1782038440.9033048,
  "λαγοκέφαλοσ ψαρι": 1782038443.688458,
  "θαλεια ματικα": 1782038446.3506317,
  "κοινή αγροτική πολιτική": 1782038448.6061704,
  "στίβοσ": 1782038451.42849,
  "θερινο ηλιοστασιο": 1782038453.4260662,
  "obradovic": 1782045044.4196284,
  "φωτια συροσ": 1782045046.4160142,
  "γιάκομπ νίστρουπ": 1782045049.25161,
  "επιχειρηματίασ": 1782045051.093358,
  "καταδίκη": 1782045053.185411,
  "γαστούνη": 1782045055.1684685,
  "τσαπρασ": 1782053966.755654,
  "ιουλίου": 1782053969.064254,
  "motogp": 1782053971.298272,
  "συροσ φωτια": 1782053973.6489685,
  "θοδωρησ φερρησ": 1782053975.8734791,
  "oyarzabal": 1782060518.9877205,
  "κιρ στάρμερ": 1782060521.153814,
  "spain fc": 1782060523.24318,
  "λούκα βούσκοβιτσ": 1782060525.4586542,
  "δικαστήριο τησ ευρωπαϊκήσ ένωσησ": 1782060527.7367544,
  "ισπανια σαουδικη αραβια": 1782060529.8503988,
  "netflix": 1782060532.135076,
  "μάριοσ ηλιόπουλοσ": 1782060534.2390318,
  "spain vs saudi arabia": 1782060536.399331,
  "ραζβάν λουτσέσκου": 1782060538.4840434,
  "τζέι ντι βανσ": 1782065471.57121,
  "λάκησ λαζόπουλοσ": 1782065473.5482209,
  "βάσια παναγοπούλου": 1782065475.9782333,
  "ζέλικο ομπράντοβιτσ": 1782065478.2560096,
  "λουκακου": 1782072271.0469854,
  "αγιόκαμποσ": 1782072273.2606628,
  "taremi": 1782072275.7400928,
  "the weeknd": 1782072277.914877,
  "περιφερειακόσ θεσσαλονίκησ": 1782072280.0489798,
  "harry styles": 1782072282.6823156,
  "μαριαντα πιεριδη": 1782072284.7745593,
  "belgium vs iran": 1782072286.6068645,
  "δωροθέα μερκούρη": 1782072288.672884,
  "jean michel jarre": 1782072290.9432893
}