{
  "μπάστιαν σβάινσταϊγκερ": 1782339620.6417663,
  "neymar": 1782339622.793094,
  "gta 6": 1782339624.640054,
  "morocco vs haiti": 1782339626.854332,
  "κλήδονασ": 1782339628.685379,
  "σκωτια βραζιλια": 1782339631.219789,
  "fall moustapha": 1782339633.5678768,
  "brazil fc": 1782344389.8208559,
  "βραζιλια μουντιαλ": 1782344391.6516774,
  "σεισμοσ": 1782351354.104742,
  "σεισμοσ τωρα": 1782351356.3672848,
  "brazil scotland": 1782351358.6258373,
  "protothema": 1782366559.313428,
  "radio": 1782366561.553276,
  "eradio": 1782366563.820258,
  "σίσσυ χρηστίδου": 1782366566.126854,
  "βενεζουέλα": 1782366568.4443324,
  "boeing": 1782366570.7091205,
  "κατερίνα τσάβαλου": 1782366573.0042458,
  "ρόδοσ": 1782366575.2334528,
  "νεϊμάρ": 1782366577.5663857,
  "τσεχία εναντίον μεξικό": 1782366579.8405967,
  "αποτελεσματα πανελληνιων 2026": 1782376871.3063114,
  "gsis": 1782376873.795498,
  "αθηνά μαξίμου": 1782376876.037363,
  "παιδί": 1782376878.177338,
  "ειδησεισ": 1782376880.439179,
  "outlook": 1782376882.3711085,
  "νότια αφρική εναντίον νότια κορέα": 1782376885.0070982,
  "general motors": 1782376887.2625697,
  "καλαθοσφαίριση": 1782386820.8564556,
  "μηχανογραφικο 2026": 1782386822.9886267,
  "venezuela earthquake": 1782386825.078894,
  "μιδα": 1782386827.2738614,
  "neakriti": 1782394522.1527343,
  "cretalive": 1782394524.3292265,
  "αποτελεσματα πανελλαδικων": 1782394526.5700257,
  "taxheaven": 1782394528.6791005,
  "μιχάλησ ζαμπίδησ": 1782403622.1748157,
  "ολίμπια μιλάνο": 1782403624.5002198,
  "τσεντί οσμάν": 1782403626.3275876,
  "εκκαθάριση": 1782403628.3972208,
  "σταύροσ παπασταύρου": 1782403630.4458346,
  "κουφονήσια": 1782403632.619613,
  "ελικόπτερο": 1782403634.661945,
  "φωτια ηρακλειο": 1782403637.1608555,
  "curaçao vs côte d'ivoire": 1782419324.752618,
  "πλοίο": 1782419327.0073578,
  "rastoder": 1782419329.4099073,
  "μπρούνο τσερέλα": 1782419331.7501683,
  "ard live": 1782419334.090787,
  "κουρασάο εναντίον ακτή ελεφαντοστού": 1782419336.6439753,
  "αμοιβή": 1782419338.9419966,
  "ισημερινόσ εναντίον γερμανία": 1782419341.2091591,
  "αγωνεσ σημερα": 1782419343.609942,
  "γυναίκα": 1782419345.914049,
  "masterchef": 1782425032.4980593,
  "germany fc": 1782425034.646668,
  "μαστερ σεφ": 1782425036.7265983,
  "star live": 1782425038.8070428,
  "μέδουσα": 1782425040.8281162,
  "να μ αγαπάσ τελευταίο επεισόδιο": 1782425042.8733063
}