{
  "προσγείωση": 1778526781.1242533,
  "eurovision odds": 1778526783.921159,
  "ρίο άβε εναντίον σπόρτινγκ λισαβόνασ": 1778526786.8095698,
  "μπενφίκα εναντίον μπράγκα": 1778526788.6386504,
  "τότεναμ εναντίον λιντσ": 1778526790.4689496,
  "ράγιο βαγιεκάνο εναντίον χιρόνα": 1778526793.4809146,
  "νάπολι εναντίον μπολόνια": 1778526798.2943141,
  "φάιναλ φορ": 1778526801.2910855,
  "πρωτο θεμα": 1778526804.2824204,
  "χριστίνα βίδου": 1778526807.735694,
  "σαρβαιβορ σημερα": 1778532916.4041207,
  "napoli": 1778532919.151862,
  "grand theft auto vi": 1778532921.8829644,
  "τοτεναμ": 1778532924.7837768,
  "έλενα χριστοπούλου": 1778532927.7672384,
  "easyjet": 1778532930.6030397,
  "telekom center athens": 1778532934.992389,
  "survivor": 1778532938.6940649,
  "biased beast": 1778536854.8605368,
  "eurovision": 1778536857.7308803,
  "ελβετία": 1778536859.5804572,
  "σύμβαση": 1778540888.7606688,
  "eurovision 2026": 1778544496.1337135,
  "skai": 1778544498.1396904,
  "διαγωνισμόσ τραγουδιού eurovision 2026": 1778558564.7510428,
  "ασεπ": 1778568325.7308712,
  "asep": 1778568329.9114397,
  "lakers vs thunder": 1778568331.7869337,
  "12 μαΐου": 1778568337.32402,
  "bangladesh vs pakistan": 1778568340.8718352,
  "17 μαΐου": 1778568344.61094,
  "εισαγγελέασ": 1778568347.620141,
  "αξιολόγηση": 1778568351.357731,
  "πρωτοσελιδα": 1778568359.1041162,
  "εαακ": 1778577929.972959,
  "επίδομα ανεργίασ": 1778577947.0870261,
  "τα νεα": 1778577964.198749,
  "τελεσίγραφο": 1778577981.3546045,
  "μετρό": 1778577998.444691,
  "νομοσχέδιο": 1778578000.309288,
  "μίλαν νέντοβιτσ": 1778578017.4159439,
  "κέρκυρα": 1778578034.5294697,
  "κίεβο": 1778578051.6776044,
  "ηλιουπολη": 1778585363.377653,
  "market pass": 1778585366.1906102,
  "βύθιση": 1778585368.0246994,
  "άγιοσ έρωτασ": 1778585371.1878662,
  "τέιλεν χόρτον-τάκερ": 1778585373.8755152,
  "βροχή": 1778592053.373152,
  "πρώτο θέμα": 1778592063.7230012,
  "χοσέ λουίσ μεντιλίμπαρ": 1778592066.7588673,
  "marca": 1778592070.120668,
  "ντέιβιντ μπέκαμ": 1778592085.8072343,
  "αστέρασ τρίπολησ εναντίον πανσερραϊκόσ": 1778601516.1555898,
  "παναιτωλικόσ εναντίον αελ": 1778601518.9979463,
  "υπουργείο παιδείασ, θρησκευμάτων και αθλητισμού": 1778601521.7857559,
  "gt vs srh": 1778601524.5408845,
  "γιουροβιζιον 2026": 1778601527.476421,
  "διαιτητήσ": 1778601530.3622,
  "αλ νασρ εναντίον αλ χιλάλ": 1778608915.020822,
  "σουπερλιγκ": 1778608918.188872,
  "ερτ": 1778608921.218936,
  "νίκοσ ευαγγελάτοσ": 1778608924.3308384,
  "eurovision 2026 semi final 1": 1778608927.462354,
  "μπέτισ εναντίον έλτσε": 1778608929.5011218,
  "υπάλληλοσ": 1778608933.1771853,
  "spotify 20": 1778608935.2265239,
  "14 μαΐου": 1778608938.6511316,
  "γιώργοσ λιάγκασ": 1778608941.80514
}