{
  "αμαλία κωστοπούλου": 1784811683.0473745,
  "tzolis": 1784811685.3847823,
  "ιατρική": 1784811688.4259224,
  "αγροτική οικονομία": 1784811691.6419826,
  "ρόδοσ": 1784811693.9541538,
  "μέση ανατολή": 1784811696.3314722,
  "βάνα μπάρμπα": 1784811699.3906226,
  "ένωση δικαστών και εισαγγελέων": 1784811701.8198857,
  "φιφα": 1784811704.1856098,
  "τζολησ": 1784820010.0088868,
  "goretzka": 1784820012.1825411,
  "πόλεμοσ": 1784820014.612263,
  "severe thunderstorm warning": 1784820016.7937176,
  "πτήση": 1784820018.923473,
  "ψηφιακή τηλεόραση": 1784820021.4109783,
  "dynamo kyiv vs paok": 1784825461.783189,
  "κατερίνα βρανά": 1784825464.0356681,
  "ντιναμό κιέβου εναντίον παοκ": 1784825467.0369792,
  "open tv live": 1784825469.0315847,
  "παοκ σημερα": 1784825471.386382,
  "στρατιωτική σχολή": 1784825474.5243084,
  "λέσβοσ": 1784825477.506743,
  "open": 1784825479.7414696,
  "α21": 1784825482.7197466,
  "γ΄ κατηγορία ποδοσφαίρου τησ ελλάδασ": 1784825484.9998422,
  "skai": 1784830083.7295423,
  "γιουρόπα κόνφερενσ λιγκ": 1784830086.6993484,
  "πάκσι εναντίον παναθηναϊκόσ": 1784830089.0086067,
  "paks vs panathinaikos": 1784830090.8673525,
  "погода завтра": 1784830092.7494178,
  "vremea de mâine": 1784830095.5791721,
  "météo demain": 1784830097.8027093,
  "meteo di domani": 1784830100.7394598,
  "beşiktaş": 1784835687.5880399,
  "σαουδική αραβία": 1784835689.4973602,
  "οφη": 1784835692.283318,
  "χατζηδιακοσ": 1784835695.4045,
  "fcsb - auda": 1784835697.287627,
  "ajax": 1784835700.3604457,
  "wetter morgen": 1784835702.2419403,
  "ηράκλειο": 1784839430.7314408,
  "ιωάννα τούνη": 1784839433.5359392,
  "πυροσβέστησ": 1784839435.833846,
  "ανακύκλωση": 1784839438.7780094,
  "σύροσ": 1784839440.9887855,
  "paks": 1784839443.9121475,
  "αγροτοδασική πυρκαγιά": 1784843128.799113,
  "λιβακοβιτσ": 1784843130.92702,
  "athens voice": 1784843133.6306193,
  "livakovic": 1784843135.780656,
  "γιάννησ παπαμιχαήλ": 1784843137.9371195,
  "μαύρη θάλασσα": 1784846360.5154324,
  "paok24": 1784846362.7094162,
  "uefa ranking": 1784849732.7800763,
  "ματι": 1784854950.3864956,
  "wetter": 1784867152.3569849,
  "hava durumu": 1784867154.9046037,
  "времето": 1784867156.787791,
  "καιροσ σημερα": 1784867159.1167698,
  "υπουργόσ παιδείασ": 1784876657.1345527,
  "κουπόνι": 1784876659.4458919,
  "γιώργοσ μπαρτζώκασ": 1784876661.727067,
  "24 ιουλίου": 1784876664.2919385,
  "καιροσ αγρινιο": 1784876666.9251854,
  "sunfish": 1784876668.9625494,
  "24 ιουλιου γιορτη": 1784876671.934814,
  "καιροσ πατρα": 1784876674.5838902,
  "nivea": 1784876676.770603,
  "počasí": 1784876678.8337374,
  "εκαβ": 1784885292.6049247,
  "gsis": 1784885294.7437038,
  "ααδε": 1784885296.878172,
  "ε1": 1784885299.2678049,
  "kings kangwa": 1784891803.9344835,
  "cap ferret": 1784891806.0836923,
  "tesla motors": 1784891808.1835308,
  "μίνι σειρά": 1784897251.2481737,
  "playstation": 1784897253.2422032,
  "γκαρντ": 1784897255.7114785,
  "forolotaria": 1784897258.266643,
  "μαρία καρυστιανού": 1784897260.7752752,
  "ακησ παυλοπουλοσ": 1784897262.9827754,
  "ticketmaster": 1784897265.4926271,
  "τζων τικησ": 1784897268.287732,
  "kangwa": 1784897270.6153257
}