{
  "καύσωνασ": 1782734045.7368553,
  "προπληρωμένη κάρτα": 1782734048.1101992,
  "εκτακτο επιδομα παιδιου": 1782734050.4244092,
  "υπάλληλοσ": 1782734052.7414072,
  "κοινωνία ώρα mega": 1782734055.0214806,
  "ανήλικοσ": 1782734057.328324,
  "αντελίνα βαρθακούρη": 1782747338.7711277,
  "αντρέ λουίσ": 1782747340.7023182,
  "επίδομα ανεργίασ": 1782747342.9444857,
  "επιδομα 150 ευρω": 1782747345.2495425,
  "στέφανοσ τσιτσιπάσ": 1782747347.8990128,
  "τουρισμοσ για ολουσ": 1782747349.773542,
  "γιορτη σημερα 29 ιουνιου": 1782747352.2547767,
  "ertflix": 1782755929.9173746,
  "κτηνοτροφία": 1782755932.1411424,
  "μηχανογραφικο 2026": 1782755933.9931507,
  "brazil vs japan": 1782755935.9441886,
  "βραζιλία εναντίον ιαπωνία": 1782755937.830689,
  "ιωάννα τούνη": 1782755939.9322782,
  "sinner": 1782755942.323359,
  "νίκολα μίροτιτσ": 1782755944.6775777,
  "τιλάν μπλοντό": 1782763366.2736902,
  "germany vs paraguay": 1782763368.2262146,
  "γερμανια παραγουαη": 1782763370.211986,
  "novak djokovic": 1782763373.080103,
  "αγωνεσ σημερα": 1782763375.2657454,
  "cupa mondială fifa 2026": 1782763377.5298638,
  "κόντι μίλερ-μάκινταϊρ": 1782763379.717285,
  "brasilien japan": 1782763381.9778483,
  "suzuki goalkeeper": 1782763384.3777337,
  "σκαϊ": 1782763386.7565064,
  "germany fc": 1782769322.487409,
  "zdf live": 1782769324.5621283,
  "deutschland – paraguay": 1782769326.614521,
  "from season 5": 1782769328.6330464,
  "bogdan bogdanovic": 1782772868.3190558,
  "deutschland paraguay": 1782772870.305432,
  "neuer": 1782776610.512278,
  "netherlands vs morocco": 1782784252.9790263,
  "mundial": 1782784255.084953,
  "world cup 2026": 1782784257.2090378,
  "αγώνεσ μουντιάλ": 1782784259.0223463,
  "ημερησία": 1782799522.910018,
  "ανεξάρτητη αρχή δημοσίων εσόδων": 1782799524.9103954,
  "βουλευτήσ": 1782799526.7300425,
  "δανία": 1782799528.756436,
  "30 ιουνίου": 1782799530.9178128,
  "μαροκο ολλανδια": 1782799533.2362611,
  "30 ιουνιου γιορτη": 1782799535.3855925,
  "هولندا ضد المغرب": 1782799537.4929454,
  "αποτελέσματα μουντιάλ": 1782799539.3217719,
  "gakpo": 1782799541.4052699,
  "μετρητά": 1782813451.5210094,
  "2025": 1782813453.7528532,
  "sdna": 1782813456.1573348,
  "πρωτοπρεσβύτεροσ": 1782813458.393403
}