{
  "πανσεληνοσ απριλιου 2026": 1777571160.3200548,
  "σουπερ μαρκετ πρωτομαγια 2026": 1777571162.1467352,
  "ευρύχου": 1777571163.9486058,
  "εισαγγελέασ του αρείου πάγου": 1777571165.8013587,
  "άμυνα": 1777571167.632392,
  "στέφανοσ τσιτσιπάσ": 1777571169.470203,
  "κινηση στουσ δρομουσ": 1777571171.32136,
  "eurovision 2026": 1777571173.136722,
  "ουεφα τσάμπιονσ λιγκ": 1777571174.9734712,
  "απεργια αυριο": 1777571176.7945893
}