{
  "πανσέληνοσ": 1782306848.455793,
  "κωνσταντελιασ": 1782306850.5546918,
  "ημερησία": 1782306852.6534734,
  "μέρισμα": 1782306854.8712146,
  "εφκα": 1782315552.8237514,
  "fifa world cup 2026 standings": 1782315554.8809862,
  "ιωάννησ κωνσταντέλιασ": 1782315557.8083494,
  "μαρία καρυστιανού": 1782315560.1668284,
  "επιχειρηματίασ": 1782322271.6954708,
  "πυροσβεστική": 1782322274.2048006,
  "σύνταξη": 1782322276.2657099,
  "μουσταφά φαλ": 1782328537.6664882,
  "moustapha fall": 1782328539.890455,
  "σακίλ μακκίσικ": 1782328541.985964,
  "δασμόσ": 1782328544.0734334,
  "κρισ τζόουνσ": 1782328546.1883051,
  "switzerland vs canada": 1782334722.735158,
  "λοττο": 1782334724.71757,
  "μάικ τζέιμσ": 1782334727.082854,
  "ελβετια καναδασ": 1782334729.2186568,
  "grand theft auto vi": 1782334731.1444824,
  "μπάστιαν σβάινσταϊγκερ": 1782339620.6417663,
  "neymar": 1782339622.793094,
  "gta 6": 1782339624.640054,
  "morocco vs haiti": 1782339626.854332,
  "κλήδονασ": 1782339628.685379,
  "σκωτια βραζιλια": 1782339631.219789,
  "fall moustapha": 1782339633.5678768,
  "brazil fc": 1782344389.8208559,
  "βραζιλια μουντιαλ": 1782344391.6516774,
  "σεισμοσ": 1782351354.104742,
  "σεισμοσ τωρα": 1782351356.3672848,
  "brazil scotland": 1782351358.6258373,
  "protothema": 1782366559.313428,
  "radio": 1782366561.553276,
  "eradio": 1782366563.820258,
  "σίσσυ χρηστίδου": 1782366566.126854,
  "βενεζουέλα": 1782366568.4443324,
  "boeing": 1782366570.7091205,
  "κατερίνα τσάβαλου": 1782366573.0042458,
  "ρόδοσ": 1782366575.2334528,
  "νεϊμάρ": 1782366577.5663857,
  "τσεχία εναντίον μεξικό": 1782366579.8405967,
  "αποτελεσματα πανελληνιων 2026": 1782376871.3063114,
  "gsis": 1782376873.795498,
  "αθηνά μαξίμου": 1782376876.037363,
  "παιδί": 1782376878.177338,
  "ειδησεισ": 1782376880.439179,
  "outlook": 1782376882.3711085,
  "νότια αφρική εναντίον νότια κορέα": 1782376885.0070982,
  "general motors": 1782376887.2625697,
  "καλαθοσφαίριση": 1782386820.8564556,
  "μηχανογραφικο 2026": 1782386822.9886267,
  "venezuela earthquake": 1782386825.078894,
  "μιδα": 1782386827.2738614
}