{
  "spurs vs thunder": 1779509080.801071,
  "agones": 1779509083.1174488,
  "ενικοσ": 1779509085.1382177,
  "γωγώ μαστροκώστα": 1779509087.36172,
  "γιώργοσ αλκαίοσ": 1779509089.8649468,
  "σέρχιο γιουλ": 1779518515.913495,
  "23 μαΐου": 1779518518.258761,
  "ημερομηνία": 1779518520.5328894,
  "πάτρα": 1779518522.7877538,
  "windy": 1779518525.1215167,
  "31 μαΐου": 1779518527.646971,
  "καιροσ αθηνα": 1779526454.8230603,
  "νέα ιωνία": 1779526457.175048,
  "μικρολιμανο": 1779526459.572467,
  "τεχνητή νοημοσύνη": 1779526462.247404,
  "σέρτζιο σκαριόλο": 1779526464.6927874,
  "ευρωπαϊκή εισαγγελία": 1779526466.7347593,
  "κύπροσ": 1779531811.961644,
  "iron maiden athens": 1779531814.1224082,
  "τηλεόραση": 1779536426.3988352,
  "ολυμπιακό στάδιο αθηνών": 1779540248.2687106,
  "μάργκοτ ρόμπι": 1779540250.7248626,
  "κρήτη": 1779540253.4053109,
  "μόνιμεσ θέσεισ εργασίασ": 1779540255.6415153,
  "lsg vs pbks": 1779545857.6931129,
  "εθνικό θέατρο": 1779545859.7087762,
  "βασίλησ σπανούλησ": 1779545861.7510295,
  "cnn": 1779545863.9806612,
  "αλίκη βουγιουκλάκη": 1779545866.238295,
  "kylie minogue": 1779545868.4965785,
  "α21": 1779545870.3578615,
  "τεντογλου": 1779545872.4504726,
  "συροσ": 1779550460.5961456,
  "μπολόνια εναντίον ίντερ": 1779550462.8496914,
  "ντορέττα παπαδημητρίου": 1779550465.2160406,
  "ισραήλ": 1779550467.7385216,
  "hull vs middlesbrough": 1779550469.7956517,
  "μαθητήσ": 1779550472.2751682,
  "δημήτρησ γιαννακόπουλοσ": 1779550474.7993505,
  "hull city": 1779550476.8723748,
  "εμπολα": 1779550479.1417158,
  "συνοριοφύλακασ": 1779550481.767461,
  "f1 tv": 1779554127.961395,
  "μάριοσ οικονόμου": 1779554130.312847,
  "αμαλία κωστοπούλου": 1779557964.0813808,
  "χαλ": 1779557966.3933475,
  "bayern – vfb stuttgart": 1779557968.6202636,
  "μπάγερν μονάχου εναντίον στουτγκάρδη": 1779557971.0018783,
  "πειραιασ": 1779557973.357953,
  "εναλλακτική για τη γερμανία": 1779557975.8324683,
  "survivor ελλάδασ": 1779557978.1595623,
  "championship": 1779557980.8802478,
  "άντζελα δημητρίου": 1779557983.1398249,
  "bologna vs inter": 1779557985.1044884,
  "θέλτα βίγο εναντίον σεβίλλη": 1779561687.2512467,
  "αλέξανδροσ βεζένκοφ": 1779561689.4727,
  "μπέτισ εναντίον λεβάντε": 1779561691.493092,
  "αλαβέσ εναντίον ράγιο βαγιεκάνο": 1779561694.0590131,
  "real madrid vs athletic club": 1779561696.0010278,
  "valencia vs barcelona": 1779561698.1565444,
  "βαλένθια εναντίον μπαρτσελόνα": 1779561700.810122,
  "ρεάλ μαδρίτησ εναντίον αθλέτικ μπιλμπάο": 1779561703.1574523,
  "inter": 1779561705.626696,
  "τραμ": 1779561707.9542406,
  "harry kane": 1779565977.599459,
  "μαχητικό αεροσκάφοσ": 1779565979.5921586,
  "the boroughs": 1779565981.7714984,
  "εσπανιόλ βαρκελώνησ εναντίον ρεάλ σοσιεδάδ": 1779565984.2820406,
  "devil wears prada": 1779565986.6489358,
  "ματία φουρλάνι": 1779565988.934812,
  "λάτσιο εναντίον πίζα": 1779565990.9183385,
  "anne hathaway": 1779565993.2321906,
  "γιώργοσ μασούρασ": 1779565995.8032115,
  "la liga": 1779568893.8736403,
  "λακησ γαβαλασ": 1779568896.28772,
  "meryl streep": 1779568898.590488,
  "πρωτάθλημα ισπανίασ": 1779568901.0265076,
  "παγκόσμιο ρεκόρ": 1779568903.2831702,
  "laliga": 1779572359.0014713,
  "καίτη γαρμπή": 1779575735.2500339,
  "τσούτσουροσ": 1779575737.3829455,
  "rico verhoeven": 1779579468.2014797,
  "νίκοσ μωραΐτησ": 1779579470.229388,
  "valencia cf vs fc barcelona standings": 1779579472.0452492
}