{
  "παναγιώτησ αγγελόπουλοσ": 1779658850.144423,
  "αλεκ πιτερσ": 1779658852.5317268,
  "σασα βεζενκοφ": 1779658854.7188783,
  "as": 1779658856.9840577,
  "μιλαν": 1779658859.2865956,
  "in gr": 1779658861.922585,
  "marca": 1779658864.1579762,
  "mega live": 1779658866.5517828,
  "γιαννακόπουλοσ": 1779658869.0203464,
  "μοντερο": 1779662497.5019484,
  "montero": 1779662499.7534425,
  "greenland": 1779662502.2516544,
  "δώρα παντέλη": 1779662504.6343079,
  "κώστασ παπανικολάου": 1779662506.9769795,
  "serie a": 1779662509.1726723,
  "news247": 1779666268.0736086,
  "documento": 1779666270.170044,
  "f1 standings": 1779666272.4162076,
  "γωγω μαστροκωστα": 1779666275.2077725,
  "parapolitika": 1779666277.6920009,
  "φάουλ": 1779674052.7512612,
  "your face sounds familiar ελλάδασ": 1779690111.1799881,
  "τριάδι": 1779690113.4810889,
  "πανελληνιεσ 2026": 1779690115.8673823,
  "25 μαΐου": 1779690118.219802,
  "κανέλλα χρυσονίδου": 1779690120.7233458,
  "δημήτρησ γιαννακόπουλοσ": 1779690123.0299802,
  "fthis": 1779690125.4581802,
  "συνταξεισ ιουνιου 2026": 1779690127.6363,
  "gossip": 1779690129.916006,
  "spurs vs thunder": 1779690131.8723004,
  "μετρο θεσσαλονικησ": 1779706489.9816527,
  "μαΐου": 1779706492.0239854,
  "cretalive news": 1779706494.0495622,
  "η ναυτεμπορική": 1779706495.8758368,
  "spanien": 1779706497.9685755,
  "airbus": 1779706500.050514,
  "αντζασ": 1779706502.143657,
  "εισιτήριο": 1779706504.013049,
  "πετρέλαιο": 1779706506.2353451,
  "μάριο χεζόνια": 1779706510.2135007,
  "naftemporiki": 1779717405.9413593,
  "γιαννακοπουλοσ": 1779717408.1130698,
  "ελάχιστο εγγυημένο εισόδημα": 1779717410.2622287,
  "άλεκ πίτερσ": 1779717412.3528063,
  "τατιάνα μπλάτνικ": 1779717414.7338445,
  "ευγενία σαμαρά": 1779717416.882456,
  "άρειοσ πάγοσ": 1779717419.2649927,
  "έκπτωση φόρου": 1779717421.5060313,
  "όλυμποσ": 1779717423.940927,
  "έλενα παπαρίζου": 1779717426.610098,
  "σέρτζιο σκαριόλο": 1779726087.9039958,
  "αεκ αρησ μπασκετ": 1779726090.0923743,
  "γκάμπορ ματέ": 1779726092.3249412,
  "dacia": 1779726095.1456053,
  "οπεκεπε": 1779726096.9780207,
  "μακινταιρ": 1779726098.9934506,
  "codi miller mcintyre": 1779726100.9983096,
  "βασιλήσ ξυπολυτάσ": 1779726103.1646576,
  "φειδίασ παναγιώτου": 1779726105.250799,
  "καζακστάν": 1779726107.075681,
  "ανακαινιζω 2026": 1779732432.4166405,
  "κρήτη": 1779732434.4701717,
  "κίεβο": 1779732436.6862714,
  "αεκ αρησ": 1779732438.815893,
  "aek vs aris": 1779732440.8781416,
  "γιάννησ τσιμιτσέλησ": 1779732443.2959578,
  "νόμοσ κατσέλη": 1779732445.1910636,
  "mega news": 1779732447.394063,
  "davitashvili": 1779732449.495384,
  "ασεπ": 1779738970.9182255,
  "gov": 1779738973.320193,
  "σεισμοσ τωρα": 1779738975.7698874,
  "sc paderborn – wolfsburg": 1779738977.77744,
  "διυλιστήριο πετρελαίου": 1779738980.0181239,
  "πάντερμπορν εναντίον βόλφσμπουργκ": 1779738982.5324905,
  "οπεκεπε πληρωμέσ": 1779738984.5525734,
  "εμπολα": 1779738986.9326746,
  "πρόεδροσ": 1779738989.1687763,
  "μπεσίκτασ": 1779738991.5735285,
  "βασίλησ σπανούλησ": 1779742943.0939827,
  "τάισον γουόρντ": 1779742945.2562966,
  "άρησ θεσσαλονίκησ": 1779742947.6322715,
  "σαουδική αραβία": 1779742950.0372531,
  "πλοίο": 1779742952.2567663,
  "wolfsburg": 1779742954.5370917
}