{
  "φάλαινα": 1783378843.8088553,
  "δημήτρησ γιαννακόπουλοσ": 1783378846.1377017,
  "lauren bennett": 1783378848.4056954,
  "αργεντινη αιγυπτοσ": 1783378850.6871212,
  "world cup matches": 1783378853.0862575,
  "ηπα εναντίον βέλγιο": 1783383436.892717,
  "balogun": 1783383438.7141452,
  "usa vs belgium": 1783383440.532643,
  "κατώτατοσ μισθόσ": 1783398418.0909193,
  "ηπα βελγιο": 1783398420.1701443,
  "μηχανογραφικο 2026": 1783411059.3175738,
  "ρετζέπ ταγίπ ερντογάν": 1783411061.160439,
  "7 ιουλίου γιορτή": 1783411063.0003204,
  "αποτελεσματα μουντιαλ": 1783411065.1429245,
  "belgium usa": 1783411067.2297447,
  "εβε": 1783421781.034104,
  "δικαστική αστυνομία": 1783421783.2185874,
  "isaac bonga": 1783421785.5630383,
  "υπουργείο παιδείασ": 1783421787.8393168,
  "ρομπέρτο μαρτίνεθ": 1783421790.091073,
  "πανελλήνιεσ εξετάσεισ": 1783421791.9756758,
  "jannik sinner": 1783430203.9751878,
  "τραμπ": 1783430206.2585986,
  "ερντογάν": 1783430208.5820937,
  "χειρουργείο": 1783430211.0625408,
  "καλιφόρνια": 1783430213.64177,
  "γιορτη σημερα 7 ιουλιου": 1783430215.5837002,
  "αργεντινή εναντίον αίγυπτοσ": 1783439852.9980657,
  "argentina vs egypt": 1783439855.251075,
  "παοκ": 1783439857.5557811,
  "διαμαντιδησ": 1783439859.781361,
  "nigel farage": 1783439862.3230076,
  "αγόρι": 1783439864.5888972,
  "νατάσα θεοδωρίδου": 1783439866.8596277,
  "αποζημίωση": 1783447145.2662058,
  "ertflix": 1783447147.591004,
  "παοκ εναντίον αεκ λάρνακασ": 1783447149.953311,
  "θέρμη": 1783447152.2823935,
  "ινέσ ντε ραμόν": 1783447154.659387,
  "ελβετία εναντίον κολομβία": 1783454483.3114529,
  "switzerland vs colombia": 1783454485.8006084,
  "sdna": 1783454488.224458,
  "yabusele": 1783454490.7590125,
  "djokovic": 1783454493.106084,
  "egypt fc": 1783454495.742204,
  "egypte argentine": 1783454498.0089624,
  "argentinien": 1783454500.362585,
  "αγροτική πολιτική": 1783454502.9365466,
  "england vs india": 1783454505.319019,
  "pablo escobar": 1783460289.0517573,
  "χάμεσ ροντρίγκεσ": 1783460291.317616,
  "χαλκιδική": 1783460293.8347344,
  "james rodriguez": 1783460296.2890565,
  "the last mark": 1783460298.6603503,
  "πανεπιστήμιο": 1783464122.7993777,
  "ελβετια κολομβια": 1783464124.8899295,
  "bombshell": 1783464126.9756756,
  "wimbledon": 1783464129.1823297
}