{
  "μονακό": 1778086375.220816,
  "ted turner": 1778086377.0929883,
  "συνταξεισ ιουνιου 2026": 1778086379.2215137,
  "υπουργείο τουρισμού τησ ελλάδασ": 1778086381.049129,
  "παναθηναικοσ βαλενθια": 1778091160.6227553,
  "panathinaikos vs valencia basket": 1778091162.9735386,
  "panathinaikos valencia": 1778091165.2957814,
  "πληθωρισμόσ": 1778091167.7287998,
  "eurovision odds": 1778091171.1369452,
  "επεισόδιο": 1778091174.9435976,
  "olise": 1778097756.691955,
  "zalgiris": 1778097758.8854632,
  "pari": 1778097760.7528994,
  "bayern": 1778097762.5814493,
  "mega tv live": 1778097764.785792,
  "mega live": 1778097767.0227492,
  "psg": 1778097770.2396197,
  "mega": 1778097773.023567,
  "flashscore": 1778097775.6721468,
  "σκαϊ": 1778097777.5858197,
  "sdna": 1778102397.2433605,
  "safonov": 1778102399.4768772,
  "ρογκαβοπουλοσ": 1778102401.7361376,
  "σπορτφμ": 1778102403.8771713,
  "εισόδημα": 1778102406.7927513,
  "gazzetta": 1778102409.6969168,
  "kvaratskhelia": 1778102412.1611784,
  "αταμαν": 1778102414.4790714,
  "allianz arena": 1778102417.8573077,
  "bet365": 1778102420.0221655,
  "ελλάδα": 1778105443.4634743,
  "ανεξάρτητη αρχή δημοσίων εσόδων": 1778105445.7382414,
  "sport24": 1778105447.7492893,
  "turkish airlines euroleague": 1778108902.043603,
  "κόρινθοσ": 1778112102.3634226,
  "sport fm": 1778112105.371712,
  "stoixima": 1778126358.1684594,
  "παιχνιδια εκδικησησ": 1778126361.242597,
  "κρήτη": 1778126364.3204544,
  "harry kane": 1778126367.6216571,
  "ποσειδώνασ γιαννόπουλοσ": 1778136085.2378526,
  "7 μαΐου": 1778136088.4167988,
  "τσάμπιονσ λιγκ": 1778136092.9432497,
  "δεη": 1778136096.2911143,
  "ζαν μοντέρο": 1778136099.2911797,
  "καύσωνασ": 1778145440.234076,
  "πανελλήνιεσ εξετάσεισ": 1778145447.0986886,
  "γιαννησ καρυπιδησ": 1778145452.428393,
  "αέρασ": 1778145455.255471,
  "asep": 1778152917.7062955,
  "εισαγγελέασ": 1778152926.4432766,
  "james hetfield": 1778152929.771533,
  "κτηνοτροφία": 1778152933.9964356,
  "jake hall": 1778159646.956691,
  "απάτη": 1778159650.5367806,
  "χανταϊοσ": 1778159654.166059,
  "ντμίτρι μεντβέντεφ": 1778159658.1253877,
  "2κ 2026": 1778159662.3817418,
  "ασεπ": 1778159664.3791554,
  "χρέοσ": 1778168355.5436869,
  "lsg vs rcb": 1778168358.772607,
  "δημητρησ γκιωνησ": 1778168360.7488303,
  "νικητασ": 1778168363.9308777,
  "zalgirio arena": 1778168367.0086238
}