{
  "πανσεληνοσ ιουνιου 2026": 1782586509.4421973,
  "μπόγκνταν μπογκντάνοβιτσ": 1782586512.4344704,
  "αεκ": 1782586514.653994,
  "αφγανιστάν": 1782586516.793961,
  "εθνική οδόσ αθηνών λαμίασ": 1782586519.353835,
  "λοττο": 1782590707.2365007,
  "τάιλερ ντόρσεϊ": 1782590709.2422495,
  "χρέοσ": 1782590711.650479,
  "κροατία εναντίον γκάνα": 1782595005.6786504,
  "croatia vs ghana": 1782595007.9946923,
  "panama vs england": 1782595009.9804451,
  "παναμάσ εναντίον αγγλία": 1782595012.355605,
  "φόρμουλα 1": 1782595014.657225,
  "μαρία σάκκαρη": 1782595017.0455687,
  "σύζυγοσ": 1782598703.1115708,
  "κώστασ παπανικολάου": 1782598705.4068444,
  "fifa world cup standings": 1782603070.0036101,
  "colombia vs portugal": 1782603072.2091722,
  "κολομβία εναντίον πορτογαλία": 1782603074.8375084,
  "england v panama": 1782603077.287849,
  "portugal fc": 1782610621.2139444,
  "ελένη τσολάκη": 1782610623.4633758,
  "γιορτη σημερα": 1782626395.6294296,
  "ποιοσ γιορτάζει σήμερα": 1782626398.2514002,
  "χαλκιδική": 1782626400.505661,
  "wm": 1782626402.7822332,
  "φαίη σκορδά": 1782626405.0063007,
  "ζευγαρια 32 μουντιαλ": 1782626407.2855895,
  "england world cup fixtures": 1782626409.2066708,
  "λιονέλ μέσι": 1782626411.3283312,
  "bbc sport": 1782626413.2411466,
  "algeria vs austria": 1782626415.1560318,
  "bangladesh vs zimbabwe": 1782638472.808838,
  "λευκάδα": 1782638475.204948,
  "φωτιά": 1782638477.3977468,
  "μόουζεσ ράιτ": 1782638479.611791,
  "ανοιχτα μαγαζια κυριακη": 1782638481.540528,
  "28 ιουνιου γιορτη": 1782638483.4571471,
  "lucas trejo": 1782645527.5980442,
  "λιβύη": 1782645529.6031203,
  "φορολογία": 1782645531.8520877,
  "οικονομακου λασκαρακη": 1782650830.0095453,
  "turnierbaum der fifa fußball-wm 2026": 1782656858.271161,
  "συντριβή αεροσκάφουσ": 1782656860.5615191,
  "formula 1": 1782656862.781223,
  "fifa world cup 2026 bracket": 1782656864.6146934,
  "λιβαδειά": 1782656866.686228,
  "ant1": 1782656869.1357136,
  "ναυάγιο": 1782656871.2003672,
  "ireland vs india": 1782656873.3425803,
  "motogp": 1782656875.5555797,
  "το πρωινό": 1782656877.6083767,
  "θεοδώρα τζάκρη": 1782661779.6453817,
  "f1 austria": 1782661781.9319835,
  "βενεζουέλα": 1782665441.8561754
}