{
  "μεξικο νοτια κορεα": 1781833829.0237083,
  "disney plus": 1781833831.0129983,
  "mexico national football team vs south korea national football team standings": 1781852434.729047,
  "andy burnham": 1781852437.3437817,
  "ismael kone": 1781852439.496345,
  "19 ιουνίου": 1781852442.0863132,
  "netflix": 1781852444.1690493,
  "ryanair": 1781852446.2415097,
  "καρκίνοσ": 1781852448.4330657,
  "εβάν φουρνιέ": 1781852450.6074016,
  "ανδρική ομάδα καλαθοσφαίρισησ παναθηναϊκού": 1781852452.4795272,
  "παμε στοιχημα": 1781852454.6958542,
  "pablo maffeo": 1781869210.736439,
  "βόλοσ": 1781869213.2456975,
  "οασα": 1781869215.1218936,
  "parastoo ahmadi": 1781869217.2834878,
  "ποδόσφαιρο": 1781869219.6110241,
  "kyle alexander": 1781869221.758329,
  "υπουργείο παιδείασ, θρησκευμάτων και αθλητισμού": 1781869223.8397787,
  "grand theft auto vi": 1781869225.6850648,
  "φανή χαλκιά": 1781869228.0561073,
  "σχολιαστήσ": 1781879266.8225346,
  "αλίκη βουγιουκλάκη": 1781879269.2844007,
  "paok24": 1781879271.6169522,
  "ακραίο καιρικό φαινόμενο": 1781879273.6248822,
  "υποψήφιοσ": 1781879275.961237,
  "κερτ ράσελ": 1781879278.2657382,
  "πλοίο": 1781879280.7690089,
  "κατηγορούμενοσ": 1781879283.2203033,
  "spotify": 1781879285.2301338,
  "ivan martin": 1781879287.5161831,
  "νίκολα μιλουτίνοφ": 1781888270.0035653,
  "αντώνησ καραγιαννίδησ": 1781888272.480693,
  "δημήτρησ πιατάσ": 1781888274.6664503,
  "anne hathaway": 1781888276.88301,
  "www.24sports.com.cy": 1781888279.275584,
  "τζόρτζια μελόνι": 1781888281.474984,
  "βαθμοι πανελληνιων 2026": 1781888283.5169444,
  "αλέσιο λίσι": 1781888286.1556904,
  "usa vs australia": 1781895309.8100007,
  "εκτακτο επιδομα παιδιου 150 ευρω": 1781895311.6299415,
  "γιάννησ παπαμιχαήλ": 1781895314.1042905,
  "better call saul": 1781895315.9437532,
  "υπουργείο παιδείασ θρησκευμάτων και αθλητισμού": 1781895317.7555354,
  "ζησησ στυλιανοσ": 1781895319.9579399,
  "παγκόσμια ημέρα μουσικήσ": 1781895322.2952452,
  "usa fc": 1781900689.2592285,
  "ντοχα": 1781900691.5628333,
  "11χρονοσ μαριοσ": 1781900693.674456,
  "ηπα αυστραλια": 1781900696.258036,
  "αν χάθαγουεϊ": 1781900698.3951783,
  "λίβανοσ": 1781900700.5284572,
  "ισραήλ": 1781905337.3790936,
  "σταυρουλα λεβεντακη": 1781905339.564576,
  "σκωτία εναντίον μαρόκο": 1781905341.8944113,
  "ζοζεφιν": 1781905344.1193433,
  "σκωτια μαροκο": 1781905346.1284685,
  "ελάχιστη βάση εισαγωγήσ": 1781905348.5174677,
  "balogun": 1781905350.5516257,
  "pochettino": 1781905352.9160578,
  "νινο": 1781905355.164006,
  "ποσειδώνασ γιαννόπουλοσ": 1781905358.182508,
  "scotland vs morocco": 1781908749.6427329,
  "σιατλ": 1781908751.9764245,
  "jessica alba": 1781912752.3088498,
  "ηπα": 1781912755.0897338
}