{
  "μπαλατσινου": 1780261022.6388464,
  "πανσεληνοσ μαιου 2026": 1780261024.8845105,
  "blue moon": 1780264709.959726,
  "french open 2026": 1780264712.382664,
  "οι αθωοι": 1780291083.4530623,
  "gossip": 1780291085.9637187,
  "εθνικη": 1780310006.1535795,
  "ieidiseis": 1780310008.8876603,
  "enikos": 1780310011.6304812,
  "deutschland finnland": 1780310014.4625728,
  "cretalive": 1780310016.9184797,
  "ποσειδωνια 2026": 1780310019.328813,
  "εθνικη τραπεζα": 1780331129.9541566,
  "μαριοσ οικονομου": 1780331132.2641993,
  "newsbomb": 1780331134.8905756,
  "callum turner": 1780331137.3688993,
  "αννουλα βασιλειου": 1780346536.7792425,
  "αλφα": 1780346538.5997689
}