{
  "καταιγίδα": 1784719726.1520433,
  "διαρροή αερίου": 1784719728.4449399,
  "23 ιουλίου": 1784719730.7110617,
  "κυριάκοσ μητσοτάκησ": 1784719733.1065621,
  "remo freuler": 1784719735.2986953,
  "φόρεστ εναντίον μπλάκμπερν": 1784719737.273746,
  "υποχρεωτικη παυση εργασιων λογω καυσωνα": 1784719739.501647,
  "αμμουδάρα": 1784725174.155645,
  "πνιγμόσ": 1784725176.2840393,
  "iphone": 1784725178.1516788,
  "ρία ελληνίδου": 1784725180.306778,
  "μοντέλο τεχνητήσ νοημοσύνησ": 1784725182.5907195,
  "samuel onuha": 1784725184.6807275,
  "joselu": 1784725186.5534573,
  "νοσοκομείο": 1784732856.0937734,
  "διακοπή ρεύματοσ": 1784732862.1503913,
  "νέα κρήτη": 1784732864.6468678,
  "instagram": 1784732866.6406367,
  "βάντα πιέρρη": 1784732868.9238896,
  "ελ αραμπι": 1784732871.1913598,
  "kefalonia": 1784732873.5399013,
  "σία κοσιώνη": 1784732875.778784,
  "σαλμασ": 1784732877.962748,
  "ε65": 1784732880.1647732,
  "τότεναμ εναντίον μκ ντονσ": 1784738475.1019626,
  "καλαθοσφαίριση": 1784738477.228071,
  "γιάννησ αντετοκούνμπο": 1784738479.6289878,
  "σαουδική αραβία": 1784738481.5437233,
  "κυβερνοεπίθεση": 1784738483.6669292,
  "τουρκική εισβολή στην κύπρο": 1784738485.770829,
  "τιμή": 1784738487.8569772,
  "μάρκο νίκολιτσ": 1784742924.626104,
  "meteo di domani": 1784742926.756539,
  "in.gr": 1784742928.858529,
  "ομόνοια λευκωσίασ εναντίον καϊράτ": 1784742930.7793744,
  "24 ιουλίου": 1784742933.1264858,
  "βόλοσ": 1784747044.3928392,
  "времето утре": 1784747046.4099858,
  "الطقس غدًا": 1784747048.7540948,
  "ο καιρόσ αύριο": 1784747051.1870184,
  "pogoda jutro": 1784747053.4762375,
  "weather tomorrow": 1784747055.9046915,
  "wetter morgen": 1784747058.3489916,
  "αυτοκινητόδρομοσ": 1784751501.4849253,
  "νίκαια": 1784751503.9633477,
  "νεεσ ταυτοτητεσ παραταση": 1784751506.0099642,
  "σέιν λάρκιν": 1784751508.4971879,
  "holnapi időjárás": 1784751510.9420252,
  "διάρρηξη": 1784755909.028849,
  "μητέρα": 1784755911.3005197,
  "στίβενεϊτζ εναντίον γουέστ χαμ": 1784755913.6989605,
  "έθνοσ": 1784759867.1910663,
  "κέντρικ ναν": 1784759869.3544645,
  "varta": 1784759871.4862726,
  "σύγκρουση": 1784759873.6396258,
  "φωτια τωρα θεσσαλονικη": 1784768858.663817,
  "barack obama": 1784768860.744269,
  "στέιτ ντιπάρτμεντ": 1784768862.8593154,
  "погода": 1784780906.3232622,
  "pogoda": 1784780908.5580246,
  "καιρόσ": 1784780910.780882,
  "weather": 1784780913.1342523,
  "moti": 1784780916.0713131,
  "ζωδια σημερα": 1784780918.2889862,
  "μισθόσ": 1784780920.585248,
  "ρωσία": 1784780922.9545093,
  "λοττο": 1784780925.1669908,
  "έγκλημα": 1784790379.3155193,
  "πάροσ": 1784790382.185251,
  "σπιτάκια ανακύκλωσησ": 1784790384.0120566,
  "φόνοσ": 1784790386.1602142,
  "weer": 1784790388.235894,
  "κοζανη": 1784799099.1446738,
  "υπουργείο παιδείασ": 1784799101.1669893,
  "βασεισ 2026": 1784799104.2739694,
  "δερβενι φωτια": 1784799107.3471344,
  "météo": 1784799109.5379643,
  "χανιά": 1784806109.367543,
  "zimbabwe vs india": 1784806111.8172157,
  "γιωργοσ σταυριανοσ": 1784806114.7227108,
  "σαλιακασ": 1784806116.8070216,
  "23 ιουλιου γιορτη": 1784806118.640917
}