{
  "contagion": 1778629432.7352166,
  "esc vote": 1778635828.8987966,
  "13 μαΐου": 1778650323.9018557,
  "ειδήσεισ": 1778650327.2405858,
  "αλ νασρ ριάντ": 1778650329.2007759,
  "pete parkkonen": 1778650332.3958735,
  "boy george eurovision": 1778650335.3153923,
  "φορολογία": 1778660381.3497927,
  "κοινωνικοσ τουρισμοσ 2026 αποτελεσματα": 1778660384.534344,
  "μολδαβία": 1778660387.72638,
  "jason collins": 1778660390.7078528,
  "πρωτοσέλιδα εφημερίδων": 1778660393.9282937,
  "φαίη σκορδά": 1778669200.7812061,
  "αποτελεσματα προτυπων 2026": 1778669203.9899435,
  "μάριοσ ηλιόπουλοσ": 1778669207.0171278,
  "αεκ αρένα": 1778669210.103118,
  "πολυτιμότεροσ παίκτησ": 1778669213.3412006,
  "δεσποινίσ διευθυντήσ": 1778669216.643611,
  "τράπεζα": 1778675657.1108274,
  "πακιστάν": 1778675658.959997,
  "omonia": 1778675662.139738,
  "παοκ αεκ": 1778675665.3453627,
  "αστυπαλαια": 1778675668.4888515,
  "αναστασία παντούση": 1778675671.931113,
  "εθνική τράπεζα": 1778686395.9894385,
  "rcb vs kkr": 1778686397.9810877,
  "volos vs aris": 1778686399.93191,
  "τολησ παπαδημητριου": 1778686401.8709657,
  "νέα σελήνη": 1778686405.1589549,
  "αθηνά οικονομάκου": 1778686408.526721,
  "τζορτζ κλούνεϊ": 1778686411.921062,
  "βόλοσ εναντίον άρησ": 1778686416.1883562,
  "μελισσοκομία": 1778686419.4259312,
  "λεβαδειακόσ εναντίον οφη": 1778686422.846666,
  "ολυμπιακόσ σφπ": 1778693817.128653,
  "osfp": 1778693820.4668686,
  "παο": 1778693823.679219,
  "πρωτάθλημα ελλάδασ": 1778693827.050934,
  "superleague": 1778693830.7928188,
  "ολυμπιακοσ σημερα": 1778693834.094196,
  "βιγιαρεάλ εναντίον σεβίλλη": 1778693837.3391027,
  "ερα σπορ": 1778693840.766596,
  "ολυμπιακόσ παναθηναϊκόσ σήμερα live": 1778693844.6651223,
  "εσπανιόλ βαρκελώνησ εναντίον αθλέτικ μπιλμπάο": 1778693846.6838112,
  "valencia panathinaikos": 1778700175.726926,
  "alavés vs barcelona": 1778700179.0321684,
  "valencia basket vs panathinaikos": 1778700182.1670341,
  "βαθμολογία superleague": 1778700185.036167,
  "δημήτρησ αλεξάνδρου": 1778700188.2572572,
  "αλαβέσ εναντίον μπαρτσελόνα": 1778700190.0791762,
  "βαλενθια παναθηναικοσ": 1778700193.3093164,
  "pao fc": 1778700196.5845125,
  "λάτσιο εναντίον ίντερ": 1778700199.7862647,
  "σουπερλιγκ": 1778700203.2076004,
  "ανδρέασ μικρούτσικοσ": 1778706349.2799604,
  "celtic": 1778706351.3364165,
  "γιαννακοπουλοσ": 1778706354.587617,
  "montero": 1778706356.6284103,
  "ρεμοσ": 1778706359.8137348,
  "valencia bc": 1778706362.955854,
  "χαρτσ": 1778706366.3054554,
  "hearts fc": 1778706369.5572379,
  "playstation": 1778706373.1441472,
  "χετάφε εναντίον μαγιόρκα": 1778706377.1480668,
  "αθλητικα": 1778710949.9236217,
  "οακα": 1778710952.9799461,
  "ataman": 1778710955.961708,
  "sport24": 1778710959.0827198,
  "gazzetta": 1778710961.9357095,
  "σδνα": 1778710963.759933,
  "κυθηρα pass": 1778710966.5994108,
  "σπορτφμ": 1778710969.3257616,
  "μοντερο": 1778710972.6519156,
  "jean montero": 1778710975.7253864,
  "γερμανία": 1778715381.9419544,
  "sportal": 1778715385.2383735,
  "sdna": 1778715388.2749197,
  "chios pass": 1778715390.289557
}