{
  "oyarzabal": 1782060518.9877205,
  "κιρ στάρμερ": 1782060521.153814,
  "spain fc": 1782060523.24318,
  "λούκα βούσκοβιτσ": 1782060525.4586542,
  "δικαστήριο τησ ευρωπαϊκήσ ένωσησ": 1782060527.7367544,
  "ισπανια σαουδικη αραβια": 1782060529.8503988,
  "netflix": 1782060532.135076,
  "μάριοσ ηλιόπουλοσ": 1782060534.2390318,
  "spain vs saudi arabia": 1782060536.399331,
  "ραζβάν λουτσέσκου": 1782060538.4840434,
  "τζέι ντι βανσ": 1782065471.57121,
  "λάκησ λαζόπουλοσ": 1782065473.5482209,
  "βάσια παναγοπούλου": 1782065475.9782333,
  "ζέλικο ομπράντοβιτσ": 1782065478.2560096,
  "λουκακου": 1782072271.0469854,
  "αγιόκαμποσ": 1782072273.2606628,
  "taremi": 1782072275.7400928,
  "the weeknd": 1782072277.914877,
  "περιφερειακόσ θεσσαλονίκησ": 1782072280.0489798,
  "harry styles": 1782072282.6823156,
  "μαριαντα πιεριδη": 1782072284.7745593,
  "belgium vs iran": 1782072286.6068645,
  "δωροθέα μερκούρη": 1782072288.672884,
  "jean michel jarre": 1782072290.9432893,
  "22 ιουνίου": 1782077917.0260952,
  "μισθόσ": 1782077919.108759,
  "house of the dragon season 3": 1782077921.2833831,
  "iran": 1782077923.1261368,
  "παγκόσμιο κύπελλο ποδοσφαίρου": 1782077925.4057062,
  "πρασινο ακρωτηρι": 1782082018.6290736,
  "uruguay vs cabo verde": 1782082020.488515,
  "σωκράτησ αλαφούζοσ": 1782082022.6926944,
  "de bruyne": 1782082024.8954566,
  "ισραήλ": 1782086326.1617165,
  "asep": 1782086328.9758024,
  "goal.com.cy": 1782086331.181008,
  "μέση ανατολή": 1782103658.6411223,
  "απάτη": 1782103660.962639,
  "new zealand vs egypt": 1782103663.25899,
  "καύσωνασ": 1782103665.5093033,
  "hbo": 1782103667.7163804,
  "bet 365": 1782103669.6337636,
  "vozinha": 1782103671.8172011,
  "δημοσιογράφοσ": 1782124182.5053532,
  "2025": 1782124184.7462213,
  "άννα - μισέλ ασημακοπούλου": 1782124186.942716,
  "αναστασία ντραγκομίροβα": 1782124189.1600323,
  "in.gr": 1782124191.7778413,
  "bbc news": 1782124194.1686583,
  "keir starmer": 1782124196.6233146,
  "παύλοσ κουρτίδησ": 1782124198.7665277,
  "συρία": 1782124200.962445,
  "εξωγήινη ζωή": 1782124203.1464446,
  "φωτια περαια": 1782142554.7794907,
  "ευρωπαϊκό ένταλμα σύλληψησ": 1782142557.1949532,
  "άρια καλύβα": 1782142559.4599257,
  "ποτε πληρωνονται οι συνταξεισ ιουλιου 2026": 1782142561.7118528,
  "σούπερ μάρκετ": 1782142563.714955,
  "πλοίο": 1782142566.4318464,
  "φορολογία": 1782142568.729967,
  "υπουργείο": 1782142570.7490706,
  "αντώνησ σρόιτερ": 1782142573.1463943,
  "φωτια σπατα": 1782142575.6155264
}