{
  "ισπανια αργεντινη": 1784154872.4347904,
  "gazzetta": 1784154874.7865715,
  "κρίστοφερ νόλαν": 1784154876.8480096,
  "world cup 2022": 1784154879.1415534,
  "yamal": 1784154881.204375,
  "στατιστικά μουντιάλ": 1784154883.6460128,
  "χάρι κέιν": 1784154885.8880677,
  "παράσιτο": 1784158512.1828382,
  "τουχελ": 1784158514.6216488,
  "16 ιουλίου": 1784175571.3776882,
  "ατύχημα": 1784175573.6169612,
  "στοίχημα κουπόνι": 1784175576.0669343,
  "κωσ": 1784175578.222091,
  "μουντιαλ τελικοσ": 1784175580.0858123,
  "fifa": 1784175582.2081916,
  "χρηματιστήριο": 1784183755.7436068,
  "2030": 1784183757.9214907,
  "πυρηνικόσ σταθμόσ": 1784183760.290466,
  "kiss fm": 1784183762.5871153,
  "ιράκ": 1784183764.8944964,
  "σύνταξη": 1784183767.0897758,
  "βικτώρια δέλλα": 1784183769.4205432,
  "νεα κρητη": 1784183771.5242035,
  "θερμοκρασία": 1784192290.4335096,
  "οικονομία": 1784192292.9977982,
  "αθλητικεσ εφημεριδεσ": 1784192295.0580668,
  "οδυσσεια ταινια": 1784199672.4023278,
  "πόλεμοσ": 1784199674.7714918,
  "μέση ανατολή": 1784199677.1140854,
  "κατερίνα παπακώστα": 1784199679.198575,
  "μαρία ζαχάροβα": 1784199681.2638774,
  "england vs india": 1784205921.898317,
  "τζουντ μπέλινγκχαμ": 1784205924.481635,
  "asep": 1784205926.8896725,
  "αρκάσ": 1784205929.1444283,
  "ελλάδα": 1784205931.8548295,
  "tzolis": 1784213235.3631556,
  "τηλεόραση": 1784213237.60187,
  "αστυνομία κύπρου": 1784213239.909624,
  "διακοπέσ": 1784213242.0855029,
  "σία κοσιώνη": 1784213244.2635074,
  "πέναλτι": 1784213246.3931265,
  "eng vs ind": 1784213248.3120573,
  "παραταση εξοικονομω 2025": 1784217841.6200628,
  "τζολησ": 1784217843.734553,
  "σαρλίζ θερόν": 1784217846.438141,
  "καιροσ πατρα": 1784217848.5534658,
  "τολιοπουλοσ αρησ": 1784217850.6808445,
  "ομόνοια λευκωσίασ εναντίον παναιτωλικόσ": 1784223331.7985158,
  "χρήστοσ τζόλησ": 1784223334.3133552,
  "εξοικονομω 2025": 1784223336.6132414,
  "περιπολικό": 1784223339.0440168,
  "φακούντο καμπάτσο": 1784223341.6913967,
  "survivor ελλάδασ": 1784227407.6298676,
  "ρεάλ μαδρίτησ": 1784227409.8467934,
  "τέμπη": 1784227411.9611092,
  "φυλακή": 1784227414.2682855,
  "ντέιβιντ μπέκαμ": 1784231233.1461263,
  "super league": 1784231235.2846367,
  "εμπρησμόσ": 1784231237.4618764,
  "ασπρόπυργοσ": 1784234193.3322477,
  "kris jenner": 1784234195.6213276,
  "ζοέλ ρόκα": 1784234197.8013113,
  "καταιγίδα": 1784234199.988592,
  "νεοχωρουδα φωτια": 1784238081.0106502
}