{
  "κατερίνα λιόλιου": 1780003942.3623478,
  "μαρκ ζάκερμπεργκ": 1780003944.6605642,
  "μια νυχτα μονο επομενα επεισοδια": 1780003946.4959145,
  "queen": 1780013675.304798,
  "οπεκεπε": 1780029898.537359,
  "πανελληνιεσ": 1780029900.5002532,
  "καιροσ σημερα": 1780029902.984556,
  "spurs vs thunder": 1780029905.2919972,
  "masterchef": 1780029907.6235454,
  "nba playoffs": 1780029910.237203,
  "βημα": 1780043587.273873,
  "υπουργειο παιδειασ": 1780043589.2332394,
  "ποπ οτα": 1780043591.6101918,
  "θεματα πανελληνιων 2026": 1780043594.174122,
  "a21": 1780043596.6946273,
  "ντράγκαν σάκοτα": 1780043599.1325657,
  "επιδομα θερμανσησ 2026": 1780055594.935035,
  "γιάννησ παπαμιχαήλ": 1780055597.1354568,
  "ισπανία": 1780055599.3032954,
  "29 μαΐου": 1780055601.7608874,
  "μετρο θεσσαλονικησ": 1780055604.0246968,
  "novak djokovic": 1780066148.9820638,
  "σύροσ": 1780066151.0995235,
  "rr vs gt": 1780066153.324754,
  "χιόνι": 1780066155.639721,
  "βανέσα αδαμοπούλου": 1780066157.7660234,
  "αεροσκάφοσ": 1780066159.8706305,
  "ακίνητη περιουσία": 1780066162.1119545,
  "ρίτσαρντ γκιρ": 1780066164.2997074,
  "masterchef αποχωρηση": 1780066166.1037633,
  "ilektra": 1780066168.391363,
  "release athens": 1780077461.3521106,
  "πανσεληνοσ μαιου 2026": 1780077463.1689754,
  "champions league final": 1780077465.3818629,
  "bts": 1780077467.5125165,
  "αεκ λάρνακασ": 1780077469.8717263,
  "δήμητρα λιάνη-παπανδρέου": 1780077472.083731,
  "δικαστικόσ": 1780077473.910103,
  "αεκ ολυμπιακοσ χαντμπολ": 1780077475.9832468,
  "jacob elordi": 1780077478.1883764,
  "δημοσκοπηση": 1780077480.0214918,
  "τεχνητή νοημοσύνη": 1780086344.7774801,
  "anthony gordon": 1780086347.0428855,
  "διακοπή ρεύματοσ": 1780086349.418727,
  "βλαντίμιρ πούτιν": 1780086351.985727,
  "roland garros 2026": 1780086354.2043684,
  "επίδομα θέρμανσησ - 2026": 1780086356.9141543,
  "stranger things": 1780086359.3671076,
  "joao fonseca": 1780086362.100191,
  "βαλένθια μπάσκετ": 1780086364.4227092,
  "μέταλλο": 1780086366.712593
}