{
  "mega news": 1777652811.116353,
  "mega news live": 1777652812.9739187,
  "devil wears prada 2": 1777652815.2636254,
  "f1": 1777652817.817672,
  "πρωτοδικείο αθηνών": 1777652820.8462665,
  "πολυτελέσ suv": 1777652822.7198386,
  "hogwarts legacy": 1777652825.2356117,
  "καρκίνοσ": 1777652827.1003907,
  "rr vs dc": 1777652829.4640746,
  "ελληνική ραδιοφωνία τηλεόραση": 1777652831.3533955
}