{
  "πορτο λεονε": 1779837578.223951,
  "καταμαραν": 1779837580.5321288,
  "agriniopress": 1779837582.8402617,
  "ειδήσεισ protothema": 1779861342.8934007,
  "27 μαΐου": 1779861345.168455,
  "ζουγκλα": 1779861347.5673366,
  "thunder vs spurs": 1779861349.5811305,
  "πρωτο θεμα": 1779861351.5965784,
  "protothema.gr": 1779861353.9072282,
  "πυρομαχικό": 1779861356.2213697,
  "κώστασ παπαδόπουλοσ": 1779874644.0255954,
  "27 μαιου γιορτη": 1779874646.039621,
  "nba": 1779874648.671092,
  "δόμνα μιχαηλίδου": 1779885794.4389696,
  "unai lopez": 1779885796.7710383,
  "αγώνασ": 1779885799.0637186,
  "φωτια τωρα": 1779885801.6739693,
  "πρωτοθεμα": 1779885804.3727903,
  "μόνιμεσ θέσεισ εργασίασ": 1779899316.2455566,
  "σερβία": 1779899319.1491919,
  "πετρέλαιο": 1779899321.3787637,
  "nvidia": 1779899323.6514828,
  "γραμμή 3": 1779899325.9474063,
  "μάσιμο καντσελιέρι": 1779899328.2421572,
  "αργία": 1779899330.7023385,
  "αποζημίωση": 1779899333.818297,
  "μισθοδοσία!": 1779899336.1388416,
  "rr vs srh": 1779899338.3446727,
  "στέφανοσ κασσελάκησ": 1779907119.5150766,
  "crystal palace": 1779907121.3841412,
  "τελικοσ conference league 2026": 1779907123.6348026,
  "ακίνητη περιουσία": 1779907125.9056091,
  "γιώργοσ κωνσταντίνου": 1779907128.1579661,
  "δημήτρησ γιαννακόπουλοσ": 1779907130.3050642,
  "μισθοδοσία": 1779907132.1806438,
  "νεμπρασκα": 1779907134.2587397,
  "αντζελίνα τζολί": 1779907136.4864032,
  "aegean": 1779915185.3817978,
  "κωνσταντίνοσ αργυρόσ": 1779915188.6527941,
  "alfa romeo": 1779915190.9674642,
  "αργυρώ μπαρμπαρίγου": 1779915193.2603173,
  "real madrid vs baskonia": 1779915195.2733483,
  "ουεφα τσάμπιονσ λιγκ": 1779915197.5184965,
  "λαϊκή αγορά": 1779915199.710214,
  "τελικοσ champions league 2026": 1779915202.0611017,
  "ant1": 1779915204.933371,
  "αντ1": 1779915207.1475604,
  "πατησίων": 1779920872.1450298,
  "άλεκ πίτερσ": 1779920874.947249,
  "πανελληνιεσ 2026": 1779920877.4874575,
  "aegean airlines": 1779920880.1847944
}