{
  "νατο": 1783914794.1528704,
  "dikaiologitika news": 1783914796.9111419,
  "στοιχημα κουπονι": 1783914799.6226091,
  "αστυνομία": 1783914801.6028657,
  "ασεπ": 1783925256.3366938,
  "gsis": 1783925258.6069343,
  "sportfm": 1783925260.6588702,
  "πρωτο θεμα": 1783925262.9269829,
  "news": 1783925265.1673484,
  "capital": 1783925267.5690274,
  "καθημερινη": 1783925270.1154857,
  "δευτερο προγραμμα": 1783925272.4787562,
  "cretalive": 1783925274.6647098,
  "naftemporiki": 1783925276.8938918,
  "βασεισ 2026": 1783936863.8234732,
  "εύα χερτζίκοβα": 1783936866.2209103,
  "chat gpt": 1783936868.2852256,
  "whatsapp": 1783936870.1345592,
  "alpha bank": 1783936872.309066,
  "sam neill": 1783936874.4731655,
  "romeo": 1783936876.6389217,
  "εθνικη": 1783936879.0106788,
  "σαμ νιλ": 1783936881.1390314,
  "κωνσταντίνοσ καρέτσασ": 1783946389.9091997,
  "ούρσουλα φον ντερ λάιεν": 1783946392.1146493,
  "tielemans": 1783946394.3169427,
  "γιώργοσ μαζωνάκησ": 1783946396.5414913,
  "υποψήφιοσ": 1783946398.461697,
  "σπορτφμ": 1783946400.6830616,
  "κουπόνι": 1783956831.2925951,
  "σαλμονέλα": 1783956833.513119,
  "σεισμοσ τωρα": 1783956835.7479682,
  "κουφονήσια": 1783956837.9731252,
  "αλεξανδρούπολη": 1783956840.1688447,
  "τάιλερ ντόρσεϊ": 1783956842.3829558,
  "καστοριά": 1783956844.7569578,
  "τα νέα": 1783964019.9834661,
  "φαίη σκορδά": 1783964022.3890562,
  "μοσάντ": 1783964024.7038088,
  "απεργία": 1783964027.2928805,
  "πιλότοσ": 1783969274.8630707,
  "δελτίο ταυτότητασ": 1783969276.8791847,
  "βροχή": 1783969279.4000816,
  "αντώνησ ρέμοσ": 1783969281.972461,
  "france spain": 1783974132.7692368,
  "φρουροί τησ ισλαμικήσ επανάστασησ": 1783978012.1990407,
  "heridas": 1783978014.6613786,
  "γκαρντ": 1783978016.7255967,
  "κάγια κάλλασ": 1783978018.9023857,
  "παλιεσ ταυτοτητεσ": 1783985105.2475405
}