{
  "μαριλια μητρουση": 1780868244.828338,
  "οθωμανική αυτοκρατορία": 1780868247.9683368,
  "το τελευταιο νησι": 1780868250.0480723,
  "ιράν": 1780868252.9145277,
  "μάθημα": 1780868256.0603716,
  "biased beast": 1780868259.4687698,
  "θεματα ιστοριασ 2026": 1780901899.091468,
  "καρκίνοσ παχέοσ εντέρου": 1780901902.0362675,
  "your face sounds familiar ελλάδασ": 1780901904.841678,
  "φιλιππίνεσ": 1780901907.5706577,
  "όλγα κεφαλογιάννη-βαρδινογιάννη": 1780901910.4587054,
  "8 ιουνίου": 1780901912.4664514,
  "κωνσταντίνοσ μαγκλάρασ": 1780901915.492742,
  "γιώργοσ κώτσηρασ": 1780919956.9988453,
  "ελ νίνιο": 1780919959.6837938,
  "ευθύμιοσ μπακογιάννησ": 1780919962.2716594,
  "αδελφή": 1780919964.9352875,
  "υπουργείο παιδείασ": 1780919967.6617968,
  "περιπολικό": 1780919970.4037602,
  "φυσικη πανελληνιεσ 2026": 1780919973.5182848,
  "πολιτική": 1780934522.833723,
  "μουκιδησ": 1780934525.5172074,
  "κωνσταντίνα σπυροπούλου": 1780934528.203503,
  "πρωθυπουργόσ": 1780934530.7133005,
  "μισθόσ": 1780934533.2329311,
  "νατο": 1780934535.9622278,
  "φωτια λουτρακι": 1780934538.6799724,
  "κυριάκοσ μητσοτάκησ": 1780934541.5861735,
  "φωτια τωρα": 1780934544.268461,
  "αέρια μάζα": 1780934547.1398077,
  "cosmote tv": 1780943547.7976296,
  "ertflix": 1780943549.6879685,
  "ert": 1780943552.4533405,
  "ert2": 1780943555.0242984,
  "olympiacos vs panathinaikos": 1780943557.739999,
  "καύσωνασ": 1780943560.4814708,
  "πετοσφαίριση": 1780943563.4288309,
  "νίκοσ ρογκαβόπουλοσ": 1780952571.9659812,
  "μαθητήσ": 1780952575.139356,
  "νικολέττα ράλλη": 1780952578.152608,
  "χοσέ λουίσ μεντιλίμπαρ": 1780952581.3493094,
  "μιλουτινοφ": 1780952584.0817842,
  "france vs northern ireland": 1780952586.7797644,
  "olympiacos bc": 1780952589.5141256,
  "γαλλία εναντίον βόρεια ιρλανδία": 1780952591.5186794,
  "ορμπελίν πινέδα": 1780952594.3666887,
  "flashscore": 1780952597.1991105
}