{
  "κύπροσ": 1784124284.0114422,
  "ανακαίνιση": 1784124286.422296,
  "πλοίο": 1784124288.852863,
  "τροχαίο ατύχημα": 1784124290.7199516,
  "zimbabwe vs bangladesh": 1784124293.1945925,
  "διεθνήσ έκθεση θεσσαλονίκησ": 1784124295.1257167,
  "τουρκία": 1784130208.39145,
  "άγιαξ εναντίον μπόχουμ": 1784130210.4285755,
  "οδυσσεια νολαν": 1784130212.7074955,
  "συνταξιοδότηση": 1784130215.2641137,
  "οργανισμόσ προνοιακών επιδομάτων και κοινωνικήσ αλληλεγγύησ": 1784130217.8823633,
  "φωτια σουρωτη": 1784130220.1717257,
  "κόρη": 1784130222.8128774,
  "campazzo": 1784130225.4224713,
  "τόμασ γουόκαπ": 1784134580.845838,
  "θάνατοσ": 1784134583.2638514,
  "παο": 1784134586.0459385,
  "odyssey": 1784134588.9357216,
  "πανδημία": 1784134591.3857894,
  "σκαι": 1784134594.0029016,
  "νεοχωρουδα": 1784134595.8596394,
  "ραπίντ βιέννησ εναντίον παναθηναϊκόσ": 1784134597.9592302,
  "vitesse vs aek": 1784138578.4400427,
  "πετρέλαιο": 1784138580.5541697,
  "εκτιμησεισ βασεων 2026": 1784138583.113871,
  "φίτεσε εναντίον αεκ": 1784138585.5802777,
  "skai tv": 1784138588.0867932,
  "mick jagger": 1784143956.1476965,
  "england argentinien": 1784143958.5091069,
  "argentine angleterre": 1784143960.5226126,
  "cosmote tv": 1784143962.6398914,
  "bbc iplayer": 1784143964.8176076,
  "ert1": 1784143967.0013642,
  "messi": 1784143969.2943428,
  "σίσσυ χρηστίδου": 1784143971.816376,
  "england – argentinien": 1784143973.9399807,
  "lisandro martínez": 1784147834.635644,
  "victoria beckham": 1784147836.4625044,
  "diego simeone": 1784147838.6391404,
  "wk": 1784147840.5160396,
  "beckham": 1784147842.59139,
  "anglia argentyna": 1784147845.0332086,
  "maradona": 1784147846.902811,
  "the town": 1784151299.7288663,
  "tuchel": 1784151302.4421806,
  "ποτε ειναι ο τελικοσ μουντιαλ": 1784151304.419869,
  "euro 2028": 1784151307.1937304,
  "ronaldo": 1784151309.897273,
  "messi wife": 1784151312.223921,
  "kane": 1784151314.8970957,
  "vm": 1784151317.2151046,
  "enzo fernandez": 1784151319.1250267,
  "ισπανια αργεντινη": 1784154872.4347904,
  "gazzetta": 1784154874.7865715,
  "κρίστοφερ νόλαν": 1784154876.8480096,
  "world cup 2022": 1784154879.1415534,
  "yamal": 1784154881.204375,
  "στατιστικά μουντιάλ": 1784154883.6460128,
  "χάρι κέιν": 1784154885.8880677,
  "παράσιτο": 1784158512.1828382,
  "τουχελ": 1784158514.6216488,
  "16 ιουλίου": 1784175571.3776882,
  "ατύχημα": 1784175573.6169612,
  "στοίχημα κουπόνι": 1784175576.0669343,
  "κωσ": 1784175578.222091,
  "μουντιαλ τελικοσ": 1784175580.0858123,
  "fifa": 1784175582.2081916,
  "χρηματιστήριο": 1784183755.7436068,
  "2030": 1784183757.9214907,
  "πυρηνικόσ σταθμόσ": 1784183760.290466,
  "kiss fm": 1784183762.5871153,
  "ιράκ": 1784183764.8944964,
  "σύνταξη": 1784183767.0897758,
  "βικτώρια δέλλα": 1784183769.4205432,
  "νεα κρητη": 1784183771.5242035,
  "θερμοκρασία": 1784192290.4335096,
  "οικονομία": 1784192292.9977982,
  "αθλητικεσ εφημεριδεσ": 1784192295.0580668,
  "οδυσσεια ταινια": 1784199672.4023278,
  "πόλεμοσ": 1784199674.7714918,
  "μέση ανατολή": 1784199677.1140854,
  "κατερίνα παπακώστα": 1784199679.198575,
  "μαρία ζαχάροβα": 1784199681.2638774,
  "england vs india": 1784205921.898317,
  "τζουντ μπέλινγκχαμ": 1784205924.481635,
  "asep": 1784205926.8896725,
  "αρκάσ": 1784205929.1444283,
  "ελλάδα": 1784205931.8548295
}