{
  "ufc freedom 250": 1781489196.9755452,
  "ufc white house": 1781489198.837039,
  "ufc": 1781489200.712222,
  "summerville": 1781489203.4383388,
  "χρήμα": 1781508848.4033263,
  "φωτια αθηνα": 1781508851.3421028,
  "φωτια τωρα": 1781508853.3887436,
  "χιόνι": 1781508855.9722195,
  "your face sounds familiar": 1781508858.6482325,
  "spain vs cabo verde world cup 2026": 1781508861.3062358,
  "topuria": 1781508863.224634,
  "μαρία αντωνά": 1781508865.2545776,
  "15 ιουνίου": 1781508868.3414106,
  "ανακαινιζω 2026": 1781508871.4001899,
  "διαιτητήσ": 1781530547.3791647,
  "ece irtem": 1781530549.4377935,
  "καρπαθοσ": 1781530551.5067425,
  "εβάν φουρνιέ": 1781530553.6673229,
  "πυρκαγιά": 1781530556.7126164,
  "δάνειο": 1781530558.92676,
  "γιώργοσ αλκαίοσ": 1781530561.0876722,
  "κοινωνικοσ τουρισμοσ 2026": 1781530563.1742828,
  "αλεξία έβερτ": 1781530565.016614,
  "λουτσεσκου": 1781530567.329667,
  "ποδόσφαιρο": 1781547218.8952274,
  "vozinha": 1781547220.9072335,
  "καρυοφυλλιά καραμπέτη": 1781547223.2244582,
  "δραμα": 1781547225.5810728,
  "tesla": 1781547227.8760793,
  "δημήτρησ γιαννακόπουλοσ": 1781547229.7195227,
  "cucurella": 1781547231.7776077,
  "κουκουρεγια": 1781547233.9152207,
  "μαχητικό αεροσκάφοσ": 1781547236.0304792,
  "capo verde": 1781547238.1041741,
  "lukaku": 1781558650.030192,
  "αγγλικα πανελληνιεσ 2026": 1781558652.3290796,
  "σοφία ζαχαράκη": 1781558654.852978,
  "αεροπλανοφόρο": 1781558656.7380724,
  "στρατιωτικόσ": 1781558659.1763744,
  "seattle": 1781558661.246924,
  "κοστίνια": 1781558663.4691038,
  "βελγιο αιγυπτοσ": 1781558665.6775901,
  "λαμίν γιαμάλ": 1781558667.9160998,
  "μπρούκλιν μπέκαμ": 1781558670.2878091,
  "τασοσ ιορδανιδησ": 1781565333.7958279,
  "σαουδικη αραβια ουρουγουαη": 1781565335.9148104,
  "σαλαχ": 1781565338.2403505,
  "βελγιο αίγυπτοσ": 1781565340.0724866,
  "σιατλ": 1781565342.2261522,
  "ιραν νεα ζηλανδια": 1781574488.22053,
  "uruguay": 1781574490.4170644,
  "de bruyne": 1781574492.8527546
}