{
  "γη τησ ελιασ": 1782169498.2660563,
  "σκάνδαλο": 1782169500.0901964,
  "ναταλία δραγούμη": 1782169502.3008175,
  "france vs iraq": 1782169504.1264298,
  "obsession 2026": 1782173853.8233707,
  "house of the dragon": 1782173856.0293248,
  "γερμανία": 1782189156.251016,
  "σεισμοσ τωρα": 1782189158.6688263,
  "23 ιουνίου": 1782189160.8710337,
  "αεκ": 1782189163.2465568,
  "ανεξάρτητη αρχή δημοσίων εσόδων": 1782189165.5410233,
  "αγώνεσ μουντιάλ": 1782189167.9728742,
  "norway vs senegal": 1782189170.7736304,
  "νορβηγια σενεγαλη": 1782189172.9285462,
  "giannis antetokounmpo": 1782189175.1329176,
  "μπαμ αντεμπάγιο": 1782202000.6747437,
  "γιόνασ βαλαντσιούνασ": 1782202002.9305031,
  "μπρούνο τσερέλα": 1782202005.1536233,
  "ανδρεασ παπανδρεου": 1782202007.6793497,
  "πάροσ": 1782202010.1500762,
  "πύργοσ": 1782202012.6044946,
  "απεργια 24 ιουνιου 2026": 1782202014.8770201,
  "προσγείωση": 1782202017.1319592,
  "jordan vs algeria": 1782202019.24702,
  "miami heat": 1782202021.5187619,
  "στέγαση": 1782214076.6619873,
  "βενζίνη": 1782214078.8728044,
  "βλαντίμιρ πούτιν": 1782214080.6905348,
  "γιάννησ αντετοκούνμπο": 1782214082.9091375,
  "portugal vs uzbekistan world cup 2026": 1782223120.7810056,
  "νέα γουινέα": 1782223122.9696796,
  "αγιοσ έρωτασ επεισοδια": 1782223125.3261495,
  "ανδρέασ παπανδρέου": 1782223127.5677402,
  "ευρωπαϊκό δικαστήριο ανθρωπίνων δικαιωμάτων": 1782223129.7325094,
  "cnn": 1782223132.0869603,
  "γιάννησ αμανατίδησ": 1782223133.9328306,
  "αποσπασεισ εκπαιδευτικων 2026 27": 1782223135.7474833,
  "πορτογαλία εναντίον ουζμπεκιστάν": 1782232075.4473674,
  "portugal vs uzbekistan": 1782232077.7211869,
  "πιλότοσ": 1782232080.2061913,
  "μουντιαλ προγραμμα": 1782232082.4119344,
  "google": 1782232084.8380933,
  "κώστασ καζάκασ": 1782232087.156154,
  "ανώτατο συμβούλιο επιλογήσ προσωπικού": 1782232089.2202303,
  "νέα δημοκρατία": 1782232091.6182587,
  "stefanos tsitsipas": 1782232094.2794192,
  "πληρωμη συνταξεων": 1782232096.3109453,
  "κέντρικ ναν": 1782238806.596662,
  "fabio cannavaro": 1782238808.7150993,
  "portugal fc": 1782238811.2120461,
  "πληρωμή": 1782238813.4650178,
  "inaki pena": 1782238815.732798,
  "χάποελ τελ αβίβ": 1782238817.8402252,
  "αθλητικεσ μεταδοσεισ": 1782246433.7986891,
  "προσφυγικα αλεξανδρασ": 1782246435.793665,
  "πρόγραμμα τηλεόρασησ": 1782246438.177461,
  "τα νέα": 1782246440.6220148,
  "vremea de mâine": 1782246443.2892234,
  "κλειστοι δρομοι σημερα": 1782246445.6236224,
  "μπόνζι κόλσον": 1782246448.1525226,
  "portugal world cup": 1782246450.7089698,
  "england vs ghana": 1782251791.1220305,
  "αγιοσ ερωτασ τελευταιο επεισοδιο": 1782251793.0285337,
  "αγγλια γκανα": 1782251795.13921,
  "jobs": 1782251797.225274
}