{
  "digne": 1783634033.0679166,
  "chat gpt": 1783634035.4032075,
  "france fc": 1783634037.7410026,
  "shakira": 1783634040.0180542,
  "griezmann": 1783634042.3011036,
  "brahim diaz": 1783634044.9436595,
  "bono": 1783634047.2151809,
  "frankrijk marokko": 1783634049.3671021,
  "dembele": 1783634051.4624524,
  "fifa": 1783638313.0919905,
  "world cup schedule": 1783638315.248184,
  "ιωάννα τούνη": 1783638317.9815683,
  "κιλιάν μπαπέ": 1783638320.1062841,
  "fifa world cup 2026™": 1783638322.4751647,
  "μουντιαλ προγραμμα": 1783638324.7968147,
  "marokko frankrijk": 1783638327.1871862,
  "mateta": 1783638329.015763,
  "coupe du monde de la fifa 2026": 1783638331.3012705,
  "olise": 1783638333.1233149,
  "ισπανια βελγιο": 1783642512.361289,
  "goal.com.cy": 1783642515.1199458,
  "ετεροσ εγω": 1783642517.7553432,
  "rabiot": 1783642519.7945383,
  "πρώτο θέμα": 1783657007.549041,
  "τζοκερ": 1783657009.3824396,
  "κέντρικ ναν": 1783670041.5605357,
  "in": 1783670043.9537225,
  "ann widdecombe": 1783670045.781884,
  "10 ιουλίου γιορτή": 1783670047.6119344,
  "κύπροσ": 1783670049.683586,
  "ιταλία": 1783670052.0836177,
  "έρλινγκ χάλαντ": 1783670054.1784887,
  "πρωτοσελιδα εφημεριδων": 1783670056.118873,
  "το πρωτο θεμα": 1783670058.4765265,
  "μετρό θεσσαλονίκησ": 1783680420.4793603,
  "marfin": 1783680422.8186998,
  "φορολογικεσ δηλωσεισ 2026": 1783680425.1856346,
  "ryanair": 1783680427.5308828,
  "ντένβερ νάγκετσ": 1783680430.0790873,
  "alpha": 1783680432.2853715,
  "αργεντινη ελβετια": 1783680434.7483904,
  "φωτια τωρα θεσσαλονικη": 1783688372.9590137,
  "φωτια διαβατα": 1783688375.5181327,
  "φωτια σερρεσ": 1783688377.954588,
  "μιχάλησ τζελέπησ": 1783688380.3488371,
  "υπουργείο περιβάλλοντοσ & ενέργειασ": 1783688382.315801,
  "ελεγκτικό συνέδριο": 1783688384.8544376,
  "τζολησ": 1783688387.3240063,
  "μαρφιν": 1783688390.252667,
  "δάνειο": 1783697641.5410955,
  "όλγα δαλλα": 1783697643.544315,
  "alexander zverev": 1783697645.8096673,
  "οπσυδ": 1783704150.2060874,
  "aττική οδόσ": 1783704152.4423172,
  "τηλεόραση": 1783704154.3033385,
  "novak djokovic": 1783704156.6102324,
  "jannik sinner": 1783704159.0214968,
  "η καθημερινή": 1783704160.873375,
  "θερμοκρασία": 1783704163.2186625,
  "νομοι τησ καρδιασ": 1783704165.6739366,
  "zverev": 1783704167.9810984,
  "spanien – belgien": 1783709787.367526,
  "espagne – belgique": 1783709789.426969,
  "ισπανία εναντίον βέλγιο": 1783709791.5960124,
  "26 ιουλίου": 1783709793.6621044,
  "spain vs belgium": 1783709796.2065768,
  "wimbledon": 1783709798.417981,
  "cucurella": 1783714798.8932428,
  "doku": 1783714800.9689438,
  "ονλαρισα": 1783714803.3889747,
  "ντορέττα παπαδημητρίου": 1783714805.9541929,
  "spagna belgio": 1783714808.0953743,
  "courtois": 1783714810.5527165,
  "ομορφοχωρι λαρισασ": 1783714813.1107724,
  "τεντογλου": 1783714815.6053393,
  "ποδόσφαιρο": 1783714817.9700267,
  "de ketelaere": 1783714820.3019087,
  "βασιλιάσ": 1783719051.2772253,
  "mikel merino": 1783719053.7814503,
  "νορβηγια αγγλια": 1783719056.1282272,
  "rodri": 1783719058.8828356,
  "λαμίν γιαμάλ": 1783719061.456848,
  "osman paok": 1783719064.2384427,
  "newsbeast.gr": 1783719067.1616108,
  "euro 2024": 1783719069.1890194,
  "cubarsi": 1783719071.3057597,
  "εύβοια": 1783719074.232635
}