{
  "επίτιμοσ διδάκτορασ": 1783606288.9389963,
  "βαγια νεστορα ποια ειναι": 1783606291.3647993,
  "βενζίνη": 1783606293.9755473,
  "τζένιφερ λόπεζ": 1783606296.3473372,
  "f16": 1783606298.8497899,
  "φωτια καλοχωρι": 1783606301.2192328,
  "προσγείωση": 1783606304.0268881,
  "πανεπιστήμιο αιγαίου": 1783606306.5363219,
  "σαλμονέλα": 1783606308.6170304,
  "ίλον μασκ": 1783606310.7309225,
  "γιώργοσ γιακουμάκησ": 1783615394.9345047,
  "taha ali": 1783615397.1531525,
  "αριστοτέλειο πανεπιστήμιο θεσσαλονίκησ": 1783615399.0527804,
  "γιώργοσ τσαλίκησ": 1783615401.2704506,
  "zakynthos airport": 1783615403.4113188,
  "αθηνά οικονομάκου": 1783615406.1053612,
  "erling haaland": 1783615408.4861538,
  "φωτιά καλοχώρι": 1783615411.293181,
  "κίναν έβανσ": 1783621727.4207118,
  "india national cricket team vs england cricket team match scorecard": 1783621729.880654,
  "μαρόκο": 1783621732.3929076,
  "india vs england": 1783621734.7700434,
  "οικοδόμοσ": 1783621737.1664817,
  "2030": 1783621739.4958615,
  "ertflix": 1783628453.393005,
  "hakimi": 1783628455.6934366,
  "ερτ2 σπορ live": 1783628458.3106937,
  "francia marocco": 1783628460.763416,
  "ert": 1783628463.0974724,
  "τσεχία": 1783628465.3772457,
  "cosmote tv": 1783628467.8797886,
  "frankreich – marokko": 1783628469.943642,
  "μαροκο": 1783628472.4437013,
  "μπραχίμ ντίαθ": 1783628474.8793967,
  "digne": 1783634033.0679166,
  "chat gpt": 1783634035.4032075,
  "france fc": 1783634037.7410026,
  "shakira": 1783634040.0180542,
  "griezmann": 1783634042.3011036,
  "brahim diaz": 1783634044.9436595,
  "bono": 1783634047.2151809,
  "frankrijk marokko": 1783634049.3671021,
  "dembele": 1783634051.4624524,
  "fifa": 1783638313.0919905,
  "world cup schedule": 1783638315.248184,
  "ιωάννα τούνη": 1783638317.9815683,
  "κιλιάν μπαπέ": 1783638320.1062841,
  "fifa world cup 2026™": 1783638322.4751647,
  "μουντιαλ προγραμμα": 1783638324.7968147,
  "marokko frankrijk": 1783638327.1871862,
  "mateta": 1783638329.015763,
  "coupe du monde de la fifa 2026": 1783638331.3012705,
  "olise": 1783638333.1233149,
  "ισπανια βελγιο": 1783642512.361289,
  "goal.com.cy": 1783642515.1199458,
  "ετεροσ εγω": 1783642517.7553432,
  "rabiot": 1783642519.7945383,
  "πρώτο θέμα": 1783657007.549041,
  "τζοκερ": 1783657009.3824396,
  "κέντρικ ναν": 1783670041.5605357,
  "in": 1783670043.9537225,
  "ann widdecombe": 1783670045.781884,
  "10 ιουλίου γιορτή": 1783670047.6119344,
  "κύπροσ": 1783670049.683586,
  "ιταλία": 1783670052.0836177,
  "έρλινγκ χάλαντ": 1783670054.1784887,
  "πρωτοσελιδα εφημεριδων": 1783670056.118873,
  "το πρωτο θεμα": 1783670058.4765265,
  "μετρό θεσσαλονίκησ": 1783680420.4793603,
  "marfin": 1783680422.8186998,
  "φορολογικεσ δηλωσεισ 2026": 1783680425.1856346,
  "ryanair": 1783680427.5308828,
  "ντένβερ νάγκετσ": 1783680430.0790873,
  "alpha": 1783680432.2853715,
  "αργεντινη ελβετια": 1783680434.7483904,
  "φωτια τωρα θεσσαλονικη": 1783688372.9590137,
  "φωτια διαβατα": 1783688375.5181327,
  "φωτια σερρεσ": 1783688377.954588,
  "μιχάλησ τζελέπησ": 1783688380.3488371,
  "υπουργείο περιβάλλοντοσ & ενέργειασ": 1783688382.315801,
  "ελεγκτικό συνέδριο": 1783688384.8544376,
  "τζολησ": 1783688387.3240063,
  "μαρφιν": 1783688390.252667
}