{
  "χρηματιστήριο": 1779094820.5596054,
  "χαλάζι": 1779094823.3885274,
  "ελ νίνιο": 1779094826.118628,
  "κοινωνικοσ τουρισμοσ αποτελεσματα": 1779108362.985122,
  "το πρωινό": 1779108366.2724586,
  "νίκοσ ζιάγκοσ": 1779108369.382499,
  "ουκρανία": 1779108372.2870357,
  "μάρκο νίκολιτσ": 1779108375.1717148,
  "γιώργοσ λιανόσ": 1779108377.9578984,
  "φωκάσ ευαγγελινόσ": 1779108380.9253297,
  "δέσποινα βανδή": 1779108383.7410645,
  "εθνική ασφαλιστική": 1779108387.0075188,
  "εθνική τράπεζα": 1779120873.246361,
  "ανεργία": 1779120876.2275546,
  "ροντινέι": 1779120878.9363456,
  "csk vs srh": 1779120882.2739325,
  "αχιλλέασ μπέοσ": 1779120885.4619133,
  "stefanos tsitsipas": 1779120888.233896,
  "πλοίο": 1779120891.225568,
  "τατιάνα στεφανίδου": 1779120894.4820228,
  "ελεγκτικό συνέδριο": 1779120896.3267095,
  "δήμαρχοσ": 1779120899.3314953,
  "άρησ θεσσαλονίκησ": 1779127969.8908238,
  "τάιλερ ντόρσεϊ": 1779127972.8042238,
  "disney+": 1779127975.758851,
  "oi athooi": 1779127978.770155,
  "εθνική τράπεζα τησ ελλάδοσ": 1779127980.7487805,
  "άρησ σερβετάλησ": 1779134595.112435,
  "disney plus": 1779134596.923087,
  "μαστροκωστα": 1779134599.6015832,
  "σίλια κριθαριώτη": 1779134602.649122,
  "γενοκτονια ποντιων": 1779134605.5265944,
  "playstation": 1779134608.8396275,
  "arsenal vs burnley": 1779134611.6407974,
  "κάλυμνοσ": 1779134614.5634277,
  "jacob neestrup": 1779134617.3910837,
  "πρωτάθλημα αγγλίασ": 1779139342.8459516,
  "pep guardiola": 1779139345.8008895,
  "ουίλιαμ, πρίγκιπασ τησ ουαλίασ": 1779139348.759532,
  "γωγω μαστροκωστα": 1779139351.5055168,
  "γερμανία": 1779143476.8860724,
  "δωροθεα μερκουρη": 1779143479.8817334,
  "αρσεναλ μπερνλι": 1779143481.804615,
  "chennai super kings vs sunrisers hyderabad standings": 1779143484.597095,
  "ουέιντ μπάλντουιν": 1779169998.3589427,
  "weather": 1779170000.8756988,
  "μαρία μπεκατώρου": 1779170003.7814226,
  "nba": 1779170006.3592465,
  "τράπεζα": 1779170009.0174022,
  "masterchef": 1779170011.548468,
  "πορτο λεονε": 1779170013.42452,
  "πασ γιάννινα": 1779170016.129788,
  "neymar": 1779170018.0169523
}