{
  "διαιτητήσ": 1781530547.3791647,
  "ece irtem": 1781530549.4377935,
  "καρπαθοσ": 1781530551.5067425,
  "εβάν φουρνιέ": 1781530553.6673229,
  "πυρκαγιά": 1781530556.7126164,
  "δάνειο": 1781530558.92676,
  "γιώργοσ αλκαίοσ": 1781530561.0876722,
  "κοινωνικοσ τουρισμοσ 2026": 1781530563.1742828,
  "αλεξία έβερτ": 1781530565.016614,
  "λουτσεσκου": 1781530567.329667,
  "ποδόσφαιρο": 1781547218.8952274,
  "vozinha": 1781547220.9072335,
  "καρυοφυλλιά καραμπέτη": 1781547223.2244582,
  "δραμα": 1781547225.5810728,
  "tesla": 1781547227.8760793,
  "δημήτρησ γιαννακόπουλοσ": 1781547229.7195227,
  "cucurella": 1781547231.7776077,
  "κουκουρεγια": 1781547233.9152207,
  "μαχητικό αεροσκάφοσ": 1781547236.0304792,
  "capo verde": 1781547238.1041741,
  "lukaku": 1781558650.030192,
  "αγγλικα πανελληνιεσ 2026": 1781558652.3290796,
  "σοφία ζαχαράκη": 1781558654.852978,
  "αεροπλανοφόρο": 1781558656.7380724,
  "στρατιωτικόσ": 1781558659.1763744,
  "seattle": 1781558661.246924,
  "κοστίνια": 1781558663.4691038,
  "βελγιο αιγυπτοσ": 1781558665.6775901,
  "λαμίν γιαμάλ": 1781558667.9160998,
  "μπρούκλιν μπέκαμ": 1781558670.2878091,
  "τασοσ ιορδανιδησ": 1781565333.7958279,
  "σαουδικη αραβια ουρουγουαη": 1781565335.9148104,
  "σαλαχ": 1781565338.2403505,
  "βελγιο αίγυπτοσ": 1781565340.0724866,
  "σιατλ": 1781565342.2261522,
  "ιραν νεα ζηλανδια": 1781574488.22053,
  "uruguay": 1781574490.4170644,
  "de bruyne": 1781574492.8527546,
  "αποτελεσματα πανελληνιων 2026": 1781593745.8180473,
  "phishing": 1781593748.1695838,
  "16 ιουνίου": 1781593750.6446652,
  "μπόνι τάιλερ": 1781593753.0137057,
  "αποτελεσματα μουντιαλ": 1781593755.1932147,
  "γαλλία": 1781593757.4494092,
  "παιδί": 1781593759.7301235,
  "πρωτοσελιδα εφημεριδων": 1781593761.696206,
  "livescore": 1781593764.1283147,
  "ζωδια": 1781593766.3366044,
  "αξιολόγηση": 1781612465.71568,
  "ζαν μοντέρο": 1781612467.9586565,
  "επιστήμονασ": 1781612470.1138568,
  "λαγοκέφαλοσ": 1781612472.2224753,
  "τουρισμοσ για ολουσ 2026 αιτηση": 1781612474.0964892,
  "klay thompson": 1781612476.4061239,
  "πομιδα - πανελλήνια ομοσπονδία ιδιοκτητών ακινήτων": 1781612478.52989,
  "μετρό θεσσαλονίκησ": 1781612480.8336635,
  "μάρω κοντού": 1781612483.1923807,
  "δημοσκοπηση": 1781612486.1392438
}