{
  "ολυμπιακόσ σφπ": 1778693817.128653,
  "osfp": 1778693820.4668686,
  "παο": 1778693823.679219,
  "πρωτάθλημα ελλάδασ": 1778693827.050934,
  "superleague": 1778693830.7928188,
  "ολυμπιακοσ σημερα": 1778693834.094196,
  "βιγιαρεάλ εναντίον σεβίλλη": 1778693837.3391027,
  "ερα σπορ": 1778693840.766596,
  "ολυμπιακόσ παναθηναϊκόσ σήμερα live": 1778693844.6651223,
  "εσπανιόλ βαρκελώνησ εναντίον αθλέτικ μπιλμπάο": 1778693846.6838112,
  "valencia panathinaikos": 1778700175.726926,
  "alavés vs barcelona": 1778700179.0321684,
  "valencia basket vs panathinaikos": 1778700182.1670341,
  "βαθμολογία superleague": 1778700185.036167,
  "δημήτρησ αλεξάνδρου": 1778700188.2572572,
  "αλαβέσ εναντίον μπαρτσελόνα": 1778700190.0791762,
  "βαλενθια παναθηναικοσ": 1778700193.3093164,
  "pao fc": 1778700196.5845125,
  "λάτσιο εναντίον ίντερ": 1778700199.7862647,
  "σουπερλιγκ": 1778700203.2076004,
  "ανδρέασ μικρούτσικοσ": 1778706349.2799604,
  "celtic": 1778706351.3364165,
  "γιαννακοπουλοσ": 1778706354.587617,
  "montero": 1778706356.6284103,
  "ρεμοσ": 1778706359.8137348,
  "valencia bc": 1778706362.955854,
  "χαρτσ": 1778706366.3054554,
  "hearts fc": 1778706369.5572379,
  "playstation": 1778706373.1441472,
  "χετάφε εναντίον μαγιόρκα": 1778706377.1480668,
  "αθλητικα": 1778710949.9236217,
  "οακα": 1778710952.9799461,
  "ataman": 1778710955.961708,
  "sport24": 1778710959.0827198,
  "gazzetta": 1778710961.9357095,
  "σδνα": 1778710963.759933,
  "κυθηρα pass": 1778710966.5994108,
  "σπορτφμ": 1778710969.3257616,
  "μοντερο": 1778710972.6519156,
  "jean montero": 1778710975.7253864,
  "γερμανία": 1778715381.9419544,
  "sportal": 1778715385.2383735,
  "sdna": 1778715388.2749197,
  "chios pass": 1778715390.289557,
  "final four 2026": 1778722203.5295863,
  "sportfm": 1778722206.4513817,
  "λαζοπουλοσ": 1778722209.1625836,
  "ανδρική ομάδα καλαθοσφαίρισησ παναθηναϊκού": 1778735508.1120036,
  "14 μαΐου": 1778735511.937167,
  "λάκησ λαζόπουλοσ": 1778735513.9573157,
  "λιονέλ μέσι": 1778735517.0068665,
  "ματίασ λεσόρ": 1778735519.8522646,
  "wordle": 1778735522.8596058,
  "x": 1778735525.930663,
  "γερουσία των ηνωμένων πολιτειών": 1778735529.0000813,
  "ζαν μοντέρο": 1778745863.91083,
  "ανεξάρτητη αρχή δημοσίων εσόδων": 1778745867.0351293,
  "περιστέρι": 1778745870.0156744,
  "kairos αθηνα": 1778745872.8011208,
  "ρισόν χολμσ": 1778745875.6905363,
  "ρωσία": 1778745878.7126336,
  "kythira pass 2026": 1778745881.7523177,
  "γιώργοσ λιάγκασ": 1778754606.976653,
  "καθηγητήσ": 1778754610.0145905,
  "βροχή": 1778754612.9023318,
  "κοινωνικοσ τουρισμοσ 2026 αποτελεσματα": 1778754615.695211,
  "κέντρικ ναν": 1778760721.1598065,
  "απάτη": 1778760724.7029617,
  "νότησ σφακιανάκησ": 1778769860.4756942,
  "pbks vs mi": 1778769862.3010743,
  "γιώργοσ μπαρτζώκασ": 1778769865.433219,
  "σοφία ζαχαράκη": 1778769868.306275,
  "jannik sinner": 1778769870.6249027,
  "2025": 1778769872.9420211,
  "έφη μουρίκη": 1778769875.2754855,
  "διεθνήσ αερολιμένασ αθηνών ελευθέριοσ βενιζέλοσ": 1778769878.2753863,
  "ευαγγελατοσ": 1778769881.0386996,
  "συναυλία": 1778769883.2936752,
  "τι τζέι σορτσ": 1778776454.4465756,
  "aek vs aris": 1778776456.8248944,
  "subnautica 2": 1778776458.6769927,
  "2027": 1778776460.954988,
  "εύη δρούτσα": 1778776463.3334618,
  "προσωρινα αποτελεσματα κοινωνικου τουρισμου 2026": 1778776465.8638234,
  "ιωάννησ παπαπέτρου": 1778776468.1255121,
  "πωλινα": 1778776470.4108248
}