{
  "pbks vs dc": 1778510131.7644043,
  "σχολείο δεύτερησ ευκαιρίασ": 1778510135.9928281,
  "σίντνεϊ σουίνι": 1778510137.8632424,
  "γιώργοσ μυλωνάκησ": 1778510143.5274744,
  "φαίη σκορδά": 1778510146.8405116,
  "hyundai": 1778510154.8070183,
  "αφροδίτη λατινοπούλου": 1778510158.4574971,
  "πυροσβεστικό σώμα ελλάδασ": 1778510163.7500343,
  "πασχάλησ τερζήσ": 1778510166.7871332,
  "λούκα γιόβιτσ": 1778510170.2802908,
  "δήλωση περιουσιακήσ κατάστασησ": 1778519461.3190377,
  "μύκονοσ": 1778519473.6657526,
  "διαγωνισμόσ τραγουδιού eurovision": 1778519476.538961,
  "βαλενθια παναθηναικοσ game 5": 1778519483.5772202,
  "αστυνομία": 1778519489.3378434,
  "klavdia": 1778519491.19467,
  "νίκοσ μπουντούρησ": 1778519498.4623117,
  "καταλειφοσ": 1778519514.9067419,
  "προσγείωση": 1778526781.1242533,
  "eurovision odds": 1778526783.921159,
  "ρίο άβε εναντίον σπόρτινγκ λισαβόνασ": 1778526786.8095698,
  "μπενφίκα εναντίον μπράγκα": 1778526788.6386504,
  "τότεναμ εναντίον λιντσ": 1778526790.4689496,
  "ράγιο βαγιεκάνο εναντίον χιρόνα": 1778526793.4809146,
  "νάπολι εναντίον μπολόνια": 1778526798.2943141,
  "φάιναλ φορ": 1778526801.2910855,
  "πρωτο θεμα": 1778526804.2824204,
  "χριστίνα βίδου": 1778526807.735694,
  "σαρβαιβορ σημερα": 1778532916.4041207,
  "napoli": 1778532919.151862,
  "grand theft auto vi": 1778532921.8829644,
  "τοτεναμ": 1778532924.7837768,
  "έλενα χριστοπούλου": 1778532927.7672384,
  "easyjet": 1778532930.6030397,
  "telekom center athens": 1778532934.992389,
  "survivor": 1778532938.6940649,
  "biased beast": 1778536854.8605368,
  "eurovision": 1778536857.7308803,
  "ελβετία": 1778536859.5804572,
  "σύμβαση": 1778540888.7606688,
  "eurovision 2026": 1778544496.1337135,
  "skai": 1778544498.1396904,
  "διαγωνισμόσ τραγουδιού eurovision 2026": 1778558564.7510428,
  "ασεπ": 1778568325.7308712,
  "asep": 1778568329.9114397,
  "lakers vs thunder": 1778568331.7869337,
  "12 μαΐου": 1778568337.32402,
  "bangladesh vs pakistan": 1778568340.8718352,
  "17 μαΐου": 1778568344.61094,
  "εισαγγελέασ": 1778568347.620141,
  "αξιολόγηση": 1778568351.357731,
  "πρωτοσελιδα": 1778568359.1041162,
  "εαακ": 1778577929.972959,
  "επίδομα ανεργίασ": 1778577947.0870261,
  "τα νεα": 1778577964.198749,
  "τελεσίγραφο": 1778577981.3546045,
  "μετρό": 1778577998.444691,
  "νομοσχέδιο": 1778578000.309288,
  "μίλαν νέντοβιτσ": 1778578017.4159439,
  "κέρκυρα": 1778578034.5294697,
  "κίεβο": 1778578051.6776044,
  "ηλιουπολη": 1778585363.377653,
  "market pass": 1778585366.1906102,
  "βύθιση": 1778585368.0246994,
  "άγιοσ έρωτασ": 1778585371.1878662,
  "τέιλεν χόρτον-τάκερ": 1778585373.8755152,
  "βροχή": 1778592053.373152,
  "πρώτο θέμα": 1778592063.7230012,
  "χοσέ λουίσ μεντιλίμπαρ": 1778592066.7588673,
  "marca": 1778592070.120668,
  "ντέιβιντ μπέκαμ": 1778592085.8072343
}