{
  "18 ιουνίου": 1781759053.9270902,
  "bbc news": 1781759056.2589679,
  "livescore": 1781759058.8819478,
  "αποτελεσματα μουντιαλ": 1781759060.9559236,
  "γέφυρα": 1781759063.037712,
  "ουζμπεκισταν κολομβια": 1781759065.1314304,
  "στοιχημα": 1781759067.1477885,
  "victor munoz": 1781759069.236723,
  "βλαδίμηροσ κυριακίδησ": 1781759071.3368673,
  "χανιά": 1781774604.3002982,
  "γραμμικο σχεδιο πανελληνιεσ 2026": 1781774607.2471218,
  "εθνικό σύστημα υγείασ": 1781774609.5003417,
  "οασα": 1781774611.665451,
  "μίνα καραμήτρου": 1781774613.7777967,
  "μετρό θεσσαλονίκησ": 1781774615.604915,
  "czechia vs south africa world cup 2026": 1781774617.5934532,
  "ηνωμένο βασίλειο": 1781774619.722683,
  "www.24sports.com.cy": 1781774621.7930315,
  "hamm": 1781774623.837616,
  "2026": 1781786167.6023283,
  "τα νέα": 1781786169.8908954,
  "τριαντάφυλλοσ τσάπρασ": 1781786171.8662398,
  "σαμάρα": 1781786173.9340355,
  "χρύσα μιχαλοπούλου": 1781786176.1334026,
  "αντρέ λουίσ": 1781786178.3397336,
  "ελάχιστη βάση εισαγωγήσ": 1781786180.454358,
  "ευρυδίκη βαλαβάνη": 1781786182.5347407,
  "gorillaz": 1781786184.7595143,
  "ανδρέασ μαζαράκησ": 1781786187.083761,
  "τσεχια νοτια αφρικη": 1781798621.3875694,
  "czechia vs south africa": 1781798623.657828,
  "hyundai": 1781798625.8996925,
  "άρησ θεσσαλονίκησ": 1781798628.0943165,
  "λατινοπουλου παιτερησ": 1781798630.3122947,
  "ελεγκτήσ εισιτηρίων": 1781798632.6633327,
  "διεθνέσ νομισματικό ταμείο": 1781798634.791267,
  "παρθενώνασ": 1781798637.1300185,
  "gta 6": 1781798639.429281,
  "δελτίο ταυτότητασ": 1781798641.4741578,
  "σταθμάρχησ": 1781807583.7601626,
  "epic games": 1781807586.1442504,
  "ευρωπαϊκό κοινοβούλιο": 1781807588.2551265,
  "ανθρωποκτονία": 1781807590.5215175,
  "obsession": 1781807592.879269,
  "αποτελεσματα πανελληνιων 2026": 1781807595.239655,
  "inaki pena": 1781807597.8575864,
  "ζέλικο ομπράντοβιτσ": 1781807600.1525812,
  "βρισηίδα ανδριώτου": 1781816884.1496089,
  "tesla motors": 1781816886.733568,
  "valencia basket vs barcelona": 1781816888.932601,
  "λαγοκέφαλοσ": 1781816891.34838,
  "μέγαρο μαξίμου": 1781816893.7459116,
  "θερμοκρασία": 1781816898.404509,
  "switzerland": 1781816900.6450646,
  "toy story 5": 1781816903.1545134,
  "ελβετια βοσνια": 1781816905.1320217,
  "switzerland vs bosnia and herzegovina": 1781816907.2103465,
  "canada vs qatar": 1781823737.0302277,
  "ευρώπη": 1781823738.898578,
  "tay keith": 1781823741.2403243,
  "ειρήνη αγαπηδάκη": 1781823743.9669273,
  "φράγκο": 1781823746.1029646,
  "ρεάλ μαδρίτησ": 1781823748.2815123,
  "καναδασ καταρ": 1781823750.4858723,
  "switzerland fc": 1781823752.6278489,
  "γιώτα νέγκα": 1781823754.791538,
  "μεξικο νοτια κορεα": 1781833829.0237083,
  "disney plus": 1781833831.0129983
}