{
  "σελήνη": 1783330774.5209377,
  "ντορέττα παπαδημητρίου": 1783330776.7999835,
  "f-35 lightning ii": 1783330778.8603168,
  "κυκλοφορία": 1783330780.986507,
  "iron bird seed": 1783330783.3400881,
  "fifa world cup games": 1783330785.4547813,
  "england world cup fixtures": 1783330787.8250546,
  "ισπανια πορτογαλια": 1783344467.344838,
  "δημόσια υπηρεσία απασχόλησησ": 1783344469.6310823,
  "ελένη μενεγάκη": 1783344471.7777765,
  "εθνική ομάδα ποδοσφαίρου ανδρών τησ ελλάδασ": 1783344473.9295235,
  "ευρώ": 1783344476.2429655,
  "ανεργία": 1783344478.5660443,
  "ακίνητη περιουσία": 1783344480.7505147,
  "βικτώρια δέλλα": 1783355778.6090164,
  "jota silva": 1783355780.9593966,
  "δεξαμενόπλοιο": 1783355782.907875,
  "νόμοσ κατρούγκαλου": 1783355784.857376,
  "νίκολα μίροτιτσ": 1783362517.9930105,
  "υπουργείο παιδείασ, θρησκευμάτων και αθλητισμού": 1783362519.9028912,
  "λητή": 1783362522.1402967,
  "portugal spain": 1783362523.9757438,
  "θάνατοσ": 1783362526.1921098,
  "μάριοσ θεμιστοκλέουσ": 1783362528.4092357,
  "unai simon": 1783369522.010445,
  "nuno mendes": 1783369524.2995965,
  "portugal – espagne": 1783369526.4406493,
  "πάτρα": 1783369528.7688792,
  "portugal spanien": 1783369530.812475,
  "ροναλντο": 1783369533.2170515,
  "cosmote tv": 1783369535.5659232,
  "zdf": 1783369537.860957,
  "yamal": 1783369540.2185743,
  "τόμασ γουόκαπ": 1783374811.9561892,
  "euro": 1783374814.349526,
  "δήμοσ": 1783374816.7055552,
  "ferran torres": 1783374819.1688838,
  "εθνική ομάδα ποδοσφαίρου ανδρών τησ ισπανίασ": 1783374821.8834686,
  "bruno fernandes": 1783374823.887888,
  "javier bardem": 1783374826.1725442,
  "portugal espagne": 1783374828.1072206,
  "dani olmo": 1783374830.3155618,
  "rodri": 1783374832.5293407,
  "φάλαινα": 1783378843.8088553,
  "δημήτρησ γιαννακόπουλοσ": 1783378846.1377017,
  "lauren bennett": 1783378848.4056954,
  "αργεντινη αιγυπτοσ": 1783378850.6871212,
  "world cup matches": 1783378853.0862575,
  "ηπα εναντίον βέλγιο": 1783383436.892717,
  "balogun": 1783383438.7141452,
  "usa vs belgium": 1783383440.532643,
  "κατώτατοσ μισθόσ": 1783398418.0909193,
  "ηπα βελγιο": 1783398420.1701443,
  "μηχανογραφικο 2026": 1783411059.3175738,
  "ρετζέπ ταγίπ ερντογάν": 1783411061.160439,
  "7 ιουλίου γιορτή": 1783411063.0003204,
  "αποτελεσματα μουντιαλ": 1783411065.1429245,
  "belgium usa": 1783411067.2297447
}