{
  "mega news": 1777652811.116353,
  "mega news live": 1777652812.9739187,
  "devil wears prada 2": 1777652815.2636254,
  "f1": 1777652817.817672,
  "πρωτοδικείο αθηνών": 1777652820.8462665,
  "πολυτελέσ suv": 1777652822.7198386,
  "hogwarts legacy": 1777652825.2356117,
  "καρκίνοσ": 1777652827.1003907,
  "rr vs dc": 1777652829.4640746,
  "ελληνική ραδιοφωνία τηλεόραση": 1777652831.3533955,
  "the devil wears prada 2": 1777653124.6132457,
  "elite league": 1777653128.2272754,
  "ηγουμενίτσα": 1777653130.043477,
  "ο διαβολοσ φοραει πραντα 2": 1777653132.437463,
  "πρόστιμο": 1777653134.9611704,
  "αραξοσ": 1777654228.607373,
  "άρησ": 1777658055.8851545,
  "الزمالك ضد الأهلي": 1777658058.4701972,
  "χιρόνα εναντίον μαγιόρκα": 1777662183.9816415,
  "ολυμπιακοσ αεκ χαντμπολ": 1777662186.4375808,
  "δάρασ": 1777662189.2420168,
  "μοντανα": 1777662191.9052753,
  "νεα υορκη": 1777662194.2282066,
  "montana": 1777662196.9346645,
  "ρεαλ χαποελ": 1777666228.0215828,
  "βαλένθια μπάσκετ": 1777666230.346229,
  "βουγιουκλακη": 1777666232.1817856,
  "leeds vs burnley": 1777666234.0693696,
  "απάτη": 1777666236.3307366,
  "rajasthan royals vs delhi capitals standings": 1777666238.7847893,
  "αλιβέρι": 1777669772.9839487,
  "twitch": 1777669775.451509,
  "δήμοσ": 1777669777.8246315,
  "real madrid vs hapoel tel aviv": 1777669780.1409867,
  "νίκολα κάλινιτσ": 1777669782.4947784,
  "παιδί": 1777669784.87731,
  "real madrid bc": 1777673013.9025302,
  "f1 tv": 1777673016.8905187,
  "πίζα εναντίον λέτσε": 1777673019.474617,
  "αλιβερι": 1777680018.598753,
  "nba": 1777693604.8828208,
  "2 μαΐου": 1777701402.0179756,
  "eurojackpot": 1777701404.455366,
  "wetter": 1777701406.984152,
  "σταματίνα τσιμτσιλή": 1777701409.7525494,
  "ντόναλντ τραμπ": 1777701412.137159,
  "lakers": 1777701414.7039905,
  "γιόνασ βαλαντσιούνασ": 1777707679.0618527,
  "δικηγόροσ": 1777707681.8550262,
  "κίνδυνοσ": 1777712032.375288,
  "bangladesh vs new zealand": 1777712034.8567863,
  "metallica": 1777712037.5694253,
  "spirit airlines": 1777712039.998188,
  "γιορτη τησ μητερασ 2026": 1777712042.558032,
  "alex zanardi": 1777715743.3582525,
  "προϋπολογισμόσ": 1777718698.4008505,
  "ηρώ πεκτέση": 1777718700.9362168
}