{
  "γκαρντ": 1781630973.3022072,
  "χοσέ λουίσ μεντιλίμπαρ": 1781630975.5173647,
  "απο λεβαδειακόσ": 1781630977.7801607,
  "νύφη": 1781630980.0510426,
  "τουρισμόσ για όλουσ 2026 2027": 1781630982.2068284,
  "ανακάλυψη": 1781630984.4657593,
  "ρομά": 1781630986.6656654,
  "ελαιόλαδο": 1781630988.9327855,
  "υπάλληλοσ": 1781630990.8594873,
  "superbet": 1781630992.8000038,
  "αντιδήμαρχοσ": 1781641492.4825366,
  "άντζελα δημητρίου": 1781641494.78919,
  "λειψυδρία": 1781641497.0027125,
  "ιουλία καραπατάκη": 1781641499.2682981,
  "stoiximan": 1781641501.618368,
  "hyundai": 1781641503.8835702,
  "πρίγκιπασ": 1781641506.109418,
  "σενεγαλη": 1781641508.6732695,
  "γαλλία εναντίον σενεγάλη": 1781641510.685223,
  "france vs senegal": 1781641512.6787555,
  "κιλιάν μπαπέ": 1781648915.0528889,
  "ανεργία": 1781648917.2948728,
  "κόρι τζόσεφ": 1781648919.6923254,
  "17 ιουνίου": 1781648921.9128096,
  "κατώτατοσ μισθόσ": 1781648924.480978,
  "olise": 1781648926.4625351,
  "frankreich senegal": 1781648928.629696,
  "mane": 1781648930.967427,
  "σκόνη": 1781648933.12321,
  "ιρακ νορβηγια": 1781654198.1982915,
  "haaland": 1781654200.3674624,
  "κρατερόσ κατσούλησ": 1781654202.8319592,
  "argentina": 1781654205.15255,
  "rabiot": 1781654207.1912847,
  "weather": 1781668386.5122545,
  "αγωνεσ": 1781668389.2811878,
  "καύσωνασ": 1781668391.4562473,
  "παγκοσμιο κυπελλο": 1781668393.791557,
  "καλαθοσφαίριση": 1781668396.0621028,
  "στοιχημα": 1781668398.2798672,
  "τάιλερ ντόρσεϊ": 1781668400.5662153,
  "ertflix": 1781668402.48766,
  "ert": 1781668405.0896678,
  "πολεμικό πλοίο": 1781686549.6026676,
  "γκιγιέρμο οτσόα": 1781686551.7554922,
  "portugal vs dr congo world cup 2026": 1781686553.883465,
  "παιδί": 1781686556.1327431,
  "jeremy clarkson": 1781686558.4549484,
  "ποσο κανει": 1781686560.7895298,
  "austria vs jordan world cup 2026": 1781686563.2022574,
  "αυστρια ιορδανια": 1781686565.643716,
  "posokanei": 1781686568.0043268,
  "paksi": 1781700526.840638,
  "νικόλαοσ τσάκοσ": 1781700529.1668494,
  "τζέρεμι κλάρκσον": 1781700531.327089,
  "βικτώρια δέλλα": 1781700533.6250665,
  "μέτε-μάριτ, πριγκίπισσα τησ νορβηγίασ": 1781700535.748961,
  "ιερέασ": 1781700537.7994766,
  "uefa": 1781700540.2788136,
  "βροχή": 1781700542.38385,
  "λαγοκέφαλοσ": 1781700545.0088463,
  "ανταρκτική": 1781700547.0137677
}