{
  "open tv": 1783784056.7061827,
  "αλέξησ τσίπρασ": 1783784058.855061,
  "κεφαλονιά": 1783787375.731689,
  "γρηγόρησ δημητριάδησ": 1783787378.424197,
  "τζέιντεν άνταμσ": 1783787381.153212,
  "muchova": 1783791057.352948,
  "σκαι": 1783794639.9229004,
  "fenerbahçe - pogoń szczecin": 1783794642.6915536,
  "παναθηναϊκόσ εναντίον γκρασχόπερσ": 1783794644.9767323,
  "skai": 1783794647.279855,
  "england norway": 1783794649.8602514,
  "linda nosková": 1783794651.7976322,
  "μουντιαλ σημερα": 1783799248.7439778,
  "england vs norway": 1783799251.3424397,
  "norway vs england": 1783801925.6774042,
  "κανιβαλισμόσ": 1783801928.446088,
  "ert": 1783805279.8319483,
  "νορβηγια αγγλια καναλι": 1783805281.6990337,
  "ερτ2 live": 1783805284.6086519,
  "cosmote tv": 1783805287.149394,
  "bellingham": 1783805289.2763638,
  "ertflix": 1783805291.5034692,
  "norwegen – england": 1783805294.1023226,
  "norge mot england": 1783805296.7020884,
  "itvx": 1783805298.5472362,
  "τέιλορ σουίφτ": 1783805301.0643148,
  "wm": 1783808534.6100483,
  "fifa": 1783808537.2491302,
  "νορβηγία vs eng": 1783808539.9186668,
  "wk": 1783808541.7391832,
  "england fc": 1783808544.3807037,
  "haland": 1783808547.104163,
  "norvegia inghilterra": 1783808549.1393049,
  "vm": 1783808551.7084227,
  "halland": 1783808554.4369936,
  "εθνική ομάδα ποδοσφαίρου ανδρών τησ αγγλίασ": 1783812211.8845613,
  "odegaard": 1783812214.1385274,
  "pickford": 1783812216.2178483,
  "david beckham": 1783812218.579779,
  "ufc 329": 1783812220.8523924,
  "england": 1783812223.9425168,
  "αργεντινή εναντίον ελβετία": 1783818130.7170696,
  "vg": 1783818132.6869502,
  "mundial": 1783818135.4821782,
  "έρλινγκ χάλαντ": 1783818137.6836162,
  "argentina vs switzerland": 1783818140.383426,
  "mundial 2026": 1783818143.1217608,
  "nusa": 1783818145.0660107,
  "argentinien – schweiz": 1783830762.8516521,
  "argentine – suisse": 1783830765.6357756,
  "μουντιαλ 2026 προγραμμα": 1783830768.367085,
  "αθλητικα": 1783830770.58775,
  "θάνατοσ": 1783830773.3336952,
  "fifa world cup brackets": 1783830775.7475588,
  "fifa world cup": 1783830777.711171,
  "lindsey graham": 1783840268.4242077,
  "συνέντευξη": 1783840270.2434518,
  "12 ιουλίου": 1783840272.2357664,
  "argentine suisse": 1783840274.0856457,
  "норвегия англия": 1783840276.6038465,
  "γουίμπλεντον": 1783840279.246147,
  "bbc news": 1783840281.87087,
  "πετρέλαιο": 1783840284.5336068,
  "σούπερ μάρκετ": 1783840287.3296375,
  "anglia norvegia": 1783840289.8745883,
  "βέλγιο": 1783847848.1354408,
  "mitch mcconnell": 1783847850.6271803,
  "norvegia anglia": 1783847852.484318,
  "τουρισμόσ": 1783853136.2950282,
  "πέτροσ κούσουλοσ": 1783853138.8078098,
  "μισθόσ": 1783853141.3288043,
  "coupe du monde 2026": 1783853143.1724076,
  "σεισμόσ τώρα": 1783859991.3480594,
  "σεισμοσ": 1783859993.6849287,
  "βαρβαρα θεοδωρικα": 1783859995.9724822,
  "δέσποινα βανδή": 1783859998.8230455,
  "πύργοσ του άιφελ": 1783860001.568385,
  "φωτια ωρωποσ": 1783865511.212105,
  "aek": 1783865513.8297982,
  "παναθηναϊκόσ": 1783865516.5601346,
  "εβάν φουρνιέ": 1783865518.7042775,
  "πλοίο": 1783865520.8187912,
  "motogp": 1783865523.2058854,
  "ηλίασ ψινάκησ": 1783865525.2233355,
  "earthquake near me": 1783865527.8839,
  "ατμοσφαιρική ρύπανση": 1783869466.279075,
  "δήμοσ": 1783869468.6365366,
  "wimbledon 2026": 1783869471.384855,
  "αεκ": 1783869474.1920097
}