{
  "κωνσταντίνοσ καρέτσασ": 1783946389.9091997,
  "ούρσουλα φον ντερ λάιεν": 1783946392.1146493,
  "tielemans": 1783946394.3169427,
  "γιώργοσ μαζωνάκησ": 1783946396.5414913,
  "υποψήφιοσ": 1783946398.461697,
  "σπορτφμ": 1783946400.6830616,
  "κουπόνι": 1783956831.2925951,
  "σαλμονέλα": 1783956833.513119,
  "σεισμοσ τωρα": 1783956835.7479682,
  "κουφονήσια": 1783956837.9731252,
  "αλεξανδρούπολη": 1783956840.1688447,
  "τάιλερ ντόρσεϊ": 1783956842.3829558,
  "καστοριά": 1783956844.7569578,
  "τα νέα": 1783964019.9834661,
  "φαίη σκορδά": 1783964022.3890562,
  "μοσάντ": 1783964024.7038088,
  "απεργία": 1783964027.2928805,
  "πιλότοσ": 1783969274.8630707,
  "δελτίο ταυτότητασ": 1783969276.8791847,
  "βροχή": 1783969279.4000816,
  "αντώνησ ρέμοσ": 1783969281.972461,
  "france spain": 1783974132.7692368,
  "φρουροί τησ ισλαμικήσ επανάστασησ": 1783978012.1990407,
  "heridas": 1783978014.6613786,
  "γκαρντ": 1783978016.7255967,
  "κάγια κάλλασ": 1783978018.9023857,
  "παλιεσ ταυτοτητεσ": 1783985105.2475405,
  "τουρισμόσ": 1784008518.0164602,
  "κωνσταντίνοσ τζολάκησ": 1784008520.3230987,
  "14 ιουλίου": 1784008522.5495589,
  "βενζίνη": 1784008525.132045,
  "νεεσ ταυτοτητεσ παραταση 2027": 1784008527.11532,
  "εξετάσεισ": 1784008529.101794,
  "σκάνδαλο": 1784008531.3595552,
  "ελ νίνιο": 1784008533.655902,
  "ταλ ντίλιαν": 1784008535.8856356,
  "μάριοσ ηλιόπουλοσ": 1784015516.5954902,
  "david jones garcia": 1784015518.937969,
  "14 ιουλιου γιορτη": 1784015520.7522452,
  "εμανουέλ μακρόν": 1784015523.694193,
  "ανεργία": 1784015526.190597,
  "δημήτρησ πανόπουλοσ": 1784022653.1834893,
  "εθνική αρχή διαφάνειασ": 1784028039.7860157,
  "λαμία": 1784028042.3354607,
  "πειραιάσ": 1784028045.1452308,
  "φωτια βασιλικα": 1784028047.6571937,
  "england vs india": 1784028050.3199472,
  "συνέντευξη": 1784028052.2474432
}