{
  "ιρακ νορβηγια": 1781654198.1982915,
  "haaland": 1781654200.3674624,
  "κρατερόσ κατσούλησ": 1781654202.8319592,
  "argentina": 1781654205.15255,
  "rabiot": 1781654207.1912847,
  "weather": 1781668386.5122545,
  "αγωνεσ": 1781668389.2811878,
  "καύσωνασ": 1781668391.4562473,
  "παγκοσμιο κυπελλο": 1781668393.791557,
  "καλαθοσφαίριση": 1781668396.0621028,
  "στοιχημα": 1781668398.2798672,
  "τάιλερ ντόρσεϊ": 1781668400.5662153,
  "ertflix": 1781668402.48766,
  "ert": 1781668405.0896678,
  "πολεμικό πλοίο": 1781686549.6026676,
  "γκιγιέρμο οτσόα": 1781686551.7554922,
  "portugal vs dr congo world cup 2026": 1781686553.883465,
  "παιδί": 1781686556.1327431,
  "jeremy clarkson": 1781686558.4549484,
  "ποσο κανει": 1781686560.7895298,
  "austria vs jordan world cup 2026": 1781686563.2022574,
  "αυστρια ιορδανια": 1781686565.643716,
  "posokanei": 1781686568.0043268,
  "paksi": 1781700526.840638,
  "νικόλαοσ τσάκοσ": 1781700529.1668494,
  "τζέρεμι κλάρκσον": 1781700531.327089,
  "βικτώρια δέλλα": 1781700533.6250665,
  "μέτε-μάριτ, πριγκίπισσα τησ νορβηγίασ": 1781700535.748961,
  "ιερέασ": 1781700537.7994766,
  "uefa": 1781700540.2788136,
  "βροχή": 1781700542.38385,
  "λαγοκέφαλοσ": 1781700545.0088463,
  "ανταρκτική": 1781700547.0137677,
  "portugal world cup": 1781713795.7159412,
  "δημοσιογράφοσ": 1781713797.6405387,
  "κατερίνα καραβάτου": 1781713799.5749922,
  "πορτογαλια μουντιαλ": 1781713802.1968346,
  "portugal": 1781713804.4302864,
  "σύνταξη": 1781713806.7190428,
  "μπέσσυ μάλφα": 1781713809.5332391,
  "βασίλησ τολιόπουλοσ": 1781713811.6972687,
  "το σπίτι δίπλα στο ποτάμι": 1781713814.2074313,
  "συνταξεισ ιουλιου": 1781713816.5494664,
  "daveigh chase": 1781723243.7363164,
  "bakambu": 1781723245.8065493,
  "σωτηρησ τσογκασ": 1781723248.736728,
  "αγγλια κροατια": 1781723250.8226264,
  "england vs croatia": 1781723253.1552083,
  "elustondo": 1781723255.3992867,
  "portugal vs congo": 1781723258.017977,
  "bernardo silva": 1781723260.1821167,
  "μπερνάρντο σίλβα": 1781723262.2531805,
  "cristiano ronaldo": 1781723264.4537284,
  "thomas tuchel": 1781731169.1402433,
  "γυμνάσιο": 1781731171.3398266,
  "perisic": 1781731173.2489855,
  "livakovic": 1781731175.1684625,
  "england world cup fixtures": 1781731177.4482274,
  "itv": 1781731179.3665402,
  "luka modric": 1781731181.5134199,
  "μοντριτσ": 1781731183.7387042,
  "itvx": 1781731185.9286497,
  "λοττο": 1781731187.8003561,
  "γκανα παναμασ": 1781736848.6764414,
  "fifa world cup 2026™": 1781736851.1167078,
  "kovacic": 1781736852.9466224,
  "pickford": 1781736855.3378398,
  "μπενιαμίν νετανιάχου": 1781736857.4693613,
  "αγιοσ ερωτασ επομενα επεισοδια": 1781736859.267916,
  "croatia fc": 1781736861.4905012,
  "spiderman brand new day": 1781736863.5500915
}