{
  "πωληση καε παναθηναικοσ": 1778197015.9832509,
  "τζοκερ 7 5 26": 1778197017.858463,
  "οδηγόσ": 1778214670.303526,
  "γιορτη τησ μητερασ 2026": 1778214672.7788286,
  "weather": 1778214675.1671712,
  "καιροσ σημερα": 1778214677.1769693,
  "σία κοσιώνη": 1778214680.2119496,
  "ζωδια σημερα": 1778214682.522445,
  "στοιχημα": 1778214684.8852708,
  "documento": 1778214687.801441,
  "conference league": 1778214690.7580004,
  "radio": 1778221108.8121648,
  "πάνοσ μουζουράκησ": 1778221111.1015134,
  "8 μαΐου": 1778221113.7632668,
  "e radio": 1778221116.0496678,
  "masterchef αποχωρηση": 1778221118.2721484,
  "lakers": 1778221120.9203725,
  "bangladesh vs pakistan": 1778221123.5353708,
  "λευκάδα": 1778221125.8242924,
  "ραδιο": 1778221128.139745,
  "κοζάνη": 1778227274.1242294,
  "bitcoin": 1778227276.4685962,
  "τεχνητό κώμα": 1778227278.8912828,
  "david attenborough": 1778227281.3685415,
  "metallica": 1778227283.8332105,
  "νοσοκομείο": 1778237949.3134837,
  "δέουσα επιμέλεια": 1778242268.2821167,
  "ημερα τησ μητερασ": 1778242270.9038484,
  "mothers day": 1778242273.921147,
  "πρωτοβάθμια εκπαίδευση": 1778242276.3357153,
  "ελάχιστο εγγυημένο εισόδημα": 1778249903.5890467,
  "αποτελέσματα κοινωνικού τουρισμού": 1778249906.0083609,
  "β εσσο 2026": 1778249909.2789848,
  "αιγινα": 1778255709.9637475,
  "ocean koi": 1778255712.2888684,
  "dc vs kkr": 1778255714.6279233,
  "κυριάκοσ πιερρακάκησ": 1778255717.3083105,
  "bsb": 1778255719.5932562,
  "παναγιώτησ αγγελόπουλοσ": 1778260049.6857708,
  "άννα μαρία βέλλη": 1778260052.0172844,
  "παο βαλενθια μπασκετ": 1778264494.4044726,
  "παναθηναικοσ μπασκετ σημερα": 1778264497.3979878,
  "panathinaikos vs valencia basket": 1778264499.7271032,
  "ζαλγκιρισ φενερ": 1778264502.32822,
  "ολυμπιακόσ σ.φ.π.": 1778264505.41848,
  "ufo": 1778264507.4430826,
  "παναθηναϊκόσ εναντίον βαλένθια μπάσκετ": 1778269955.0252774,
  "zalgiris": 1778269957.3166373,
  "zalgiris fener": 1778269959.422924,
  "flashscore": 1778269961.6139896,
  "χρήστοσ τριαντόπουλοσ": 1778269964.059896,
  "turkish airlines euroleague": 1778269966.2270901,
  "ερα σπορ": 1778269968.6958938,
  "παναθηναικοσ βαλενθια": 1778269971.0895903,
  "ακυλασ eurovision": 1778269973.5273988,
  "stoiximan": 1778269975.8694172,
  "sport24": 1778273582.1813593,
  "sportfm": 1778273585.0011668,
  "sport fm live": 1778273587.88478,
  "live score": 1778273590.3459985,
  "αθλητικα": 1778273592.7075524,
  "αφρικανική σκόνη": 1778273595.3538465,
  "jean montero": 1778273599.3462415,
  "discord down": 1778273601.3587599,
  "magnesia news": 1778273604.5861306,
  "υπουργείο": 1778273606.636089,
  "εργκίν αταμάν": 1778277270.2387402,
  "σπορτφμ": 1778277272.4755936,
  "μοντερο": 1778277274.765055,
  "is discord down": 1778277276.641009,
  "βαλένθια μπάσκετ": 1778280670.6250584
}