{
  "real madrid valencia": 1779477113.114285,
  "γιουλ": 1779477115.361789,
  "τατιάνα στεφανίδου": 1779477117.479506,
  "valencia": 1779477119.6495667,
  "φιορεντίνα εναντίον αταλάντα": 1779477122.0413857,
  "παρθενώνασ": 1779477124.9934707,
  "σαρπ αταμάν": 1779477127.0057127,
  "valencia basket vs real madrid": 1779477129.2283704,
  "الطقس غدًا": 1779477131.595839,
  "marlon": 1779477134.0158885,
  "john wick": 1779482958.6602857,
  "παναθηναϊκόσ": 1779482960.9055574,
  "garuba": 1779482963.107593,
  "ευλαμπία ρέβη": 1779482965.23199,
  "λανσ νισ": 1779482967.68572,
  "hezonja": 1779482969.77818,
  "ιμπραήμ κουτλουάι": 1779482971.8571439,
  "real bc": 1779482973.9305787,
  "σομμερ": 1779486710.6894507,
  "γκαρουμπα": 1779486713.0165133,
  "lens": 1779490336.9472022,
  "λανσ": 1779490338.7792158,
  "spurs vs thunder": 1779509080.801071,
  "agones": 1779509083.1174488,
  "ενικοσ": 1779509085.1382177,
  "γωγώ μαστροκώστα": 1779509087.36172,
  "γιώργοσ αλκαίοσ": 1779509089.8649468,
  "σέρχιο γιουλ": 1779518515.913495,
  "23 μαΐου": 1779518518.258761,
  "ημερομηνία": 1779518520.5328894,
  "πάτρα": 1779518522.7877538,
  "windy": 1779518525.1215167,
  "31 μαΐου": 1779518527.646971,
  "καιροσ αθηνα": 1779526454.8230603,
  "νέα ιωνία": 1779526457.175048,
  "μικρολιμανο": 1779526459.572467,
  "τεχνητή νοημοσύνη": 1779526462.247404,
  "σέρτζιο σκαριόλο": 1779526464.6927874,
  "ευρωπαϊκή εισαγγελία": 1779526466.7347593,
  "κύπροσ": 1779531811.961644,
  "iron maiden athens": 1779531814.1224082,
  "τηλεόραση": 1779536426.3988352,
  "ολυμπιακό στάδιο αθηνών": 1779540248.2687106,
  "μάργκοτ ρόμπι": 1779540250.7248626,
  "κρήτη": 1779540253.4053109,
  "μόνιμεσ θέσεισ εργασίασ": 1779540255.6415153,
  "lsg vs pbks": 1779545857.6931129,
  "εθνικό θέατρο": 1779545859.7087762,
  "βασίλησ σπανούλησ": 1779545861.7510295,
  "cnn": 1779545863.9806612,
  "αλίκη βουγιουκλάκη": 1779545866.238295,
  "kylie minogue": 1779545868.4965785,
  "α21": 1779545870.3578615,
  "τεντογλου": 1779545872.4504726,
  "συροσ": 1779550460.5961456,
  "μπολόνια εναντίον ίντερ": 1779550462.8496914,
  "ντορέττα παπαδημητρίου": 1779550465.2160406,
  "ισραήλ": 1779550467.7385216,
  "hull vs middlesbrough": 1779550469.7956517,
  "μαθητήσ": 1779550472.2751682,
  "δημήτρησ γιαννακόπουλοσ": 1779550474.7993505,
  "hull city": 1779550476.8723748,
  "εμπολα": 1779550479.1417158,
  "συνοριοφύλακασ": 1779550481.767461,
  "f1 tv": 1779554127.961395,
  "μάριοσ οικονόμου": 1779554130.312847,
  "αμαλία κωστοπούλου": 1779557964.0813808,
  "χαλ": 1779557966.3933475,
  "bayern – vfb stuttgart": 1779557968.6202636,
  "μπάγερν μονάχου εναντίον στουτγκάρδη": 1779557971.0018783,
  "πειραιασ": 1779557973.357953,
  "εναλλακτική για τη γερμανία": 1779557975.8324683,
  "survivor ελλάδασ": 1779557978.1595623,
  "championship": 1779557980.8802478,
  "άντζελα δημητρίου": 1779557983.1398249,
  "bologna vs inter": 1779557985.1044884
}