{
  "daily mail": 1784419419.7127104,
  "λαχειο": 1784419421.5609725,
  "fifa": 1784419424.1131797,
  "γιαννούλησ λαρεντζάκησ": 1784419426.6183312,
  "airbnb": 1784432722.327863,
  "bet 365": 1784432725.0582106,
  "google": 1784432727.667691,
  "στοίχημα κουπόνι": 1784432729.580491,
  "λαικο λαχειο": 1784432731.481037,
  "κιλιάν μπαπέ": 1784432734.073012,
  "kylian mbappé": 1784432735.9874866,
  "proto thema": 1784441815.8713458,
  "γκαζετα": 1784441820.5771077,
  "ανοιχτα μαγαζια κυριακη σουπερ μαρκετ": 1784441823.1718328,
  "19 ιουλίου": 1784441825.012635,
  "wetter": 1784441827.444199,
  "πληθωρισμόσ": 1784441830.2211857,
  "περιφερειακόσ θεσσαλονίκησ": 1784441832.838982,
  "bbc news": 1784441834.8157678,
  "franta anglia": 1784441836.7537348,
  "δήμοσ": 1784441838.8108227,
  "www.24sports.com.cy": 1784450168.9526083,
  "χηρεία": 1784450171.8845975,
  "spain vs argentina world cup 2026": 1784450174.4095793,
  "andrew tate": 1784450177.004632,
  "engeland frankrijk": 1784450179.1774013,
  "μαγαζια ανοιχτα κυριακη": 1784450181.4815238,
  "франция англия": 1784450183.586445,
  "αμοιβή": 1784455857.4762242,
  "αποταμίευση": 1784455859.721729,
  "tsitsipas": 1784455861.9411001,
  "φωτια σαλαμινα": 1784455864.5508933,
  "ελεάννα παπαϊωάννου": 1784455867.1418617,
  "more": 1784455869.830637,
  "επεσε το facebook": 1784455871.94138,
  "πρωτοσέλιδα εφημερίδων": 1784455874.6167984,
  "facebook": 1784455877.1687303,
  "19 ιουλίου γιορτή": 1784455879.0761921,
  "ζέτα μακρυπούλια": 1784460723.1383595,
  "zimbabwe vs bangladesh": 1784460725.137686,
  "απεργια ντελιβερι": 1784460728.0148873,
  "england vs india": 1784460730.0426068,
  "village cinemas": 1784460732.6414487,
  "stefanos tsitsipas": 1784460735.432067,
  "zidane": 1784464300.866149,
  "δημόσια υπηρεσία απασχόλησησ": 1784464302.960489,
  "μετοχή": 1784464305.5498798,
  "βουλγαρία": 1784470061.6082015,
  "δημήτρησ γιαννακόπουλοσ": 1784470063.8512464,
  "f1 live": 1784470066.608788,
  "αντ1": 1784470068.9019976,
  "f1 tv": 1784470071.4842355,
  "ανδρική ομάδα καλαθοσφαίρισησ παναθηναϊκού": 1784470074.191069,
  "ant1": 1784470076.9736326,
  "φωτια κορωπι": 1784473862.7973135,
  "κηδεία": 1784473865.1044252,
  "kings kangwa": 1784473867.498534,
  "ασθενοφόρο": 1784473869.7665234,
  "ένοπλεσ δυνάμεισ τησ ουκρανίασ": 1784473872.3439574,
  "κώστασ σλούκασ": 1784477503.3961303,
  "χάκερ": 1784477505.5763133,
  "νίκοσ χατζηνικολάου": 1784477507.4408338,
  "kimi antonelli": 1784477509.3282044,
  "πατημα κορωπιου": 1784477511.7024612,
  "φρουροί τησ ισλαμικήσ επανάστασησ": 1784481461.9108603,
  "protothema": 1784481464.207563,
  "tour de france 2026": 1784481466.5334141,
  "κρειτσικοβα": 1784484657.5542407,
  "άννα πρέλεβιτσ": 1784484659.9456584,
  "krejcikova": 1784484661.8749073,
  "ανδρέασ μικρούτσικοσ": 1784484664.4360054,
  "matt damon": 1784489632.3426027,
  "כאן 11": 1784489634.9157217,
  "zdf mediathek": 1784489637.2457082,
  "μουντιαλ 2030": 1784489639.4074938,
  "cucurella": 1784489641.2614849,
  "spanje - argentinië": 1784489643.4500954,
  "new jersey weather": 1784489645.8115146,
  "spain v argentina": 1784489648.206473,
  "κουκουρεγια": 1784489650.4598167,
  "messi age": 1784489652.6293483,
  "pele": 1784492748.3359802,
  "pique": 1784492750.4686484,
  "ωραιόκαστρο": 1784492752.3925183,
  "ted lasso": 1784492754.5613537,
  "πελε": 1784492756.9951577,
  "new jersey stadium": 1784492758.9848278,
  "lisandro martinez": 1784492761.1775334,
  "joselu": 1784492763.7447176,
  "λισάντρο μαρτίνεσ": 1784492766.2250369,
  "madonna age": 1784492768.470621,
  "enzo fernández": 1784496087.7296388,
  "emiliano martinez": 1784496090.187382,
  "sergio ramos": 1784496093.0487404,
  "έντσο φερνάντεσ": 1784496095.5899742,
  "εθνική ομάδα ποδοσφαίρου ανδρών τησ αργεντινήσ": 1784496098.0478306,
  "slavko vincic": 1784496100.7718322,
  "μουντιαλ σκορ": 1784496103.3052685,
  "laporte": 1784496105.8122857,
  "ispanya arjantin": 1784496108.399532,
  "ferran torres": 1784496110.6598854,
  "javier bardem": 1784503548.940212,
  "τραμπ": 1784503551.3078403,
  "πάου κουμπαρσί": 1784503553.355183,
  "gazzetta": 1784503555.5609882,
  "penelope cruz": 1784503557.8740041,
  "ramos": 1784503560.022037,
  "euro": 1784503562.493181,
  "προπονητησ αργεντινησ": 1784503564.6799347,
  "messi net worth": 1784503567.1140244,
  "euro 2028": 1784503569.7618294
}