{
  "άρησ σερβετάλησ": 1779134595.112435,
  "disney plus": 1779134596.923087,
  "μαστροκωστα": 1779134599.6015832,
  "σίλια κριθαριώτη": 1779134602.649122,
  "γενοκτονια ποντιων": 1779134605.5265944,
  "playstation": 1779134608.8396275,
  "arsenal vs burnley": 1779134611.6407974,
  "κάλυμνοσ": 1779134614.5634277,
  "jacob neestrup": 1779134617.3910837,
  "πρωτάθλημα αγγλίασ": 1779139342.8459516,
  "pep guardiola": 1779139345.8008895,
  "ουίλιαμ, πρίγκιπασ τησ ουαλίασ": 1779139348.759532,
  "γωγω μαστροκωστα": 1779139351.5055168,
  "γερμανία": 1779143476.8860724,
  "δωροθεα μερκουρη": 1779143479.8817334,
  "αρσεναλ μπερνλι": 1779143481.804615,
  "chennai super kings vs sunrisers hyderabad standings": 1779143484.597095,
  "ουέιντ μπάλντουιν": 1779169998.3589427,
  "weather": 1779170000.8756988,
  "μαρία μπεκατώρου": 1779170003.7814226,
  "nba": 1779170006.3592465,
  "τράπεζα": 1779170009.0174022,
  "masterchef": 1779170011.548468,
  "πορτο λεονε": 1779170013.42452,
  "πασ γιάννινα": 1779170016.129788,
  "neymar": 1779170018.0169523,
  "βανουάτου": 1779183133.6828895,
  "γιόνασ βαλαντσιούνασ": 1779183136.2272604,
  "θοδωρήσ αθερίδησ": 1779183139.0584342,
  "συνδικάτο": 1779183140.9790614,
  "πολιτική": 1779183143.4894974,
  "εισαγγελέασ του αρείου πάγου": 1779193656.4334476,
  "οσμη αεριου": 1779193659.24362,
  "εισιτήριο": 1779193661.9447024,
  "mango": 1779193664.9555445,
  "ντόναλντ τραμπ": 1779193668.0155892,
  "thunder vs spurs": 1779193670.7089136,
  "τσάμπι αλόνσο": 1779206255.5469391,
  "ζέλικο ομπράντοβιτσ": 1779206257.4194148,
  "οικογένεια": 1779206260.0857959,
  "μιχάλησ μαρίνοσ": 1779206262.6211967,
  "lsg vs rr": 1779206265.2835236,
  "κίνα": 1779206267.758045,
  "μαργαρίτα μυτιληναίου": 1779206270.3059397,
  "λαζαροσ ροτα": 1779206273.24569,
  "έβελυν ασουάντ": 1779206275.9016685,
  "bournemouth vs man city": 1779213938.3481567,
  "μπόρνμουθ εναντίον μάντσεστερ σίτι": 1779213941.1349008,
  "καιρόσ αθήνα": 1779213943.8860362,
  "καιροσ αθηνα": 1779213946.6389394,
  "σία κοσιώνη": 1779213949.220501,
  "ιβάν σαββίδησ": 1779213952.3557277,
  "βενσάν κασέλ": 1779213954.980399,
  "ζαν μοντέρο": 1779213957.670498,
  "ρομάν γιάρεμτσουκ": 1779213960.3340123,
  "red dead redemption 2": 1779213962.944525,
  "αλμπάν λαφόν": 1779220949.519,
  "πρωτάθλημα ποδοσφαίρου ελλάδασ": 1779220952.062477,
  "μαρόκο": 1779220954.8623548,
  "premier league": 1779220957.6780963,
  "τριαντάφυλλοσ τσάπρασ": 1779220960.2335632,
  "σαρούνασ γιασικεβίτσιουσ": 1779220962.8485422,
  "δήμοσ καλαμαριάσ": 1779220965.38418,
  "southampton": 1779220967.2123756,
  "chelsea vs spurs": 1779220969.0887349
}