{
  "συνταξιοδότηση": 1782569300.5286884,
  "εξετάσεισ": 1782569302.9770474,
  "μετρό": 1782569305.3625445,
  "ηράκλειο": 1782569307.3276827,
  "μηχανογραφικό δελτίο": 1782574612.0511336,
  "κρουαζιέρα": 1782574614.6138515,
  "οπεκεπε πληρωμέσ αγροτών": 1782578588.4686177,
  "κηδεία": 1782578590.8096178,
  "ανδρική ομάδα καλαθοσφαίρισησ ολυμπιακού σφπ": 1782578593.0991604,
  "χάιμε πραντίγια": 1782578595.62341,
  "όπλο": 1782578597.8105674,
  "πανσεληνοσ ιουνιου 2026": 1782586509.4421973,
  "μπόγκνταν μπογκντάνοβιτσ": 1782586512.4344704,
  "αεκ": 1782586514.653994,
  "αφγανιστάν": 1782586516.793961,
  "εθνική οδόσ αθηνών λαμίασ": 1782586519.353835,
  "λοττο": 1782590707.2365007,
  "τάιλερ ντόρσεϊ": 1782590709.2422495,
  "χρέοσ": 1782590711.650479,
  "κροατία εναντίον γκάνα": 1782595005.6786504,
  "croatia vs ghana": 1782595007.9946923,
  "panama vs england": 1782595009.9804451,
  "παναμάσ εναντίον αγγλία": 1782595012.355605,
  "φόρμουλα 1": 1782595014.657225,
  "μαρία σάκκαρη": 1782595017.0455687,
  "σύζυγοσ": 1782598703.1115708,
  "κώστασ παπανικολάου": 1782598705.4068444,
  "fifa world cup standings": 1782603070.0036101,
  "colombia vs portugal": 1782603072.2091722,
  "κολομβία εναντίον πορτογαλία": 1782603074.8375084,
  "england v panama": 1782603077.287849,
  "portugal fc": 1782610621.2139444,
  "ελένη τσολάκη": 1782610623.4633758,
  "γιορτη σημερα": 1782626395.6294296,
  "ποιοσ γιορτάζει σήμερα": 1782626398.2514002,
  "χαλκιδική": 1782626400.505661,
  "wm": 1782626402.7822332,
  "φαίη σκορδά": 1782626405.0063007,
  "ζευγαρια 32 μουντιαλ": 1782626407.2855895,
  "england world cup fixtures": 1782626409.2066708,
  "λιονέλ μέσι": 1782626411.3283312,
  "bbc sport": 1782626413.2411466,
  "algeria vs austria": 1782626415.1560318,
  "bangladesh vs zimbabwe": 1782638472.808838,
  "λευκάδα": 1782638475.204948,
  "φωτιά": 1782638477.3977468,
  "μόουζεσ ράιτ": 1782638479.611791,
  "ανοιχτα μαγαζια κυριακη": 1782638481.540528,
  "28 ιουνιου γιορτη": 1782638483.4571471,
  "lucas trejo": 1782645527.5980442,
  "λιβύη": 1782645529.6031203,
  "φορολογία": 1782645531.8520877,
  "οικονομακου λασκαρακη": 1782650830.0095453
}