{
  "brazil norway": 1783277231.9267259,
  "naomi osaka": 1783277233.9872904,
  "μπουρδουμησ": 1783281707.3830926,
  "μαξ φερστάπεν": 1783281709.4964974,
  "brazil vs norway": 1783281711.792457,
  "βραζιλία εναντίον νορβηγία": 1783281713.6621227,
  "fly athens": 1783281715.9139829,
  "μαρια αντωνογιαννακη": 1783281718.1160102,
  "bruno guimaraes": 1783286119.3399928,
  "braut haaland": 1783286121.3489256,
  "brésil – norvège": 1783286123.7100096,
  "brasile norvegia": 1783286126.136141,
  "brasilien – norwegen": 1783286128.186294,
  "ertflix": 1783286130.2125676,
  "παγκράτι": 1783286132.7048724,
  "neymar jr": 1783289671.9582348,
  "nyland": 1783289674.2374442,
  "κωνσταντίνοσ μαγκλάρασ": 1783289676.3426397,
  "έρλινγκ χάλαντ": 1783289678.58114,
  "neymar": 1783289680.6484873,
  "tom francis": 1783289682.4933217,
  "bruno guimarães": 1783289684.3034143,
  "mexico vs england": 1783294139.5552664,
  "your face sounds familiar": 1783294141.5083852,
  "fifa world cup 2026™": 1783294143.477835,
  "μεξικο αγγλια": 1783294145.6753917,
  "fifa": 1783294147.9017608,
  "brasil": 1783294150.2946262,
  "england v mexico": 1783300552.8186066,
  "bbc iplayer": 1783300554.898682,
  "φιφα": 1783316263.9243615,
  "shell": 1783316266.1273901,
  "αποτελεσματα μουντιαλ": 1783316268.265188,
  "mexico fc": 1783316270.5374153,
  "μεξικό εναντίον αγγλία": 1783316272.590619,
  "σελήνη": 1783330774.5209377,
  "ντορέττα παπαδημητρίου": 1783330776.7999835,
  "f-35 lightning ii": 1783330778.8603168,
  "κυκλοφορία": 1783330780.986507,
  "iron bird seed": 1783330783.3400881,
  "fifa world cup games": 1783330785.4547813,
  "england world cup fixtures": 1783330787.8250546,
  "ισπανια πορτογαλια": 1783344467.344838,
  "δημόσια υπηρεσία απασχόλησησ": 1783344469.6310823,
  "ελένη μενεγάκη": 1783344471.7777765,
  "εθνική ομάδα ποδοσφαίρου ανδρών τησ ελλάδασ": 1783344473.9295235,
  "ευρώ": 1783344476.2429655,
  "ανεργία": 1783344478.5660443,
  "ακίνητη περιουσία": 1783344480.7505147,
  "βικτώρια δέλλα": 1783355778.6090164,
  "jota silva": 1783355780.9593966,
  "δεξαμενόπλοιο": 1783355782.907875,
  "νόμοσ κατρούγκαλου": 1783355784.857376,
  "νίκολα μίροτιτσ": 1783362517.9930105,
  "υπουργείο παιδείασ, θρησκευμάτων και αθλητισμού": 1783362519.9028912,
  "λητή": 1783362522.1402967,
  "portugal spain": 1783362523.9757438,
  "θάνατοσ": 1783362526.1921098,
  "μάριοσ θεμιστοκλέουσ": 1783362528.4092357
}