{
  "βικτώρια δέλλα": 1783355778.6090164,
  "jota silva": 1783355780.9593966,
  "δεξαμενόπλοιο": 1783355782.907875,
  "νόμοσ κατρούγκαλου": 1783355784.857376,
  "νίκολα μίροτιτσ": 1783362517.9930105,
  "υπουργείο παιδείασ, θρησκευμάτων και αθλητισμού": 1783362519.9028912,
  "λητή": 1783362522.1402967,
  "portugal spain": 1783362523.9757438,
  "θάνατοσ": 1783362526.1921098,
  "μάριοσ θεμιστοκλέουσ": 1783362528.4092357,
  "unai simon": 1783369522.010445,
  "nuno mendes": 1783369524.2995965,
  "portugal – espagne": 1783369526.4406493,
  "πάτρα": 1783369528.7688792,
  "portugal spanien": 1783369530.812475,
  "ροναλντο": 1783369533.2170515,
  "cosmote tv": 1783369535.5659232,
  "zdf": 1783369537.860957,
  "yamal": 1783369540.2185743,
  "τόμασ γουόκαπ": 1783374811.9561892,
  "euro": 1783374814.349526,
  "δήμοσ": 1783374816.7055552,
  "ferran torres": 1783374819.1688838,
  "εθνική ομάδα ποδοσφαίρου ανδρών τησ ισπανίασ": 1783374821.8834686,
  "bruno fernandes": 1783374823.887888,
  "javier bardem": 1783374826.1725442,
  "portugal espagne": 1783374828.1072206,
  "dani olmo": 1783374830.3155618,
  "rodri": 1783374832.5293407,
  "φάλαινα": 1783378843.8088553,
  "δημήτρησ γιαννακόπουλοσ": 1783378846.1377017,
  "lauren bennett": 1783378848.4056954,
  "αργεντινη αιγυπτοσ": 1783378850.6871212,
  "world cup matches": 1783378853.0862575,
  "ηπα εναντίον βέλγιο": 1783383436.892717,
  "balogun": 1783383438.7141452,
  "usa vs belgium": 1783383440.532643,
  "κατώτατοσ μισθόσ": 1783398418.0909193,
  "ηπα βελγιο": 1783398420.1701443,
  "μηχανογραφικο 2026": 1783411059.3175738,
  "ρετζέπ ταγίπ ερντογάν": 1783411061.160439,
  "7 ιουλίου γιορτή": 1783411063.0003204,
  "αποτελεσματα μουντιαλ": 1783411065.1429245,
  "belgium usa": 1783411067.2297447,
  "εβε": 1783421781.034104,
  "δικαστική αστυνομία": 1783421783.2185874,
  "isaac bonga": 1783421785.5630383,
  "υπουργείο παιδείασ": 1783421787.8393168,
  "ρομπέρτο μαρτίνεθ": 1783421790.091073,
  "πανελλήνιεσ εξετάσεισ": 1783421791.9756758,
  "jannik sinner": 1783430203.9751878,
  "τραμπ": 1783430206.2585986,
  "ερντογάν": 1783430208.5820937,
  "χειρουργείο": 1783430211.0625408,
  "καλιφόρνια": 1783430213.64177,
  "γιορτη σημερα 7 ιουλιου": 1783430215.5837002,
  "αργεντινή εναντίον αίγυπτοσ": 1783439852.9980657,
  "argentina vs egypt": 1783439855.251075,
  "παοκ": 1783439857.5557811,
  "διαμαντιδησ": 1783439859.781361,
  "nigel farage": 1783439862.3230076,
  "αγόρι": 1783439864.5888972,
  "νατάσα θεοδωρίδου": 1783439866.8596277
}