{
  "μαρία αντωνά": 1784033139.9506726,
  "βρέφοσ": 1784033142.3732965,
  "τροχαίο ατύχημα": 1784033144.7262967,
  "δυπα": 1784039367.7826757,
  "βασίλησ τολιόπουλοσ": 1784039369.9799752,
  "φρανσίσκο τρινκάο": 1784039372.3435266,
  "ανδρέασ παναγιωτόπουλοσ": 1784039374.5544188,
  "βασιλικα φωτια": 1784039376.7967288,
  "ισπανια γαλλια": 1784044752.7223542,
  "κηδεία": 1784044754.710301,
  "stefanos tsitsipas": 1784044756.6862729,
  "ηθοποιόσ": 1784044759.3302057,
  "μαρία ηλιάκη": 1784044761.6842647,
  "λιονέλ μέσι": 1784044763.8689513,
  "οσδε 2026": 1784044766.1981936,
  "συνταξεισ": 1784044768.467236,
  "νύφη": 1784044771.0117764,
  "juancho hernangomez": 1784049500.3142989,
  "εθνική οδόσ αθηνών λαμίασ": 1784049502.7091851,
  "χουαντσο": 1784049505.0227046,
  "οσια ξενη φωτια": 1784049507.1673357,
  "γαλλία εναντίον ισπανία": 1784053981.5233731,
  "france vs spain": 1784053983.8683279,
  "france espagne": 1784053985.7792287,
  "fifa fußball-weltmeisterschaft 2026": 1784053988.3345168,
  "h&m": 1784053990.8655856,
  "οσια ξενη": 1784053992.847701,
  "κώδικασ οδικήσ κυκλοφορίασ": 1784053995.2336097,
  "cucurella": 1784058769.9166512,
  "javier bardem": 1784058772.2378638,
  "francja – hiszpania": 1784058774.1262295,
  "ertflix": 1784058776.21306,
  "oyarzabal": 1784058778.7999752,
  "κρήτη": 1784058781.4766421,
  "antena 1 live": 1784058783.9969325,
  "lucas digne": 1784058786.3940465,
  "olise": 1784058789.088876,
  "zdf mediathek": 1784058791.8006637,
  "timothee chalamet": 1784062401.2967079,
  "pedri": 1784062403.1842031,
  "spain fc": 1784062405.9159186,
  "infantino": 1784062407.8174095,
  "david beckham": 1784062410.2551255,
  "dassault rafale": 1784062412.7123117,
  "unai simon": 1784062415.487858,
  "επιδημία": 1784062418.0208478,
  "usain bolt": 1784062419.9299915,
  "כאן 11": 1784062422.1326427,
  "χαλ σίτι": 1784065922.6855018,
  "κιλιάν μπαπέ": 1784065925.252085,
  "ντόναλντ τραμπ": 1784065928.1576347,
  "στατιστικά μουντιάλ": 1784065930.9417799,
  "cees geel": 1784065933.4979503,
  "λαμίν γιαμάλ": 1784065936.340241,
  "argentina england": 1784065938.8257873,
  "de la fuente": 1784065941.2622674,
  "ντάριο σίμιτσ": 1784065943.760444,
  "εμπαπε": 1784065946.390382,
  "heridas": 1784069513.8934133,
  "τελικοσ μουντιαλ": 1784072734.5934207,
  "ai": 1784077292.8249905,
  "mountial": 1784077295.3157048,
  "gemini": 1784088841.304038,
  "chatgpt": 1784088843.1308632,
  "νέα σελήνη": 1784096960.3400242,
  "flight fr4007 diverted to paris": 1784096962.621821,
  "αεροσκάφοσ": 1784096964.9577005,
  "γιόνασ βαλαντσιούνασ": 1784096967.0056636,
  "15 ιουλίου": 1784096969.284154,
  "σκόπελοσ": 1784096971.712492,
  "εθνική τράπεζα": 1784096973.555729,
  "αγία παρασκευή": 1784105718.3764164,
  "λοιπο επικουρικο προσωπικο": 1784105720.5418613,
  "μάρω κοντού": 1784105722.971956,
  "cnn": 1784105725.549215,
  "airbnb": 1784112225.8472967,
  "πυροσβεστική ακαδημία - σχολή πυροσβεστών": 1784112227.6936784,
  "συμβούλιο τησ επικρατείασ τησ ελλάδασ": 1784112229.7323875,
  "ενοικίου": 1784112231.849687,
  "μαρω κοντου": 1784112233.9622533,
  "ισθμόσ": 1784117154.2600312,
  "εξαφάνιση": 1784117157.0621467,
  "κυψέλη": 1784117159.677856,
  "ορμπελίν πινέδα": 1784117162.8133252,
  "μελιδοχωρι": 1784117165.3458624,
  "μεταφορικό ισοδύναμο": 1784117167.9593735
}