{
  "eurocup": 1783515552.0097606,
  "νίκοσ οικονομόπουλοσ": 1783515554.470123,
  "αργοσ": 1783515556.8942115,
  "καιροσ αθηνα": 1783524280.8685133,
  "λύκειο": 1783524283.4630215,
  "ουκρανία": 1783524286.062501,
  "γιώργοσ μπαρτζώκασ": 1783524288.4797916,
  "γιώργοσ αγγελόπουλοσ": 1783524290.7407997,
  "παύλοσ πολάκησ": 1783524292.7828293,
  "ολυμπιακοσ": 1783529722.8665037,
  "επιταγή": 1783529725.2138562,
  "αχμέτ νταβούτογλου": 1783529727.339822,
  "ολυμπιακόσ": 1783529729.5372405,
  "πυροσβεστικό σώμα ελλάδασ": 1783529731.8612595,
  "καιροσ": 1783529734.2070165,
  "κούλλησ νικολάου": 1783529736.8894932,
  "arthur fery": 1783529739.6189039,
  "κατερίνα βρανά": 1783529742.2802567,
  "weather tomorrow": 1783534439.5798354,
  "αγγλία": 1783534442.252651,
  "wimbledon 2026": 1783534445.0626066,
  "δάνειο": 1783534447.5344748,
  "εξαφάνιση": 1783534449.7955625,
  "λαικο λαχειο": 1783540588.2540975,
  "mega live": 1783540590.4459617,
  "ferrari": 1783540592.641908,
  "εργοστάσιο": 1783540595.0198567,
  "μουντιαλ σημερα": 1783540597.4710174,
  "الطقس غدًا": 1783540600.4125226,
  "погода завтра": 1783540602.2892864,
  "ο καιρόσ αύριο": 1783540604.6874614,
  "fenerbahçe - admira": 1783540606.637065,
  "yarınki hava durumu": 1783540609.3752677,
  "taken": 1783544632.6639462,
  "το σοι σου": 1783544635.1570542,
  "αελ": 1783544637.720793,
  "λοττο": 1783544639.643068,
  "στοίχημα κουπόνι": 1783544642.1795347,
  "γαλλια μαροκο": 1783544644.666692,
  "γη τησ ελιασ": 1783548888.7549622,
  "το σπίτι δίπλα στο ποτάμι": 1783548890.8988106,
  "το σπιτι διπλα στο ποταμι": 1783548893.3433416,
  "ρουβασ ζυγουλη": 1783548895.8791625,
  "ετεροσ εγω": 1783548898.1620586,
  "μιλγουόκι μπακσ": 1783553474.732358,
  "ζησησ στυλιανοσ": 1783553477.1110916,
  "καιροσ θεσσαλονικη": 1783559557.521811,
  "météo": 1783573688.4857693,
  "αθλητικεσ μεταδοσεισ": 1783573690.9459462,
  "καιρόσ": 1783573693.1382344,
  "الطقس": 1783573695.2541227,
  "μετεο": 1783573697.5681639,
  "ζώδιο": 1783573700.1051462,
  "weather": 1783573702.536728,
  "погода": 1783573704.8919537,
  "времето": 1783573706.7974658,
  "hava durumu": 1783573708.9404147,
  "παολα ρεβενιωτη": 1783586431.720287,
  "zimbabwe vs bangladesh": 1783586433.9095175,
  "ααδε": 1783586436.5171359,
  "jota silva": 1783586438.4191055,
  "σισμανογλειο": 1783586440.96381,
  "έκρηξη": 1783586443.6305902,
  "πρωτοθεμα": 1783586446.4760475,
  "alpha bank": 1783586448.6579473,
  "capital": 1783586451.1262078,
  "πρωτο θεμα": 1783586453.1684728,
  "μπόνι τάιλερ": 1783597009.9377663,
  "bonnie tyler": 1783597012.228021,
  "πρόστιμο": 1783597014.6525943,
  "9 ιουλιου γιορτη": 1783597016.4915507,
  "ricardo mangas": 1783597018.5507648
}