{
  "germany fc": 1782769322.487409,
  "zdf live": 1782769324.5621283,
  "deutschland – paraguay": 1782769326.614521,
  "from season 5": 1782769328.6330464,
  "bogdan bogdanovic": 1782772868.3190558,
  "deutschland paraguay": 1782772870.305432,
  "neuer": 1782776610.512278,
  "netherlands vs morocco": 1782784252.9790263,
  "mundial": 1782784255.084953,
  "world cup 2026": 1782784257.2090378,
  "αγώνεσ μουντιάλ": 1782784259.0223463,
  "ημερησία": 1782799522.910018,
  "ανεξάρτητη αρχή δημοσίων εσόδων": 1782799524.9103954,
  "βουλευτήσ": 1782799526.7300425,
  "δανία": 1782799528.756436,
  "30 ιουνίου": 1782799530.9178128,
  "μαροκο ολλανδια": 1782799533.2362611,
  "30 ιουνιου γιορτη": 1782799535.3855925,
  "هولندا ضد المغرب": 1782799537.4929454,
  "αποτελέσματα μουντιάλ": 1782799539.3217719,
  "gakpo": 1782799541.4052699,
  "μετρητά": 1782813451.5210094,
  "2025": 1782813453.7528532,
  "sdna": 1782813456.1573348,
  "πρωτοπρεσβύτεροσ": 1782813458.393403,
  "ασεπ": 1782821312.2417443,
  "πετραλωνα": 1782821314.4354725,
  "gerasimos papadopoulos": 1782821316.563177,
  "asep": 1782821318.701659,
  "a21": 1782830441.509252,
  "antonio miguel cardoso": 1782830443.5958521,
  "φωτια θεσσαλονικη τωρα": 1782830445.913717,
  "σταματίνα τσιμτσιλή": 1782830447.7378254,
  "άλεκ πίτερσ": 1782830449.8232543,
  "φοιτητικο στεγαστικο επιδομα 2026": 1782830451.9456286,
  "news": 1782830453.9696853,
  "α21": 1782838485.75578,
  "skai": 1782838487.8612893,
  "υπάλληλοσ": 1782845527.675771,
  "mountial": 1782845529.6795769,
  "ο καιρόσ αύριο": 1782845532.1659064,
  "κορινθία": 1782845534.6650655,
  "времето утре": 1782845536.7033596,
  "vremea de mâine": 1782845539.0438724,
  "ρίκι ρούμπιο": 1782845541.5919518,
  "côte d'ivoire vs norway": 1782845543.8677456,
  "lebron james": 1782845546.2984726,
  "γαλλία εναντίον σουηδία": 1782852842.6744926,
  "τότεναμ χότσπερ": 1782852844.7817028,
  "7 ιουλίου": 1782852846.9566097,
  "λούκα γιόβιτσ": 1782852849.1108003,
  "ασφάλεια": 1782852851.707106,
  "5κ 2026": 1782852853.8890076,
  "γαλλια σουηδια": 1782852856.1030676,
  "γιάννησ βαρδινογιάννησ": 1782852858.379707,
  "serena williams": 1782852860.92622
}