{
  "sport24": 1778273582.1813593,
  "sportfm": 1778273585.0011668,
  "sport fm live": 1778273587.88478,
  "live score": 1778273590.3459985,
  "αθλητικα": 1778273592.7075524,
  "αφρικανική σκόνη": 1778273595.3538465,
  "jean montero": 1778273599.3462415,
  "discord down": 1778273601.3587599,
  "magnesia news": 1778273604.5861306,
  "υπουργείο": 1778273606.636089,
  "εργκίν αταμάν": 1778277270.2387402,
  "σπορτφμ": 1778277272.4755936,
  "μοντερο": 1778277274.765055,
  "is discord down": 1778277276.641009,
  "βαλένθια μπάσκετ": 1778280670.6250584,
  "σπορτ24": 1778284288.2879817,
  "οι αθωοι": 1778284290.6588848,
  "sdna": 1778284292.8666182,
  "sport 24": 1778292900.332127,
  "gazzetta": 1778292902.733625,
  "9 μαΐου": 1778304657.3488958,
  "εφημεριδεσ": 1778304659.1965375,
  "eurojackpot": 1778304661.8644247,
  "η καθημερινή": 1778304663.7231033,
  "λογαριασμόσ καταθέσεων": 1778311585.2474704,
  "bangladesh vs pakistan": 1778311587.562879,
  "πρωτοσέλιδα εφημερίδων": 1778311589.9721646,
  "προκηρυξη ιατρων εσυ 2026": 1778311592.3148522,
  "οακα": 1778317055.0779903,
  "πανεπιστήμιο": 1778317057.31681,
  "συναυλια μεταλλικα": 1778321127.8535957,
  "οικονομικόσ ταχυδρόμοσ": 1778321130.320487,
  "marcus foster": 1778321132.6206405,
  "περιφερειακόσ θεσσαλονίκησ": 1778321134.8677602,
  "λίβερπουλ εναντίον τσέλσι": 1778324958.2932882,
  "18 μαΐου": 1778324961.3443081,
  "νέα σελήνη": 1778327939.1452484,
  "azan awais": 1778327941.8926406,
  "γιάννησ αντετοκούνμπο": 1778327944.1693666,
  "αελ εναντίον αστέρασ τρίπολησ": 1778333162.6478348,
  "στουτγκάρδη εναντίον λεβερκούζεν": 1778333164.9078467,
  "μιλγουόκι μπακσ": 1778333167.120531,
  "ποδηλατικοσ γυροσ ελλαδασ 2026": 1778333169.648397,
  "λιβερπουλ": 1778333172.2056024,
  "πανσερραϊκόσ εναντίον κηφισιά": 1778333175.4983087,
  "liverpool": 1778333177.732133,
  "φούλαμ εναντίον μπόρνμουθ": 1778337222.2469997,
  "σεβίλλη εναντίον εσπανιόλ βαρκελώνησ": 1778337224.700037,
  "sport24.gr": 1778337227.17631,
  "κοινή αγροτική πολιτική": 1778337229.6716595,
  "μπράιτον εναντίον γουλβσ": 1778337231.6272318,
  "sunderland vs man united": 1778337233.8312182,
  "σαντορίνη": 1778337236.2741828,
  "σάντερλαντ εναντίον μάντσεστερ γιουνάιτεντ": 1778337238.2147093,
  "gt vs rr": 1778340729.789267,
  "brighton vs wolves": 1778340732.3528867,
  "man city vs brentford": 1778344350.7418478,
  "αλάσκα": 1778344355.6404808,
  "τηλεοπτικό πρόγραμμα": 1778344358.515781,
  "ατρόμητοσ εναντίον παναιτωλικόσ": 1778344360.800335,
  "βόλφσμπουργκ εναντίον μπάγερν μονάχου": 1778344363.8653605,
  "μάντσεστερ σίτι εναντίον μπρέντφορντ": 1778344366.2926085,
  "λάτσιο εναντίον ίντερ": 1778344368.4597683,
  "αγωγή": 1778344370.628955,
  "adele": 1778347970.2432604,
  "τενεριφη": 1778347973.5226588,
  "galatasaray": 1778347975.9014318,
  "gazzetta.gr": 1778347978.3164418,
  "παοκ παναθηναϊκόσ βόλεϊ": 1778347980.7274184,
  "wolfsburg – bayern": 1778347986.452042,
  "ρεάλ σοσιεδάδ εναντίον μπέτισ": 1778351723.6161554,
  "λέτσε εναντίον γιουβέντουσ": 1778351726.6194715,
  "ζαχαρατοσ": 1778351728.9417055,
  "πάνοσ μουζουράκησ": 1778351731.25539,
  "aek bc": 1778351733.508724,
  "ρουβασ": 1778351736.1434927,
  "fenerbahçe": 1778351738.7867749,
  "rytas": 1778355772.6084006,
  "τακησ ζαχαρατοσ": 1778355774.5950058,
  "ναυπακτία": 1778358507.3807094,
  "γάμοσ": 1778358509.6356988,
  "δανάη παππά": 1778358512.2075396,
  "λιονέλ μέσι": 1778358516.4031065,
  "aek rytas": 1778358518.6280794,
  "17 μαΐου": 1778358521.4821782,
  "fcn – schalke": 1778358523.6455884
}