{
  "εξαφάνιση": 1780215054.9623182,
  "kino": 1780215057.7109866,
  "θεμα": 1780215060.111956,
  "yahoo": 1780215062.0681248,
  "outlook": 1780215065.1329646,
  "exxon mobil": 1780215067.0991178,
  "phishing": 1780215069.051192,
  "ρόμπερτ ντε νίρο": 1780215071.4602225,
  "χρηματιστήριο": 1780215073.8888512,
  "η καθημερινή": 1780215076.3485126,
  "open tv": 1780223147.939105,
  "στοίχημα κουπόνι": 1780223150.376138,
  "λαχειο": 1780223152.6427476,
  "αθήνα": 1780223154.939349,
  "olympiacos bc tickets": 1780223157.3352072,
  "μετεωρίτησ": 1780223159.8445694,
  "astrology": 1780223161.6462872,
  "βίκυ κάβουρα": 1780223164.0621164,
  "ντένισ σρέντερ": 1780228527.251475,
  "μαθητήσ": 1780228529.6130157,
  "πλοίο": 1780228532.2580287,
  "στοιχημα καζινο": 1780228534.9156516,
  "casino": 1780228537.3602521,
  "online casino ελλαδα": 1780233884.769982,
  "newsit": 1780239545.454443,
  "ειδησεισ": 1780239548.2247665,
  "kathimerini": 1780244047.1437593,
  "programma tv": 1780244049.656959,
  "dete": 1780244051.631473,
  "games": 1780248714.2558668,
  "νεοελληνικη γλωσσα": 1780248716.9091144,
  "bbc news": 1780248719.650884,
  "καθημερινη": 1780248721.5801408,
  "αγιου πνευματοσ 2026": 1780257395.1132398,
  "dua lipa": 1780257396.9295962,
  "τζενη μπαλατσινου": 1780257399.359044,
  "λαϊκό λαχείο": 1780257401.7165527,
  "world cup 2026": 1780257404.2374911,
  "μπαλατσινου": 1780261022.6388464,
  "πανσεληνοσ μαιου 2026": 1780261024.8845105,
  "blue moon": 1780264709.959726,
  "french open 2026": 1780264712.382664,
  "οι αθωοι": 1780291083.4530623,
  "gossip": 1780291085.9637187
}