{
  "αιγινα": 1778255709.9637475,
  "ocean koi": 1778255712.2888684,
  "dc vs kkr": 1778255714.6279233,
  "κυριάκοσ πιερρακάκησ": 1778255717.3083105,
  "bsb": 1778255719.5932562,
  "παναγιώτησ αγγελόπουλοσ": 1778260049.6857708,
  "άννα μαρία βέλλη": 1778260052.0172844,
  "παο βαλενθια μπασκετ": 1778264494.4044726,
  "παναθηναικοσ μπασκετ σημερα": 1778264497.3979878,
  "panathinaikos vs valencia basket": 1778264499.7271032,
  "ζαλγκιρισ φενερ": 1778264502.32822,
  "ολυμπιακόσ σ.φ.π.": 1778264505.41848,
  "ufo": 1778264507.4430826,
  "παναθηναϊκόσ εναντίον βαλένθια μπάσκετ": 1778269955.0252774,
  "zalgiris": 1778269957.3166373,
  "zalgiris fener": 1778269959.422924,
  "flashscore": 1778269961.6139896,
  "χρήστοσ τριαντόπουλοσ": 1778269964.059896,
  "turkish airlines euroleague": 1778269966.2270901,
  "ερα σπορ": 1778269968.6958938,
  "παναθηναικοσ βαλενθια": 1778269971.0895903,
  "ακυλασ eurovision": 1778269973.5273988,
  "stoiximan": 1778269975.8694172,
  "sport24": 1778273582.1813593,
  "sportfm": 1778273585.0011668,
  "sport fm live": 1778273587.88478,
  "live score": 1778273590.3459985,
  "αθλητικα": 1778273592.7075524,
  "αφρικανική σκόνη": 1778273595.3538465,
  "jean montero": 1778273599.3462415,
  "discord down": 1778273601.3587599,
  "magnesia news": 1778273604.5861306,
  "υπουργείο": 1778273606.636089,
  "εργκίν αταμάν": 1778277270.2387402,
  "σπορτφμ": 1778277272.4755936,
  "μοντερο": 1778277274.765055,
  "is discord down": 1778277276.641009,
  "βαλένθια μπάσκετ": 1778280670.6250584,
  "σπορτ24": 1778284288.2879817,
  "οι αθωοι": 1778284290.6588848,
  "sdna": 1778284292.8666182,
  "sport 24": 1778292900.332127,
  "gazzetta": 1778292902.733625,
  "9 μαΐου": 1778304657.3488958,
  "εφημεριδεσ": 1778304659.1965375,
  "eurojackpot": 1778304661.8644247,
  "η καθημερινή": 1778304663.7231033,
  "λογαριασμόσ καταθέσεων": 1778311585.2474704,
  "bangladesh vs pakistan": 1778311587.562879,
  "πρωτοσέλιδα εφημερίδων": 1778311589.9721646,
  "προκηρυξη ιατρων εσυ 2026": 1778311592.3148522,
  "οακα": 1778317055.0779903,
  "πανεπιστήμιο": 1778317057.31681,
  "συναυλια μεταλλικα": 1778321127.8535957,
  "οικονομικόσ ταχυδρόμοσ": 1778321130.320487,
  "marcus foster": 1778321132.6206405,
  "περιφερειακόσ θεσσαλονίκησ": 1778321134.8677602,
  "λίβερπουλ εναντίον τσέλσι": 1778324958.2932882,
  "18 μαΐου": 1778324961.3443081,
  "νέα σελήνη": 1778327939.1452484,
  "azan awais": 1778327941.8926406,
  "γιάννησ αντετοκούνμπο": 1778327944.1693666,
  "αελ εναντίον αστέρασ τρίπολησ": 1778333162.6478348,
  "στουτγκάρδη εναντίον λεβερκούζεν": 1778333164.9078467,
  "μιλγουόκι μπακσ": 1778333167.120531,
  "ποδηλατικοσ γυροσ ελλαδασ 2026": 1778333169.648397,
  "λιβερπουλ": 1778333172.2056024,
  "πανσερραϊκόσ εναντίον κηφισιά": 1778333175.4983087,
  "liverpool": 1778333177.732133,
  "φούλαμ εναντίον μπόρνμουθ": 1778337222.2469997,
  "σεβίλλη εναντίον εσπανιόλ βαρκελώνησ": 1778337224.700037,
  "sport24.gr": 1778337227.17631,
  "κοινή αγροτική πολιτική": 1778337229.6716595,
  "μπράιτον εναντίον γουλβσ": 1778337231.6272318,
  "sunderland vs man united": 1778337233.8312182,
  "σαντορίνη": 1778337236.2741828,
  "σάντερλαντ εναντίον μάντσεστερ γιουνάιτεντ": 1778337238.2147093,
  "gt vs rr": 1778340729.789267,
  "brighton vs wolves": 1778340732.3528867
}