{
  "έθνοσ": 1784759867.1910663,
  "κέντρικ ναν": 1784759869.3544645,
  "varta": 1784759871.4862726,
  "σύγκρουση": 1784759873.6396258,
  "φωτια τωρα θεσσαλονικη": 1784768858.663817,
  "barack obama": 1784768860.744269,
  "στέιτ ντιπάρτμεντ": 1784768862.8593154,
  "погода": 1784780906.3232622,
  "pogoda": 1784780908.5580246,
  "καιρόσ": 1784780910.780882,
  "weather": 1784780913.1342523,
  "moti": 1784780916.0713131,
  "ζωδια σημερα": 1784780918.2889862,
  "μισθόσ": 1784780920.585248,
  "ρωσία": 1784780922.9545093,
  "λοττο": 1784780925.1669908,
  "έγκλημα": 1784790379.3155193,
  "πάροσ": 1784790382.185251,
  "σπιτάκια ανακύκλωσησ": 1784790384.0120566,
  "φόνοσ": 1784790386.1602142,
  "weer": 1784790388.235894,
  "κοζανη": 1784799099.1446738,
  "υπουργείο παιδείασ": 1784799101.1669893,
  "βασεισ 2026": 1784799104.2739694,
  "δερβενι φωτια": 1784799107.3471344,
  "météo": 1784799109.5379643,
  "χανιά": 1784806109.367543,
  "zimbabwe vs india": 1784806111.8172157,
  "γιωργοσ σταυριανοσ": 1784806114.7227108,
  "σαλιακασ": 1784806116.8070216,
  "23 ιουλιου γιορτη": 1784806118.640917,
  "αμαλία κωστοπούλου": 1784811683.0473745,
  "tzolis": 1784811685.3847823,
  "ιατρική": 1784811688.4259224,
  "αγροτική οικονομία": 1784811691.6419826,
  "ρόδοσ": 1784811693.9541538,
  "μέση ανατολή": 1784811696.3314722,
  "βάνα μπάρμπα": 1784811699.3906226,
  "ένωση δικαστών και εισαγγελέων": 1784811701.8198857,
  "φιφα": 1784811704.1856098,
  "τζολησ": 1784820010.0088868,
  "goretzka": 1784820012.1825411,
  "πόλεμοσ": 1784820014.612263,
  "severe thunderstorm warning": 1784820016.7937176,
  "πτήση": 1784820018.923473,
  "ψηφιακή τηλεόραση": 1784820021.4109783,
  "dynamo kyiv vs paok": 1784825461.783189,
  "κατερίνα βρανά": 1784825464.0356681,
  "ντιναμό κιέβου εναντίον παοκ": 1784825467.0369792,
  "open tv live": 1784825469.0315847,
  "παοκ σημερα": 1784825471.386382,
  "στρατιωτική σχολή": 1784825474.5243084,
  "λέσβοσ": 1784825477.506743,
  "open": 1784825479.7414696,
  "α21": 1784825482.7197466,
  "γ΄ κατηγορία ποδοσφαίρου τησ ελλάδασ": 1784825484.9998422,
  "skai": 1784830083.7295423,
  "γιουρόπα κόνφερενσ λιγκ": 1784830086.6993484,
  "πάκσι εναντίον παναθηναϊκόσ": 1784830089.0086067,
  "paks vs panathinaikos": 1784830090.8673525,
  "погода завтра": 1784830092.7494178,
  "vremea de mâine": 1784830095.5791721,
  "météo demain": 1784830097.8027093,
  "meteo di domani": 1784830100.7394598,
  "beşiktaş": 1784835687.5880399,
  "σαουδική αραβία": 1784835689.4973602,
  "οφη": 1784835692.283318,
  "χατζηδιακοσ": 1784835695.4045,
  "fcsb - auda": 1784835697.287627,
  "ajax": 1784835700.3604457,
  "wetter morgen": 1784835702.2419403,
  "ηράκλειο": 1784839430.7314408,
  "ιωάννα τούνη": 1784839433.5359392,
  "πυροσβέστησ": 1784839435.833846,
  "ανακύκλωση": 1784839438.7780094,
  "σύροσ": 1784839440.9887855,
  "paks": 1784839443.9121475,
  "αγροτοδασική πυρκαγιά": 1784843128.799113,
  "λιβακοβιτσ": 1784843130.92702,
  "athens voice": 1784843133.6306193,
  "livakovic": 1784843135.780656,
  "γιάννησ παπαμιχαήλ": 1784843137.9371195
}