{
  "efka": 1784533615.8100774,
  "capital": 1784533617.69204,
  "γαζζετα": 1784533619.7708685,
  "εθνικη": 1784533622.681188,
  "θανάσησ βασιλόπουλοσ": 1784533624.8166811,
  "20 ιουλίου": 1784533626.6963496,
  "τατιάνα στεφανίδου": 1784533628.8803656,
  "taxheaven": 1784533631.81754,
  "εεταα αιτησεισ": 1784533634.820774,
  "radio": 1784533636.9237206,
  "ναιμεγκεν": 1784543552.9245937,
  "uefa": 1784543556.1806366,
  "σίσσυ χρηστίδου": 1784543558.427066,
  "νικολάσ οταμέντι": 1784543560.6067185,
  "μιλτιάδησ μαρινάκησ": 1784543563.7626565,
  "ααδε οφειλεσ": 1784543566.8191302,
  "κοινή αγροτική πολιτική": 1784543569.9137902,
  "gpt": 1784543572.2401395,
  "γιώργοσ προκοπίου": 1784543574.554894,
  "andy burnham": 1784550953.7351286,
  "ανακαίνιση": 1784550956.6039982,
  "δίκη": 1784550959.5580356,
  "τραγωδία": 1784550962.429998,
  "real news": 1784550964.5145493,
  "συνταξεισ αυγουστου 2026": 1784550967.5601957,
  "nijmegen": 1784550969.8496788,
  "στέφανοσ νεδέλκοσ": 1784550971.9261265,
  "kevin keegan": 1784559128.8097286,
  "χαλκιδική": 1784559130.8489442,
  "αυστραλία": 1784559133.8533347,
  "κωνσταντίνοσ τσιμίκασ": 1784559137.2082233,
  "γιάννησ στουρνάρασ": 1784559140.3292563,
  "σύνταξη": 1784559142.2060313,
  "τσσκα 1948": 1784559145.3612843,
  "instagram": 1784559147.2394788,
  "sport24.gr": 1784564437.4609125,
  "τζένη μπαλατσινού": 1784564439.6949692,
  "βασεισ 2026": 1784564441.7068095,
  "κλέλια ανδριολάτου": 1784564444.8984118,
  "εθνικό σύστημα υγείασ": 1784564446.930223,
  "οφειλέτησ": 1784564450.0864275,
  "времето утре": 1784572000.5482738,
  "ο καιρόσ αύριο": 1784572003.8807578,
  "weather tomorrow": 1784572006.7414966,
  "nova ict": 1784572009.580238,
  "meteo di domani": 1784572011.854535,
  "wetter morgen": 1784572015.1626027,
  "φωτια πειραιασ": 1784572030.1222007,
  "κέβιν κίγκαν": 1784572033.10738,
  "aftodioikisi": 1784577938.8237593,
  "έθνοσ": 1784577941.94171,
  "δημόσιο χρέοσ": 1784577944.1772475,
  "holnapi időjárás": 1784577946.55927,
  "météo demain": 1784577948.5541248,
  "pogoda jutro": 1784577951.5071075,
  "διακοπή ρεύματοσ": 1784582368.335868,
  "ακτοφυλακή": 1784582371.6186435,
  "σπόρτινγκ λισαβόνασ εναντίον στρασμπούρ": 1784582374.1650426,
  "ινφάντα σοφία τησ ισπανίασ": 1784585776.610377,
  "времето": 1784605691.1495447,
  "στοιχημα καζινο": 1784605693.2481256,
  "στοιχημα κουπονι": 1784605695.1180658,
  "κυψέλη": 1784605697.3807976,
  "lottozahlen": 1784605699.524196,
  "loto": 1784605702.6027503,
  "πύραυλοσ": 1784614696.1561975,
  "νεα": 1784614699.1325164,
  "θεμα": 1784614702.1396525,
  "kathimerini": 1784614704.452204,
  "21 ιουλίου": 1784614707.056034,
  "weather": 1784614709.2449167,
  "погода": 1784614711.4961393,
  "πρωτοσέλιδα εφημερίδων": 1784614713.493848,
  "2030": 1784614715.691111,
  "nova": 1784614717.9267478
}