{
  "kick argentina out": 1783758240.9663613,
  "ανεργία": 1783758243.70351,
  "πεπίνο ντι κάπρι": 1783763754.8951778,
  "μάικ τζέιμσ": 1783763757.5470786,
  "γιορτη σημερα 11 ιουλιου": 1783763759.529987,
  "αργεντινη ελβετια": 1783767595.5228922,
  "περιβολακι θεσσαλονικη": 1783775704.2508423,
  "χοληστερόλη": 1783775707.0953135,
  "ολυμπιακοσ": 1783775709.3786294,
  "paok vs twente": 1783780374.3521068,
  "παοκ εναντίον τβέντε": 1783780376.443347,
  "ελισάβετ μουτάφη": 1783780378.6322286,
  "jayden adams": 1783780380.8839178,
  "κύπροσ": 1783780383.6965578,
  "φωτια περιβολακι": 1783780385.5996404,
  "ταυτοτητεσ": 1783780387.516499,
  "open tv": 1783784056.7061827,
  "αλέξησ τσίπρασ": 1783784058.855061,
  "κεφαλονιά": 1783787375.731689,
  "γρηγόρησ δημητριάδησ": 1783787378.424197,
  "τζέιντεν άνταμσ": 1783787381.153212,
  "muchova": 1783791057.352948,
  "σκαι": 1783794639.9229004,
  "fenerbahçe - pogoń szczecin": 1783794642.6915536,
  "παναθηναϊκόσ εναντίον γκρασχόπερσ": 1783794644.9767323,
  "skai": 1783794647.279855,
  "england norway": 1783794649.8602514,
  "linda nosková": 1783794651.7976322,
  "μουντιαλ σημερα": 1783799248.7439778,
  "england vs norway": 1783799251.3424397,
  "norway vs england": 1783801925.6774042,
  "κανιβαλισμόσ": 1783801928.446088,
  "ert": 1783805279.8319483,
  "νορβηγια αγγλια καναλι": 1783805281.6990337,
  "ερτ2 live": 1783805284.6086519,
  "cosmote tv": 1783805287.149394,
  "bellingham": 1783805289.2763638,
  "ertflix": 1783805291.5034692,
  "norwegen – england": 1783805294.1023226,
  "norge mot england": 1783805296.7020884,
  "itvx": 1783805298.5472362,
  "τέιλορ σουίφτ": 1783805301.0643148,
  "wm": 1783808534.6100483,
  "fifa": 1783808537.2491302,
  "νορβηγία vs eng": 1783808539.9186668,
  "wk": 1783808541.7391832,
  "england fc": 1783808544.3807037,
  "haland": 1783808547.104163,
  "norvegia inghilterra": 1783808549.1393049,
  "vm": 1783808551.7084227,
  "halland": 1783808554.4369936,
  "εθνική ομάδα ποδοσφαίρου ανδρών τησ αγγλίασ": 1783812211.8845613,
  "odegaard": 1783812214.1385274,
  "pickford": 1783812216.2178483,
  "david beckham": 1783812218.579779,
  "ufc 329": 1783812220.8523924,
  "england": 1783812223.9425168,
  "αργεντινή εναντίον ελβετία": 1783818130.7170696,
  "vg": 1783818132.6869502,
  "mundial": 1783818135.4821782,
  "έρλινγκ χάλαντ": 1783818137.6836162,
  "argentina vs switzerland": 1783818140.383426,
  "mundial 2026": 1783818143.1217608,
  "nusa": 1783818145.0660107,
  "argentinien – schweiz": 1783830762.8516521,
  "argentine – suisse": 1783830765.6357756,
  "μουντιαλ 2026 προγραμμα": 1783830768.367085,
  "αθλητικα": 1783830770.58775,
  "θάνατοσ": 1783830773.3336952,
  "fifa world cup brackets": 1783830775.7475588,
  "fifa world cup": 1783830777.711171,
  "lindsey graham": 1783840268.4242077,
  "συνέντευξη": 1783840270.2434518,
  "12 ιουλίου": 1783840272.2357664,
  "argentine suisse": 1783840274.0856457,
  "норвегия англия": 1783840276.6038465,
  "γουίμπλεντον": 1783840279.246147,
  "bbc news": 1783840281.87087,
  "πετρέλαιο": 1783840284.5336068,
  "σούπερ μάρκετ": 1783840287.3296375,
  "anglia norvegia": 1783840289.8745883
}