{
  "αποζημίωση": 1783447145.2662058,
  "ertflix": 1783447147.591004,
  "παοκ εναντίον αεκ λάρνακασ": 1783447149.953311,
  "θέρμη": 1783447152.2823935,
  "ινέσ ντε ραμόν": 1783447154.659387,
  "ελβετία εναντίον κολομβία": 1783454483.3114529,
  "switzerland vs colombia": 1783454485.8006084,
  "sdna": 1783454488.224458,
  "yabusele": 1783454490.7590125,
  "djokovic": 1783454493.106084,
  "egypt fc": 1783454495.742204,
  "egypte argentine": 1783454498.0089624,
  "argentinien": 1783454500.362585,
  "αγροτική πολιτική": 1783454502.9365466,
  "england vs india": 1783454505.319019,
  "pablo escobar": 1783460289.0517573,
  "χάμεσ ροντρίγκεσ": 1783460291.317616,
  "χαλκιδική": 1783460293.8347344,
  "james rodriguez": 1783460296.2890565,
  "the last mark": 1783460298.6603503,
  "πανεπιστήμιο": 1783464122.7993777,
  "ελβετια κολομβια": 1783464124.8899295,
  "bombshell": 1783464126.9756756,
  "wimbledon": 1783464129.1823297,
  "σεισμοσ τωρα": 1783467527.2878928,
  "earthquake near me": 1783467529.4871588,
  "μπαμπα σ'αγαπω επεισοδιο 60": 1783467531.5982099,
  "world cup bracket": 1783467533.7850645,
  "αγωνεσ μουντιαλ σημερα": 1783484949.524552,
  "πρώτο θέμα": 1783484951.491106,
  "κρήτη": 1783484953.9194753,
  "connor murphy": 1783484955.8856325,
  "xhaka": 1783484958.29822,
  "σχολείο": 1783494275.739535,
  "τεχεράνη": 1783494278.1711547,
  "γιαμπουσελε": 1783494280.4429412,
  "boeing 737": 1783494282.8522139,
  "πόλεμοσ": 1783494285.1523373,
  "8 ιουλίου": 1783494287.4206707,
  "κατερίνα καραβάτου": 1783494289.9850788,
  "πρίγκιπασ": 1783494292.391911,
  "μοντερο": 1783509959.3997173,
  "κίεβο": 1783509961.972086,
  "olympiacos bc": 1783509964.3296323,
  "νίκολα γιόκιτσ": 1783509966.6017625,
  "eurocup": 1783515552.0097606,
  "νίκοσ οικονομόπουλοσ": 1783515554.470123,
  "αργοσ": 1783515556.8942115,
  "καιροσ αθηνα": 1783524280.8685133,
  "λύκειο": 1783524283.4630215,
  "ουκρανία": 1783524286.062501,
  "γιώργοσ μπαρτζώκασ": 1783524288.4797916,
  "γιώργοσ αγγελόπουλοσ": 1783524290.7407997,
  "παύλοσ πολάκησ": 1783524292.7828293,
  "ολυμπιακοσ": 1783529722.8665037,
  "επιταγή": 1783529725.2138562,
  "αχμέτ νταβούτογλου": 1783529727.339822,
  "ολυμπιακόσ": 1783529729.5372405,
  "πυροσβεστικό σώμα ελλάδασ": 1783529731.8612595,
  "καιροσ": 1783529734.2070165,
  "κούλλησ νικολάου": 1783529736.8894932,
  "arthur fery": 1783529739.6189039,
  "κατερίνα βρανά": 1783529742.2802567
}