{
  "βημα": 1780043587.273873,
  "υπουργειο παιδειασ": 1780043589.2332394,
  "ποπ οτα": 1780043591.6101918,
  "θεματα πανελληνιων 2026": 1780043594.174122,
  "a21": 1780043596.6946273,
  "ντράγκαν σάκοτα": 1780043599.1325657,
  "επιδομα θερμανσησ 2026": 1780055594.935035,
  "γιάννησ παπαμιχαήλ": 1780055597.1354568,
  "ισπανία": 1780055599.3032954,
  "29 μαΐου": 1780055601.7608874,
  "μετρο θεσσαλονικησ": 1780055604.0246968,
  "novak djokovic": 1780066148.9820638,
  "σύροσ": 1780066151.0995235,
  "rr vs gt": 1780066153.324754,
  "χιόνι": 1780066155.639721,
  "βανέσα αδαμοπούλου": 1780066157.7660234,
  "αεροσκάφοσ": 1780066159.8706305,
  "ακίνητη περιουσία": 1780066162.1119545,
  "ρίτσαρντ γκιρ": 1780066164.2997074,
  "masterchef αποχωρηση": 1780066166.1037633,
  "ilektra": 1780066168.391363,
  "release athens": 1780077461.3521106,
  "πανσεληνοσ μαιου 2026": 1780077463.1689754,
  "champions league final": 1780077465.3818629,
  "bts": 1780077467.5125165,
  "αεκ λάρνακασ": 1780077469.8717263,
  "δήμητρα λιάνη-παπανδρέου": 1780077472.083731,
  "δικαστικόσ": 1780077473.910103,
  "αεκ ολυμπιακοσ χαντμπολ": 1780077475.9832468,
  "jacob elordi": 1780077478.1883764,
  "δημοσκοπηση": 1780077480.0214918,
  "τεχνητή νοημοσύνη": 1780086344.7774801,
  "anthony gordon": 1780086347.0428855,
  "διακοπή ρεύματοσ": 1780086349.418727,
  "βλαντίμιρ πούτιν": 1780086351.985727,
  "roland garros 2026": 1780086354.2043684,
  "επίδομα θέρμανσησ - 2026": 1780086356.9141543,
  "stranger things": 1780086359.3671076,
  "joao fonseca": 1780086362.100191,
  "βαλένθια μπάσκετ": 1780086364.4227092,
  "μέταλλο": 1780086366.712593,
  "backrooms movie": 1780092684.7187743,
  "το σπιτι διπλα στο ποταμι": 1780092686.9916227,
  "twitch": 1780092689.426597,
  "μηχανικόσ": 1780092691.733165,
  "εμμανουήλ καραλήσ": 1780092694.5355334,
  "οι αθωοι": 1780092697.1122346,
  "ναταλία δραγούμη": 1780092699.8226728,
  "john wick": 1780098153.0649228,
  "30 μαΐου": 1780119100.2328918,
  "έκρηξη": 1780119102.9061844,
  "μαρία ηλιάκη": 1780119105.6598742,
  "δημήτρησ κίτσοσ": 1780119108.2460163,
  "ινδία": 1780119110.991431,
  "πετρέλαιο": 1780119113.8143404,
  "ντόναλντ τραμπ": 1780119116.5664494,
  "θεσσαλονίκη": 1780119119.3046083,
  "κατασκοπεία": 1780119122.206936,
  "instagram": 1780119124.7691095
}