{
  "παραταση εξοικονομω 2025": 1784217841.6200628,
  "τζολησ": 1784217843.734553,
  "σαρλίζ θερόν": 1784217846.438141,
  "καιροσ πατρα": 1784217848.5534658,
  "τολιοπουλοσ αρησ": 1784217850.6808445,
  "ομόνοια λευκωσίασ εναντίον παναιτωλικόσ": 1784223331.7985158,
  "χρήστοσ τζόλησ": 1784223334.3133552,
  "εξοικονομω 2025": 1784223336.6132414,
  "περιπολικό": 1784223339.0440168,
  "φακούντο καμπάτσο": 1784223341.6913967,
  "survivor ελλάδασ": 1784227407.6298676,
  "ρεάλ μαδρίτησ": 1784227409.8467934,
  "τέμπη": 1784227411.9611092,
  "φυλακή": 1784227414.2682855,
  "ντέιβιντ μπέκαμ": 1784231233.1461263,
  "super league": 1784231235.2846367,
  "εμπρησμόσ": 1784231237.4618764,
  "ασπρόπυργοσ": 1784234193.3322477,
  "kris jenner": 1784234195.6213276,
  "ζοέλ ρόκα": 1784234197.8013113,
  "καταιγίδα": 1784234199.988592,
  "νεοχωρουδα φωτια": 1784238081.0106502,
  "βούλα": 1784241615.2374887,
  "εθνική ομάδα ποδοσφαίρου ανδρών τησ αργεντινήσ": 1784241617.5187306,
  "αγρίνιο": 1784245228.9170663,
  "στοιχημα κουπονι": 1784250794.504809,
  "christopher nolan": 1784250796.3314705,
  "πρωτοσελιδα": 1784262401.3666098,
  "παιδί": 1784262403.4450102,
  "παναθηναϊκόσ": 1784262405.5347683,
  "λοττο": 1784262407.7383122,
  "lottozahlen": 1784262409.9784007,
  "λαχειο": 1784262412.002292,
  "στοιχημα καζινο": 1784262414.0831397,
  "πτήση": 1784262416.1353812,
  "εθνική οδόσ αθηνών λαμίασ": 1784270198.9841146,
  "17 ιουλίου": 1784270201.1877952,
  "cretalive": 1784270203.514831,
  "αθλητικέσ εφημερίδεσ": 1784270206.3148127,
  "καλαμπόκι": 1784270209.167513,
  "the huffington post": 1784278355.5951357,
  "πινεδα": 1784278358.3553743,
  "κηδεια μαρω κοντου": 1784278360.9886148,
  "parapolitika": 1784278363.6490638,
  "τελικόσ": 1784284831.7822435,
  "σεισμοσ": 1784284834.503116,
  "σεισμόσ τώρα": 1784284837.054925,
  "ομάν": 1784284839.6208007,
  "φορολογία": 1784284841.7968874,
  "newsbeast": 1784284844.4140913,
  "οπεκεπε": 1784289484.910325,
  "bangladesh vs zimbabwe": 1784289487.6961648,
  "μολδαβία": 1784289490.4961903,
  "god of war": 1784289493.2486017,
  "συντάξεισ αυγούστου": 1784295607.9843147,
  "πολιτική": 1784295610.2746742,
  "μάρκο ρούμπιο": 1784295612.5273366,
  "οδύσσεια ταινία": 1784295615.0165203,
  "trish christakis": 1784295617.6351695,
  "αθλητισμόσ": 1784295619.7255945,
  "εεταα": 1784295622.5539486,
  "νοσοκομείο": 1784295624.9251938,
  "κρυπτονόμισμα": 1784300454.4686918,
  "κωνσταντίνα σπυροπούλου": 1784300456.711183,
  "χαλ": 1784300459.0038397,
  "λεωφορείο": 1784300461.0779705,
  "κρήτη": 1784300463.2808676,
  "σάκησ αρναούτογλου": 1784300465.685844,
  "παραλία": 1784300468.1646228
}