{
  "μια νυχτα μονο": 1779320418.4433482,
  "κωνσταντινου και ελενησ": 1779320420.2702835,
  "nba": 1779328115.6964386,
  "σεισμοσ τωρα": 1779328118.4933455,
  "αναληψεωσ 2026": 1779342986.4028254,
  "οργανισμόσ προνοιακών επιδομάτων και κοινωνικήσ αλληλεγγύησ": 1779342988.8951108,
  "γαβριήλ σακελλαρίδησ": 1779342991.4856424,
  "αττική": 1779356162.2753592,
  "οικογένεια": 1779356164.9075592,
  "επιδομα παιδιου": 1779356168.2482936,
  "γεωργία": 1779356170.990122,
  "ποιοι γιορταζουν σημερα": 1779356173.0090685,
  "αναληψεωσ": 1779356175.6462467,
  "athens weather": 1779366801.2905006,
  "δραπετσώνα": 1779366804.1692033,
  "αννα καφετση": 1779366807.1964815,
  "exxon mobil": 1779366810.1060784,
  "κηφισιά εναντίον αελ": 1779379193.6607337,
  "final four 2026 προγραμμα": 1779379196.2622669,
  "παναιτωλικόσ εναντίον αστέρασ τρίπολησ": 1779379198.7995458,
  "κατερίνα καραβάτου": 1779379201.7825568,
  "κοστίνια": 1779379204.4611292,
  "έφεση": 1779379207.1735866,
  "gt vs csk": 1779379209.966302,
  "ιωάννησ κωνσταντέλιασ": 1779379212.7201736,
  "λίνα νικολακοπούλου": 1779379215.3584929,
  "χρήστοσ νικολόπουλοσ": 1779379218.0502274,
  "volkswagen ag": 1779386704.1104944,
  "الطقس غدًا": 1779386707.2233152,
  "φορολογική δήλωση": 1779386710.0057638,
  "αλ νασρ εναντίον νταμάκ": 1779386712.7827322,
  "αρκουδοτρυπα": 1779386715.557458,
  "γιωτοπουλοσ": 1779386718.4366834,
  "κατερίνα καινούργιου": 1779386721.4042816,
  "άρησ θεσσαλονίκησ": 1779386724.2707872,
  "cnn": 1779386726.386616,
  "κατερινα μουτσατσου": 1779386728.4230983,
  "suzuki": 1779394023.1561742,
  "ζήνα κουτσελίνη": 1779394025.8057554,
  "stonehenge": 1779394028.8506837,
  "αναισθησιολόγοσ": 1779394031.5583966,
  "al nassr": 1779394033.528262,
  "ροντινέι": 1779394036.145284,
  "the boroughs": 1779394038.6765378,
  "ajax": 1779394041.434214,
  "τέιλεν χόρτον-τάκερ": 1779394043.9249747,
  "wolfsburg – sc paderborn": 1779394046.506595,
  "μιρκα παπακωνσταντινου": 1779399942.380658,
  "βολφσμπουργκ": 1779399945.2463605,
  "χηρεία": 1779399947.959865,
  "τσικοπουλοσ": 1779399950.5891538,
  "wolfsburg": 1779399952.5548344,
  "οριστικα αποτελεσματα κοινωνικου τουρισμου 2026": 1779399955.3935611,
  "σαρούνασ γιασικεβίτσιουσ": 1779403993.4798462
}