{
  "εθνική τράπεζα": 1779120873.246361,
  "ανεργία": 1779120876.2275546,
  "ροντινέι": 1779120878.9363456,
  "csk vs srh": 1779120882.2739325,
  "αχιλλέασ μπέοσ": 1779120885.4619133,
  "stefanos tsitsipas": 1779120888.233896,
  "πλοίο": 1779120891.225568,
  "τατιάνα στεφανίδου": 1779120894.4820228,
  "ελεγκτικό συνέδριο": 1779120896.3267095,
  "δήμαρχοσ": 1779120899.3314953,
  "άρησ θεσσαλονίκησ": 1779127969.8908238,
  "τάιλερ ντόρσεϊ": 1779127972.8042238,
  "disney+": 1779127975.758851,
  "oi athooi": 1779127978.770155,
  "εθνική τράπεζα τησ ελλάδοσ": 1779127980.7487805,
  "άρησ σερβετάλησ": 1779134595.112435,
  "disney plus": 1779134596.923087,
  "μαστροκωστα": 1779134599.6015832,
  "σίλια κριθαριώτη": 1779134602.649122,
  "γενοκτονια ποντιων": 1779134605.5265944,
  "playstation": 1779134608.8396275,
  "arsenal vs burnley": 1779134611.6407974,
  "κάλυμνοσ": 1779134614.5634277,
  "jacob neestrup": 1779134617.3910837,
  "πρωτάθλημα αγγλίασ": 1779139342.8459516,
  "pep guardiola": 1779139345.8008895,
  "ουίλιαμ, πρίγκιπασ τησ ουαλίασ": 1779139348.759532,
  "γωγω μαστροκωστα": 1779139351.5055168,
  "γερμανία": 1779143476.8860724,
  "δωροθεα μερκουρη": 1779143479.8817334,
  "αρσεναλ μπερνλι": 1779143481.804615,
  "chennai super kings vs sunrisers hyderabad standings": 1779143484.597095,
  "ουέιντ μπάλντουιν": 1779169998.3589427,
  "weather": 1779170000.8756988,
  "μαρία μπεκατώρου": 1779170003.7814226,
  "nba": 1779170006.3592465,
  "τράπεζα": 1779170009.0174022,
  "masterchef": 1779170011.548468,
  "πορτο λεονε": 1779170013.42452,
  "πασ γιάννινα": 1779170016.129788,
  "neymar": 1779170018.0169523,
  "βανουάτου": 1779183133.6828895,
  "γιόνασ βαλαντσιούνασ": 1779183136.2272604,
  "θοδωρήσ αθερίδησ": 1779183139.0584342,
  "συνδικάτο": 1779183140.9790614,
  "πολιτική": 1779183143.4894974,
  "εισαγγελέασ του αρείου πάγου": 1779193656.4334476,
  "οσμη αεριου": 1779193659.24362,
  "εισιτήριο": 1779193661.9447024,
  "mango": 1779193664.9555445,
  "ντόναλντ τραμπ": 1779193668.0155892,
  "thunder vs spurs": 1779193670.7089136,
  "τσάμπι αλόνσο": 1779206255.5469391,
  "ζέλικο ομπράντοβιτσ": 1779206257.4194148,
  "οικογένεια": 1779206260.0857959,
  "μιχάλησ μαρίνοσ": 1779206262.6211967,
  "lsg vs rr": 1779206265.2835236,
  "κίνα": 1779206267.758045,
  "μαργαρίτα μυτιληναίου": 1779206270.3059397,
  "λαζαροσ ροτα": 1779206273.24569,
  "έβελυν ασουάντ": 1779206275.9016685
}