{
  "γερμανία": 1780556019.7772684,
  "4 ιουνίου": 1780556022.2455976,
  "κεφάλαιο": 1780556024.1885433,
  "δημήτρησ γιαννακόπουλοσ": 1780556026.6128738,
  "ζωδια σημερα": 1780556029.2951832,
  "τράπεζα": 1780556031.727088,
  "βιολογία": 1780569526.7857215,
  "marjane satrapi": 1780569529.1520932,
  "γιώργοσ μαζωνάκησ": 1780569531.5199168,
  "marcus foster": 1780569534.1727772,
  "ταξί": 1780569536.4071417,
  "μάικ τζέιμσ": 1780569538.79677,
  "κυβέρνηση": 1780569541.0687907,
  "σουηδία εναντίον ελλάδα": 1780591084.1346285,
  "άδεια": 1780591086.8547893,
  "χωρισμόσ": 1780591089.169303,
  "καλαβρία": 1780591091.518007,
  "νόμοσ κατσέλη": 1780591093.8744383,
  "έντονη χαλαζόπτωση": 1780591096.3329294,
  "εκπαίδευση": 1780591098.751588,
  "σχολείο": 1780591101.1910162,
  "διάστημα": 1780591103.5563474,
  "δισεκατομμυριούχοσ": 1780591106.3262584,
  "γαλλία εναντίον ακτή ελεφαντοστού": 1780599792.718823,
  "ισπανία εναντίον ιράκ": 1780599794.6166637,
  "σταματίνα τσιμτσιλή": 1780599797.0524998,
  "ινα ταραντου": 1780599799.4882603,
  "ισπανία": 1780599801.959504,
  "κρίση": 1780599804.5524018,
  "maja chwalińska": 1780599807.2087572,
  "alfa": 1780599809.8416553,
  "alpha tv": 1780599812.1855857,
  "αλφα": 1780599814.7887056,
  "τσουβελασ": 1780612887.0584774,
  "τραγουδιστησ συροσ": 1780612889.477272,
  "τροχαιο καλλιθεα": 1780612891.731565,
  "γιωργοσ βαρδινογιαννησ": 1780612894.0768752,
  "έλενα παπαρίζου": 1780612896.461881,
  "χρηματιστήριο": 1780612898.7454677,
  "δικαστήριο": 1780612900.5784063,
  "france vs ivory coast": 1780612902.4070249,
  "ραζβάν λουτσέσκου": 1780612904.429822
}