{
  "22 ιουνίου": 1782077917.0260952,
  "μισθόσ": 1782077919.108759,
  "house of the dragon season 3": 1782077921.2833831,
  "iran": 1782077923.1261368,
  "παγκόσμιο κύπελλο ποδοσφαίρου": 1782077925.4057062,
  "πρασινο ακρωτηρι": 1782082018.6290736,
  "uruguay vs cabo verde": 1782082020.488515,
  "σωκράτησ αλαφούζοσ": 1782082022.6926944,
  "de bruyne": 1782082024.8954566,
  "ισραήλ": 1782086326.1617165,
  "asep": 1782086328.9758024,
  "goal.com.cy": 1782086331.181008,
  "μέση ανατολή": 1782103658.6411223,
  "απάτη": 1782103660.962639,
  "new zealand vs egypt": 1782103663.25899,
  "καύσωνασ": 1782103665.5093033,
  "hbo": 1782103667.7163804,
  "bet 365": 1782103669.6337636,
  "vozinha": 1782103671.8172011,
  "δημοσιογράφοσ": 1782124182.5053532,
  "2025": 1782124184.7462213,
  "άννα - μισέλ ασημακοπούλου": 1782124186.942716,
  "αναστασία ντραγκομίροβα": 1782124189.1600323,
  "in.gr": 1782124191.7778413,
  "bbc news": 1782124194.1686583,
  "keir starmer": 1782124196.6233146,
  "παύλοσ κουρτίδησ": 1782124198.7665277,
  "συρία": 1782124200.962445,
  "εξωγήινη ζωή": 1782124203.1464446,
  "φωτια περαια": 1782142554.7794907,
  "ευρωπαϊκό ένταλμα σύλληψησ": 1782142557.1949532,
  "άρια καλύβα": 1782142559.4599257,
  "ποτε πληρωνονται οι συνταξεισ ιουλιου 2026": 1782142561.7118528,
  "σούπερ μάρκετ": 1782142563.714955,
  "πλοίο": 1782142566.4318464,
  "φορολογία": 1782142568.729967,
  "υπουργείο": 1782142570.7490706,
  "αντώνησ σρόιτερ": 1782142573.1463943,
  "φωτια σπατα": 1782142575.6155264,
  "steam machine": 1782154655.524949,
  "alaba": 1782154657.8889492,
  "shakira": 1782154660.3063757,
  "messi age": 1782154662.5597415,
  "δυτική ευρώπη": 1782154664.9000762,
  "hyundai": 1782154667.2533832,
  "ronaldo": 1782154669.260973,
  "καίτη γαρμπή": 1782154671.6976478,
  "διακοπή ρεύματοσ": 1782154673.9732804,
  "εθνική ομάδα ποδοσφαίρου ανδρών του ιράν": 1782163889.6377287,
  "λίβανοσ": 1782163891.993567,
  "εμπαπε": 1782163894.2580137,
  "μάριοσ αθανασίου": 1782163896.7437665,
  "εμμανουήλ καραλήσ": 1782163898.937875,
  "france irak": 1782163901.3390794,
  "γαλλία εναντίον ιράκ": 1782163904.3254638,
  "ερτnews": 1782163906.7647839,
  "μαρκέτα βοντρούσοβα": 1782163909.0533733,
  "φωτιά": 1782163911.3101578
}