{
  "σωτηρησ τσογκασ": 1781955890.1630716,
  "αλγερία": 1781955892.2623403,
  "ελισάβετ μουτάφη": 1781955894.3730311,
  "γαστουνη": 1781955896.4716284,
  "earthquake": 1781955898.6309543,
  "άννα βίσση": 1781955900.998634,
  "σεισμοσ κρητη": 1781955903.150991,
  "γιάννησ αλαφούζοσ": 1781955905.291608,
  "φωτια τωρα": 1781961246.7346406,
  "δάνειο": 1781961248.610196,
  "ποσο κανει gov gr εφαρμογή": 1781961250.8331735,
  "δημοσκόπηση": 1781961252.6995559,
  "βασίλησ σπανούλησ": 1781961254.887994,
  "ρένια λουϊζίδου": 1781961256.9388826,
  "γαύδοσ": 1781961259.118062,
  "klm": 1781961262.2262459,
  "ronaldinho": 1781961264.4490583,
  "βαλκανικοί αγώνεσ στίβου": 1781968533.8161035,
  "inaki pena": 1781968536.0974836,
  "δελτίο ταυτότητασ": 1781968537.9521143,
  "φωτια": 1781968540.012567,
  "γρηγόρησ αρναούτογλου": 1781968542.0681283,
  "bonzie colson": 1781968544.1427684,
  "απασχόληση": 1781968546.246933,
  "ομπραντοβιτσ": 1781968548.3501184,
  "dua lipa": 1781968550.6705976,
  "nederland - zweden": 1781974399.548338,
  "ολλανδία εναντίον σουηδία": 1781974401.3766627,
  "netherlands vs sweden": 1781974403.1894553,
  "νεεσ ταυτοτητεσ": 1781974405.0047166,
  "λευκορωσία": 1781974406.81444,
  "αθηνών": 1781974408.6309707,
  "ελαιόλαδο": 1781974410.4596398,
  "πλατεια νερου": 1781974412.2770965,
  "μουσταφά φαλ": 1781978792.2424996,
  "malta": 1781978794.5175428,
  "release athens": 1781978797.0017457,
  "brobbey": 1781978799.1919398,
  "χριστίνα λαμπίρη": 1781978801.5562327,
  "zdf live": 1781985125.8869011,
  "ιορδανία": 1781985127.9796603,
  "deutschland – elfenbeinküste": 1781985129.9928048,
  "germany vs ivory coast": 1781985132.1077688,
  "sweden fc": 1781985134.3782344,
  "ιωάννα μαλέσκου": 1781985136.5367286,
  "summerville": 1781985138.6987698,
  "κουφονησια": 1781985140.7737966,
  "κορινθία": 1781985142.9310071,
  "elanga": 1781985145.267438,
  "yan diomande": 1781989765.9679794,
  "diomande": 1781989767.9905965,
  "μετάλλιο": 1781989770.2456303,
  "ακτη ελεφαντοστου": 1781989772.2574806,
  "ουίλιαμ, πρίγκιπασ τησ ουαλίασ": 1781989774.4827762,
  "deniz undav": 1781994080.4965777,
  "ζοζεφιν": 1781994082.6822915,
  "sex and the city": 1781994084.901753,
  "kessie": 1781994086.8899531,
  "germany ivory coast": 1781994089.0753264,
  "γιώργοσ μασούρασ": 1781994091.276896,
  "james burrows": 1781994093.2862372,
  "ζελικο ομπραντοβιτσ": 1781998950.6070378,
  "γερμανια": 1781998952.731522,
  "φωτιά": 1781998955.2589486,
  "αγώνεσ μουντιάλ": 1782007565.819941,
  "undav": 1782007568.0073364,
  "zdf livestream": 1782007570.1887848,
  "tunisia vs japan": 1782025382.56563,
  "το ποντικι": 1782025384.7383516,
  "τυνησια ιαπωνια": 1782025386.961789,
  "γιάννησ αντετοκούνμπο": 1782025388.994662,
  "θερινο ηλιοστασιο 2026": 1782025391.2295187,
  "σπύροσ παπαδόπουλοσ": 1782025393.5687401,
  "τι γιορτη ειναι σημερα": 1782025395.388471,
  "wordle": 1782025397.241718,
  "bbc news": 1782025399.4018016,
  "παγκόσμιο πρωτάθλημα μοτοσικλέτασ": 1782025401.5483162,
  "λήμνοσ": 1782038431.6857865,
  "δημήτρησ λάλοσ": 1782038434.0453017,
  "ματ μόργκαν": 1782038436.2748904,
  "κρήτη": 1782038438.5107474,
  "σκοπελοσ": 1782038440.9033048,
  "λαγοκέφαλοσ ψαρι": 1782038443.688458,
  "θαλεια ματικα": 1782038446.3506317,
  "κοινή αγροτική πολιτική": 1782038448.6061704,
  "στίβοσ": 1782038451.42849,
  "θερινο ηλιοστασιο": 1782038453.4260662
}