{
  "vozinha": 1783118297.3534107,
  "harry souttar": 1783118299.6225348,
  "ert live": 1783121978.7279267,
  "ertflix": 1783121981.2346427,
  "λιονέλ μέσι": 1783127674.1414537,
  "lopes cabral": 1783127676.234257,
  "argentina cabo verde": 1783127678.6085677,
  "погода": 1783140802.9696317,
  "pogoda": 1783140805.060571,
  "καιρόσ": 1783140807.36156,
  "времето": 1783140809.2093546,
  "weather": 1783140811.2179291,
  "κολομβια γκανα": 1783140813.254903,
  "colombia vs ghana": 1783140815.7168252,
  "ερτ": 1783150769.370858,
  "μηχανογραφικό δελτίο": 1783150771.3882987,
  "φωτια τωρα": 1783158635.8361218,
  "φωτια παλληνη": 1783158638.1197734,
  "χρήμα": 1783158640.2546077,
  "γιώργοσ καραμέροσ": 1783158642.635654,
  "ειδησεισ": 1783164064.3930876,
  "παλληνη φωτια": 1783164066.6442366,
  "στοιχημα καζινο": 1783168870.6473448,
  "φωτια": 1783168872.481907,
  "ηθοποιόσ": 1783174584.6695864,
  "αμαλία κωστοπούλου": 1783174586.7887309,
  "μπιλ γκέιτσ": 1783174589.0631099,
  "india national cricket team vs england cricket team match scorecard": 1783174590.9171689,
  "iga świątek": 1783174592.7616212,
  "πληρωμή": 1783174594.864633,
  "wimbledon": 1783174597.1325245,
  "τράπεζα": 1783174599.2637913,
  "γιώργοσ μυλωνάκησ": 1783174601.6111126,
  "πληθωρισμόσ": 1783174603.8039665,
  "τζίτζι χαντίντ": 1783179206.2747617,
  "skai": 1783179208.4632123,
  "δήμοσ": 1783179210.6873345,
  "ind vs eng": 1783179212.569675,
  "φωτια νεοι επιβατεσ": 1783179215.138379,
  "σαμσουνσπόρ": 1783179217.3791206,
  "καναδάσ εναντίον μαρόκο": 1783182980.4225132,
  "ajax": 1783182982.6927762,
  "παναθηναϊκόσ εναντίον άγιαξ": 1783182984.7098958,
  "πυρκαγια καλλικρατεια": 1783182986.9971192,
  "πολιτική προστασία": 1783182988.8441606,
  "φωτια θεσσαλονικη": 1783182990.9798005,
  "mondiali fifa 2026": 1783186761.5248134,
  "έλενα παπαρίζου": 1783186764.2153575,
  "canada vs morocco": 1783186766.3829038,
  "καλλικρατεια": 1783186768.7058647,
  "canada morocco": 1783190319.9082453,
  "σάντεφιορντ": 1783190322.429689,
  "hakimi": 1783190324.8909798,
  "μπονγκα": 1783190327.1434357,
  "μαρούσι": 1783190329.6772647,
  "μαροκο": 1783190331.6981716,
  "νέοι επιβάτεσ": 1783190333.7581491,
  "παναθηναικοσ": 1783190336.0023534,
  "rthess": 1783194648.4876053,
  "fifa fußball-weltmeisterschaft 2026": 1783194650.4242923,
  "athletiko": 1783198097.3474803,
  "καιροσ πατρα": 1783198099.5329287,
  "france paraguay": 1783201345.5979526
}