{
  "30 μαΐου": 1780119100.2328918,
  "έκρηξη": 1780119102.9061844,
  "μαρία ηλιάκη": 1780119105.6598742,
  "δημήτρησ κίτσοσ": 1780119108.2460163,
  "ινδία": 1780119110.991431,
  "πετρέλαιο": 1780119113.8143404,
  "ντόναλντ τραμπ": 1780119116.5664494,
  "θεσσαλονίκη": 1780119119.3046083,
  "κατασκοπεία": 1780119122.206936,
  "instagram": 1780119124.7691095,
  "σωκράτησ κόκκαλησ": 1780128355.7068055,
  "ψυχοσαββατο": 1780128358.8733435,
  "πέλλα": 1780128361.9892485,
  "επαλ πανελληνιεσ 2026": 1780128364.961471,
  "δημόσια διοίκηση": 1780128367.9872766,
  "ιόσ έμπολα": 1780128370.9394894,
  "ρεκόρ": 1780135852.2125611,
  "john kennedy jr": 1780135854.9072773,
  "αργία": 1780135857.6718645,
  "τζέικ μέντγουελ": 1780135860.4519145,
  "ψυχοσάββατο": 1780135862.2756128,
  "paok vs panathinaikos": 1780141549.7773097,
  "θαλάσσιο πάρκο": 1780141552.7605984,
  "γεωργία": 1780141555.7734442,
  "psg": 1780141558.657945,
  "εκπαίδευση": 1780145405.650414,
  "ιουλια καλλιμανη": 1780145408.7974758,
  "ert2": 1780145411.8084972,
  "iraola": 1780145415.0991254,
  "australia vs pakistan": 1780145418.3209598,
  "arne slot": 1780145421.3338425,
  "aek vs olympiacos": 1780150829.996632,
  "νέα αριστερά": 1780150832.966231,
  "αμαλία κωστοπούλου": 1780150835.849573,
  "τουρισμοσ για ολουσ 2026": 1780150838.8339863,
  "ετεοκλήσ παύλου": 1780150841.7596855,
  "η εφημερίδα των συντακτών": 1780150843.7486393,
  "φλιωνησ": 1780150846.698536,
  "mega live": 1780155868.654432,
  "puskas arena": 1780155871.7371585,
  "πρόωρεσ εκλογέσ": 1780155876.5841959,
  "πσζ εναντίον άρσεναλ": 1780155879.6372802,
  "mega tv live": 1780155882.749488,
  "βουλγαρία": 1780155885.6153178,
  "νίκοσ μαραντζίδησ": 1780155888.4286275,
  "ελλάδα": 1780155891.618709,
  "psg vs arsenal": 1780155894.3827198,
  "ζαν μοντέρο": 1780155897.245471,
  "safonov": 1780159498.528237,
  "zdf live": 1780159501.2497911,
  "έλενα χριστοπούλου": 1780159504.1053634,
  "μουντιαλ 2026": 1780159506.9274173,
  "havertz": 1780159510.025191,
  "mega live τωρα": 1780159512.7763176,
  "arsenal": 1780159515.6471934,
  "zdf": 1780159518.5337205,
  "μαρία σάκκαρη": 1780159521.5678847,
  "the killers": 1780159523.4071517,
  "kvaratskhelia": 1780163230.9446328,
  "saka": 1780163232.9671168,
  "hincapie": 1780163235.8934927,
  "mbappe": 1780163238.831955,
  "τηλεοπτικό πρόγραμμα": 1780163241.9349427,
  "πύραυλοσ": 1780163244.9799318,
  "ticketmaster": 1780163246.9993315,
  "world cup 2026": 1780163249.9419549,
  "εξετάσεισ": 1780163252.908704,
  "mundial 2026": 1780163255.8658388,
  "doue": 1780167046.8350034,
  "γιώργοσ μπαρτζώκασ": 1780167049.7653992,
  "gyokeres": 1780167052.8829296,
  "full moon": 1780167054.770205,
  "αριστερά": 1780167057.7129261,
  "αστυνομία": 1780167060.6259127,
  "joao neves": 1780167063.5860417,
  "champions league winners": 1780167066.5931413,
  "marquinhos": 1780167068.512188,
  "πανσεληνοσ μαιου 2026": 1780167071.2904942,
  "mason greenwood": 1780171472.7130377,
  "μετοχή": 1780171475.686293,
  "kimpembe": 1780171477.4948146,
  "τζένιφερ λόπεζ": 1780171480.340952,
  "declan rice": 1780171483.1817007,
  "donnarumma": 1780171485.8806884,
  "bbc sport": 1780171487.6995344,
  "αλβανία": 1780175509.3738515,
  "τσεντί οσμάν": 1780175512.1504333,
  "γκαλαπάγκοσ": 1780179277.7190084,
  "γιάννησ παπαμιχαήλ": 1780186607.8053808,
  "nuno mendes": 1780186610.5217862
}