{
  "λούνα παρκ": 1781368896.4370284,
  "αποελ": 1781368898.8540409,
  "φουρνιε": 1781368901.3727038,
  "τολιοπουλοσ": 1781368903.582969,
  "ερα σπορ": 1781368906.1606295,
  "αυγούστου": 1781368908.229812,
  "flashscore": 1781368910.6833491,
  "tj shorts": 1781368913.0507073,
  "ολυμπιακοσ παναθηναικοσ μπασκετ": 1781368915.0894492,
  "cosmote tv": 1781368917.6469743,
  "δαναη μπαρκα": 1781373503.1333954,
  "σδνα": 1781373505.2228897,
  "sdna": 1781373507.7709923,
  "οργανισμόσ προνοιακών επιδομάτων και κοινωνικήσ αλληλεγγύησ": 1781373510.3445055,
  "μπαρτζωκασ": 1781373512.743302,
  "ιταλία": 1781373515.0750506,
  "οικονομία": 1781373517.1735692,
  "sofascore": 1781373519.7285428,
  "κέντρικ ναν": 1781373522.3863823,
  "fournier": 1781373525.3340585,
  "καταρ": 1781379604.244778,
  "εξάρχεια": 1781379606.678607,
  "πετράλωνα": 1781379608.8498788,
  "qatar vs switzerland": 1781379610.8611896,
  "γιώργοσ μπαρτζώκασ": 1781379613.0568514,
  "δημοπρασία": 1781379615.2811265,
  "sportfm": 1781379617.707783,
  "βραζιλια μαροκο": 1781383909.880219,
  "ελβετια καταρ": 1781383912.3189542,
  "κλοπή": 1781383915.2289076,
  "μητροπολίτησ": 1781383917.159834,
  "brazil fc": 1781387899.8090227,
  "βραζιλία εναντίον μαρόκο": 1781387901.6232796,
  "brazil vs morocco": 1781387903.8592339,
  "καταρ ελβετια": 1781387906.2363613,
  "mundial": 1781392071.4251332,
  "hakimi": 1781392073.6206927,
  "ert1": 1781392075.967297,
  "ρεκόρ": 1781392078.1706202,
  "neymar": 1781392080.460099,
  "qatar switzerland": 1781392082.7352335,
  "τουρισμόσ": 1781413933.3731508,
  "αυστραλια τουρκια": 1781413935.6885898,
  "trt1 canlı": 1781413937.7535958,
  "δημοψήφισμα": 1781413939.9426107,
  "αποτελεσματα μουντιαλ": 1781413942.0689247,
  "haiti vs scotland": 1781413944.1418784,
  "παμε στοιχημα": 1781413946.2302394,
  "livescore": 1781413949.014823,
  "καύσωνασ": 1781427058.146136,
  "midas": 1781427060.342609,
  "ανεξάρτητη αρχή δημοσίων εσόδων": 1781427062.4150577,
  "γιορτη του πατερα": 1781427064.6374502,
  "τόμασ γουόκαπ": 1781427066.9321206,
  "τραυματισμόσ": 1781427069.7776103,
  "bangladesh vs australia": 1781427071.9269598,
  "australia vs türkiye": 1781427074.921818,
  "14 ιουνίου": 1781427076.8977404,
  "εργκίν αταμάν": 1781427079.1930854,
  "λευτέρησ ελευθερίου": 1781436355.4810996,
  "ράλλυ": 1781436357.963731,
  "προπονητήσ": 1781436360.2242699,
  "κουρασάο": 1781436364.471365,
  "ant1": 1781442733.236059,
  "formula 1": 1781442736.4371533,
  "f1 tv": 1781442739.4135287,
  "φαίη σκορδά": 1781442741.6012788,
  "αννα δρουζα": 1781442743.8344734,
  "γαλλία": 1781442746.078089,
  "κουρασαο": 1781442748.0283184,
  "lewis hamilton": 1781450372.5057633,
  "curacao": 1781450375.9205887,
  "ραζβάν λουτσέσκου": 1781450378.944536,
  "f1": 1781450381.2018812,
  "ημέρα του πατέρα": 1781450383.7363327
}