{
  "πανελλήνιεσ εξετάσεισ": 1781021807.2253885,
  "επιταγή": 1781021809.9771583,
  "αιμίλιοσ χειλάκησ": 1781021812.6872854,
  "φωτιά": 1781021815.5957117,
  "πρόστιμο": 1781021818.6651287,
  "masterchef ελλάδασ": 1781021821.410989,
  "αρησ δημοκιδησ": 1781021824.760721,
  "σχολείο": 1781021828.3726668,
  "άδωνισ γεωργιάδησ": 1781021830.3484097,
  "οργανισμόσ προνοιακών επιδομάτων και κοινωνικήσ αλληλεγγύησ": 1781021833.218733,
  "μίνα αρναούτη": 1781029403.489451,
  "δημήτρησ βογιατζήσ": 1781029406.8400695,
  "rhode": 1781029408.7211962,
  "χρήστοσ κούγιασ": 1781029411.4083216,
  "more": 1781036670.90348,
  "τζένη μπαλατσινού": 1781036673.6936638,
  "αλβανία": 1781036676.4284701,
  "γυναίκα": 1781042569.4492702,
  "φίδια": 1781042572.0182145,
  "κατερίνα παπουτσάκη": 1781048247.733702,
  "10 ιουνίου": 1781071542.5144432,
  "λιονέλ μέσι": 1781071545.0986798,
  "αθήνα": 1781071547.713244,
  "μπελφαστ": 1781071549.5255125,
  "νόμοσ κατσέλη": 1781071552.2654223,
  "ασεπ": 1781071555.2158864,
  "αργεντινή εναντίον ισλανδία": 1781071557.021097,
  "ζούγκλα": 1781071559.6261039,
  "εκτιμησεισ βασεων 2026": 1781086756.6026862,
  "κατώτατοσ μισθόσ": 1781086759.2973368,
  "κακοκαιρία": 1781086762.4221175,
  "gap": 1781086764.291226,
  "απόστολοσ ρουβάσ": 1781086766.9071333,
  "ενίσχυση": 1781086769.7530437,
  "μουντιαλ 2026": 1781099511.9338973,
  "πιλότοσ": 1781099514.8730736,
  "αγησίλαοσ τουμαζάτοσ": 1781099516.682064,
  "φολέγανδροσ": 1781099519.3840973,
  "σειρά": 1781099521.9352064
}