{
  "ποσειδώνασ γιαννόπουλοσ": 1778136085.2378526,
  "7 μαΐου": 1778136088.4167988,
  "τσάμπιονσ λιγκ": 1778136092.9432497,
  "δεη": 1778136096.2911143,
  "ζαν μοντέρο": 1778136099.2911797,
  "καύσωνασ": 1778145440.234076,
  "πανελλήνιεσ εξετάσεισ": 1778145447.0986886,
  "γιαννησ καρυπιδησ": 1778145452.428393,
  "αέρασ": 1778145455.255471,
  "asep": 1778152917.7062955,
  "εισαγγελέασ": 1778152926.4432766,
  "james hetfield": 1778152929.771533,
  "κτηνοτροφία": 1778152933.9964356,
  "jake hall": 1778159646.956691,
  "απάτη": 1778159650.5367806,
  "χανταϊοσ": 1778159654.166059,
  "ντμίτρι μεντβέντεφ": 1778159658.1253877,
  "2κ 2026": 1778159662.3817418,
  "ασεπ": 1778159664.3791554,
  "χρέοσ": 1778168355.5436869,
  "lsg vs rcb": 1778168358.772607,
  "δημητρησ γκιωνησ": 1778168360.7488303,
  "νικητασ": 1778168363.9308777,
  "zalgirio arena": 1778168367.0086238,
  "λέσβοσ": 1778174650.2062538,
  "αεκ μπασκετ": 1778174655.9454796,
  "ανεργία": 1778174658.8898919,
  "μαίρη συνατσάκη": 1778174666.3201199,
  "2κ": 1778174671.1268315,
  "συντάξεισ ιουνίου πότε πληρώνονται": 1778174676.383985,
  "οδυσσεασ ιωαννου": 1778174683.316457,
  "hapoel tel aviv vs real madrid": 1778181157.4601886,
  "aston villa": 1778181160.1717753,
  "survivor spoiler": 1778181162.9700758,
  "aek bc": 1778181165.8169138,
  "valverde": 1778181168.6558812,
  "bonnie tyler": 1778181171.5067847,
  "φεραρι": 1778181174.935211,
  "εβάν φουρνιέ": 1778181177.7639203,
  "φιτζι": 1778181180.899812,
  "μπόνι τάιλερ": 1778181183.8013854,
  "20 μαΐου": 1778186422.8486936,
  "al nassr": 1778186424.864669,
  "togg": 1778186427.829369,
  "αστον βιλα": 1778186431.013177,
  "δημήτρησ γιαννακόπουλοσ": 1778186434.0536368,
  "μπραγκα": 1778190015.472977,
  "freiburg fc": 1778190017.3529222,
  "κονφερενσ λιγκ": 1778190020.3925734,
  "crystal palace": 1778190023.621964,
  "europa league": 1778190027.7007341,
  "αλεξάνδρα νίκα": 1778190030.7041967,
  "gibbs white injury": 1778190033.4680223,
  "κύπροσ": 1778190036.4600294,
  "σχολείο": 1778190038.3566043,
  "survivor": 1778193899.3765852,
  "unicaja vs aek": 1778193902.3247645,
  "πωληση καε παναθηναικοσ": 1778197015.9832509,
  "τζοκερ 7 5 26": 1778197017.858463,
  "οδηγόσ": 1778214670.303526,
  "γιορτη τησ μητερασ 2026": 1778214672.7788286,
  "weather": 1778214675.1671712,
  "καιροσ σημερα": 1778214677.1769693,
  "σία κοσιώνη": 1778214680.2119496,
  "ζωδια σημερα": 1778214682.522445,
  "στοιχημα": 1778214684.8852708,
  "documento": 1778214687.801441,
  "conference league": 1778214690.7580004
}