{
  "mundial": 1781392071.4251332,
  "hakimi": 1781392073.6206927,
  "ert1": 1781392075.967297,
  "ρεκόρ": 1781392078.1706202,
  "neymar": 1781392080.460099,
  "qatar switzerland": 1781392082.7352335,
  "τουρισμόσ": 1781413933.3731508,
  "αυστραλια τουρκια": 1781413935.6885898,
  "trt1 canlı": 1781413937.7535958,
  "δημοψήφισμα": 1781413939.9426107,
  "αποτελεσματα μουντιαλ": 1781413942.0689247,
  "haiti vs scotland": 1781413944.1418784,
  "παμε στοιχημα": 1781413946.2302394,
  "livescore": 1781413949.014823,
  "καύσωνασ": 1781427058.146136,
  "midas": 1781427060.342609,
  "ανεξάρτητη αρχή δημοσίων εσόδων": 1781427062.4150577,
  "γιορτη του πατερα": 1781427064.6374502,
  "τόμασ γουόκαπ": 1781427066.9321206,
  "τραυματισμόσ": 1781427069.7776103,
  "bangladesh vs australia": 1781427071.9269598,
  "australia vs türkiye": 1781427074.921818,
  "14 ιουνίου": 1781427076.8977404,
  "εργκίν αταμάν": 1781427079.1930854,
  "λευτέρησ ελευθερίου": 1781436355.4810996,
  "ράλλυ": 1781436357.963731,
  "προπονητήσ": 1781436360.2242699,
  "κουρασάο": 1781436364.471365,
  "ant1": 1781442733.236059,
  "formula 1": 1781442736.4371533,
  "f1 tv": 1781442739.4135287,
  "φαίη σκορδά": 1781442741.6012788,
  "αννα δρουζα": 1781442743.8344734,
  "γαλλία": 1781442746.078089,
  "κουρασαο": 1781442748.0283184,
  "lewis hamilton": 1781450372.5057633,
  "curacao": 1781450375.9205887,
  "ραζβάν λουτσέσκου": 1781450378.944536,
  "f1": 1781450381.2018812,
  "ημέρα του πατέρα": 1781450383.7363327,
  "deutschland – curaçao": 1781455828.8080184,
  "ελένη μενεγάκη": 1781455830.653501,
  "κώστασ παπανικολάου": 1781455832.8803284,
  "γιορτη του πατερα 2026": 1781455834.8254733,
  "γιάννησ ξανθούλησ": 1781455837.6735842,
  "f1 live": 1781455839.5414586,
  "germany curacao": 1781460503.6068482,
  "ard mediathek": 1781460505.7970724,
  "κουρακαο": 1781460507.7009025,
  "ard live": 1781460510.8961234,
  "αταμαν": 1781460514.1357663,
  "βίκυ σταυροπούλου": 1781460516.2762523,
  "netherlands vs japan": 1781466909.6691835,
  "συναλλαγέσ": 1781466911.8708444,
  "nederland - japan": 1781466914.1094072,
  "ολλανδία εναντίον ιαπωνία": 1781466916.116408,
  "christina aguilera": 1781466918.176527,
  "nathaniel brown": 1781466921.1941793,
  "φιλιππίνεσ": 1781466923.678452,
  "μεθωνη": 1781466926.471776,
  "σεισμοσ τωρα": 1781466929.6058955,
  "undav": 1781466931.934658,
  "netherlands": 1781471018.7898476,
  "zion suzuki": 1781471021.8767548,
  "world cup matches": 1781471023.9254773,
  "μεθώνη": 1781471027.2966943,
  "gaspi": 1781471029.5989723,
  "ολλανδια ιαπωνια": 1781471032.536051,
  "μιχαλησ ρεππασ": 1781471035.2876244,
  "harry styles": 1781475592.835162,
  "bette midler": 1781475595.618067
}