{
  "φενερμπαχτσέ εναντίον εγιούπσπορ": 1779041569.9050343,
  "lancia": 1779041572.9832754,
  "αθλέτικ μπιλμπάο εναντίον θέλτα βίγο": 1779041575.8143294,
  "σπορφμ": 1779041579.1108255,
  "mina": 1779046719.240011,
  "dolly parton": 1779046722.3165967,
  "paris fc vs psg": 1779046724.3471687,
  "γ΄ κατηγορία ποδοσφαίρου τησ ελλάδασ": 1779046727.5559316,
  "πρωτάθλημα ισπανίασ": 1779046730.6600034,
  "barcelona vs real betis": 1779046733.5798519,
  "metrosport": 1779046736.5375588,
  "πρωτάθλημα ελλάδασ": 1779046739.7498384,
  "super league greece": 1779046742.9056566,
  "μπαρτσελόνα εναντίον μπέτισ": 1779046746.445352,
  "μαριοσ ηλιοπουλοσ": 1779049730.533288,
  "ρεπορτάζ": 1779049733.4422374,
  "ligue 1": 1779049735.3830478,
  "cardi b": 1779053270.8976028,
  "μανοσ μαλλιαροσ": 1779053273.8289063,
  "χοσέ λουίσ μεντιλίμπαρ": 1779053277.020564,
  "μαριλου κατσαφαδου": 1779053279.932172,
  "ζέλικο ομπράντοβιτσ": 1779053282.9081671,
  "ηλιούπολη": 1779056744.002834,
  "τζοκερ 17 5 26": 1779060501.9302948,
  "κληρωση τζοκερ": 1779067694.5734973,
  "in.gr": 1779083124.2673693,
  "ράιαν γκόσλινγκ": 1779083127.153755,
  "18 μαΐου": 1779083130.1938891,
  "σύνταξη": 1779083133.2391074,
  "απόλυση": 1779083136.1598003,
  "δεη": 1779083140.0674372,
  "νέα σελήνη": 1779083142.9964447,
  "οικονομία": 1779083145.9548879,
  "ίντερ μαϊάμι εναντίον πόρτλαντ τίμπερσ": 1779083149.0111566,
  "χρηματιστήριο": 1779094820.5596054,
  "χαλάζι": 1779094823.3885274,
  "ελ νίνιο": 1779094826.118628,
  "κοινωνικοσ τουρισμοσ αποτελεσματα": 1779108362.985122,
  "το πρωινό": 1779108366.2724586,
  "νίκοσ ζιάγκοσ": 1779108369.382499,
  "ουκρανία": 1779108372.2870357,
  "μάρκο νίκολιτσ": 1779108375.1717148,
  "γιώργοσ λιανόσ": 1779108377.9578984,
  "φωκάσ ευαγγελινόσ": 1779108380.9253297,
  "δέσποινα βανδή": 1779108383.7410645,
  "εθνική ασφαλιστική": 1779108387.0075188,
  "εθνική τράπεζα": 1779120873.246361,
  "ανεργία": 1779120876.2275546,
  "ροντινέι": 1779120878.9363456,
  "csk vs srh": 1779120882.2739325,
  "αχιλλέασ μπέοσ": 1779120885.4619133,
  "stefanos tsitsipas": 1779120888.233896,
  "πλοίο": 1779120891.225568,
  "τατιάνα στεφανίδου": 1779120894.4820228,
  "ελεγκτικό συνέδριο": 1779120896.3267095,
  "δήμαρχοσ": 1779120899.3314953,
  "άρησ θεσσαλονίκησ": 1779127969.8908238,
  "τάιλερ ντόρσεϊ": 1779127972.8042238,
  "disney+": 1779127975.758851,
  "oi athooi": 1779127978.770155,
  "εθνική τράπεζα τησ ελλάδοσ": 1779127980.7487805
}