{
  "the devil wears prada 2": 1777653124.6132457,
  "elite league": 1777653128.2272754,
  "ηγουμενίτσα": 1777653130.043477,
  "ο διαβολοσ φοραει πραντα 2": 1777653132.437463,
  "πρόστιμο": 1777653134.9611704,
  "αραξοσ": 1777654228.607373,
  "άρησ": 1777658055.8851545,
  "الزمالك ضد الأهلي": 1777658058.4701972,
  "χιρόνα εναντίον μαγιόρκα": 1777662183.9816415,
  "ολυμπιακοσ αεκ χαντμπολ": 1777662186.4375808,
  "δάρασ": 1777662189.2420168,
  "μοντανα": 1777662191.9052753,
  "νεα υορκη": 1777662194.2282066,
  "montana": 1777662196.9346645,
  "ρεαλ χαποελ": 1777666228.0215828,
  "βαλένθια μπάσκετ": 1777666230.346229,
  "βουγιουκλακη": 1777666232.1817856,
  "leeds vs burnley": 1777666234.0693696,
  "απάτη": 1777666236.3307366,
  "rajasthan royals vs delhi capitals standings": 1777666238.7847893,
  "αλιβέρι": 1777669772.9839487,
  "twitch": 1777669775.451509,
  "δήμοσ": 1777669777.8246315,
  "real madrid vs hapoel tel aviv": 1777669780.1409867,
  "νίκολα κάλινιτσ": 1777669782.4947784,
  "παιδί": 1777669784.87731,
  "real madrid bc": 1777673013.9025302,
  "f1 tv": 1777673016.8905187,
  "πίζα εναντίον λέτσε": 1777673019.474617,
  "αλιβερι": 1777680018.598753,
  "nba": 1777693604.8828208,
  "2 μαΐου": 1777701402.0179756,
  "eurojackpot": 1777701404.455366,
  "wetter": 1777701406.984152,
  "σταματίνα τσιμτσιλή": 1777701409.7525494,
  "ντόναλντ τραμπ": 1777701412.137159,
  "lakers": 1777701414.7039905,
  "γιόνασ βαλαντσιούνασ": 1777707679.0618527,
  "δικηγόροσ": 1777707681.8550262,
  "κίνδυνοσ": 1777712032.375288,
  "bangladesh vs new zealand": 1777712034.8567863,
  "metallica": 1777712037.5694253,
  "spirit airlines": 1777712039.998188,
  "γιορτη τησ μητερασ 2026": 1777712042.558032,
  "alex zanardi": 1777715743.3582525,
  "προϋπολογισμόσ": 1777718698.4008505,
  "ηρώ πεκτέση": 1777718700.9362168,
  "φωσ στο τούνελ": 1777725183.1221037,
  "championship": 1777725186.372364,
  "βιγιαρεάλ εναντίον λεβάντε": 1777725188.5660732,
  "μάντσεστερ γιουνάιτεντ": 1777725190.8068063,
  "οικονομικόσ ταχυδρόμοσ": 1777725193.8297923,
  "γουλβσ εναντίον σάντερλαντ": 1777730160.668681,
  "βαλένθια εναντίον ατλέτικο μαδρίτησ": 1777730162.6413798,
  "μπρέντφορντ εναντίον γουέστ χαμ": 1777730165.138218,
  "bayern vs heidenheim": 1777730167.7299197,
  "σίσσυ χρηστίδου": 1777730170.9302642,
  "iphone": 1777730173.4727101,
  "παναιτωλικόσ εναντίον κηφισιά": 1777730176.2862887,
  "νιούκασλ γιουνάιτεντ εναντίον μπράιτον": 1777730178.9763188,
  "γραμμη 2": 1777730181.5473027,
  "νίκοσ μουρατίδησ": 1777730184.0204232,
  "συντάξεισ ιουνίου": 1777732960.1432543,
  "πανσερραϊκόσ εναντίον αελ": 1777732962.4204583,
  "εισαγγελέασ του αρείου πάγου": 1777732965.0964596,
  "psg vs lorient": 1777736032.2674878,
  "ναταλία γερμανού": 1777736034.6630464,
  "μονακο": 1777736037.2455897,
  "mi vs csk": 1777736039.1708798,
  "ζωζώ σαπουντζάκη": 1777736041.6618447,
  "οικονομία": 1777736044.1963673,
  "μοτοσικλετιστήσ": 1777739277.0222242,
  "σουπερ λιγκ": 1777739279.4643946,
  "brentford vs west ham": 1777739281.9490848,
  "μπαγερν": 1777739285.4143898,
  "bayern munich": 1777739287.3879755,
  "παοκ ολυμπιακόσ": 1777739291.9931219
}