{
  "mega news": 1777652811.116353,
  "mega news live": 1777652812.9739187,
  "devil wears prada 2": 1777652815.2636254,
  "f1": 1777652817.817672,
  "πρωτοδικείο αθηνών": 1777652820.8462665,
  "πολυτελέσ suv": 1777652822.7198386,
  "hogwarts legacy": 1777652825.2356117,
  "καρκίνοσ": 1777652827.1003907,
  "rr vs dc": 1777652829.4640746,
  "ελληνική ραδιοφωνία τηλεόραση": 1777652831.3533955,
  "the devil wears prada 2": 1777653124.6132457,
  "elite league": 1777653128.2272754,
  "ηγουμενίτσα": 1777653130.043477,
  "ο διαβολοσ φοραει πραντα 2": 1777653132.437463,
  "πρόστιμο": 1777653134.9611704,
  "αραξοσ": 1777654228.607373,
  "άρησ": 1777658055.8851545,
  "الزمالك ضد الأهلي": 1777658058.4701972,
  "χιρόνα εναντίον μαγιόρκα": 1777662183.9816415,
  "ολυμπιακοσ αεκ χαντμπολ": 1777662186.4375808,
  "δάρασ": 1777662189.2420168,
  "μοντανα": 1777662191.9052753,
  "νεα υορκη": 1777662194.2282066,
  "montana": 1777662196.9346645,
  "ρεαλ χαποελ": 1777666228.0215828,
  "βαλένθια μπάσκετ": 1777666230.346229,
  "βουγιουκλακη": 1777666232.1817856,
  "leeds vs burnley": 1777666234.0693696,
  "απάτη": 1777666236.3307366,
  "rajasthan royals vs delhi capitals standings": 1777666238.7847893
}