{
  "ασεπ": 1779738970.9182255,
  "gov": 1779738973.320193,
  "σεισμοσ τωρα": 1779738975.7698874,
  "sc paderborn – wolfsburg": 1779738977.77744,
  "διυλιστήριο πετρελαίου": 1779738980.0181239,
  "πάντερμπορν εναντίον βόλφσμπουργκ": 1779738982.5324905,
  "οπεκεπε πληρωμέσ": 1779738984.5525734,
  "εμπολα": 1779738986.9326746,
  "πρόεδροσ": 1779738989.1687763,
  "μπεσίκτασ": 1779738991.5735285,
  "βασίλησ σπανούλησ": 1779742943.0939827,
  "τάισον γουόρντ": 1779742945.2562966,
  "άρησ θεσσαλονίκησ": 1779742947.6322715,
  "σαουδική αραβία": 1779742950.0372531,
  "πλοίο": 1779742952.2567663,
  "wolfsburg": 1779742954.5370917,
  "χολαργόσ": 1779747336.4055011,
  "ρόδοσ": 1779747338.8281093,
  "apple": 1779747340.6513631,
  "χάποελ τελ αβίβ": 1779747342.734415,
  "e radio": 1779773964.2203417,
  "26 μαΐου": 1779773966.2696328,
  "δημήτρησ φιλιππίδησ": 1779773968.564197,
  "in": 1779773970.9333801,
  "cavaliers vs knicks": 1779773973.2516308,
  "ferrari luce": 1779773975.590597,
  "ράνια τζίμα": 1779773977.9079525,
  "πληρωμή": 1779773980.2402356,
  "έντι ταβάρεσ": 1779785622.6234932,
  "πολεμική αεροπορία": 1779785624.7019567,
  "κριστιάν γκολομέεφ": 1779785626.8370378,
  "bankingnews": 1779785628.9488752,
  "neestrup": 1779810320.768583,
  "μαχητικό αεροσκάφοσ": 1779810322.9319963,
  "γάμοσ": 1779810325.1257775,
  "007 first light": 1779810327.452812,
  "εφημερίδα τησ κυβερνήσεωσ": 1779810329.5231187,
  "έμη λιβανίου": 1779810331.623071,
  "ανώτατο συμβούλιο επιλογήσ προσωπικού": 1779810333.879313,
  "rcb vs gt": 1779810336.2976882,
  "γήπεδο": 1779810338.590304,
  "θεσσαλονίκη": 1779810340.6569035,
  "τρένο": 1779819185.8002608,
  "ομάν": 1779819188.1449463,
  "ολυμπιακόσ σ.φ.π.": 1779819190.4586148,
  "mega news live": 1779819192.7692473,
  "γιώργοσ κιμούλησ": 1779819195.1639936,
  "καρκίνοσ": 1779819197.7729654,
  "προϋπολογισμόσ": 1779819199.7936616
}