{
  "πανσεληνοσ απριλιου 2026": 1777571160.3200548,
  "σουπερ μαρκετ πρωτομαγια 2026": 1777571162.1467352,
  "ευρύχου": 1777571163.9486058,
  "εισαγγελέασ του αρείου πάγου": 1777571165.8013587,
  "άμυνα": 1777571167.632392,
  "στέφανοσ τσιτσιπάσ": 1777571169.470203,
  "κινηση στουσ δρομουσ": 1777571171.32136,
  "eurovision 2026": 1777571173.136722,
  "ουεφα τσάμπιονσ λιγκ": 1777571174.9734712,
  "απεργια αυριο": 1777571176.7945893,
  "φενερ ζαλγκιρισ": 1777579335.9413285,
  "taylor swift": 1777579339.8105156,
  "ψήφισμα": 1777579342.559506,
  "devil wears prada 2": 1777579344.8936524,
  "βαλενθια παναθηναικοσ": 1777579347.3470995,
  "panathinaikos valencia": 1777579349.8339498,
  "μπάσκετ παναθηναϊκόσ σήμερα live": 1777579353.513075,
  "aston villa": 1777579355.9217987,
  "μπράγκα εναντίον φράιμπουργκ": 1777579358.3616455,
  "tj shorts": 1777579361.3041387
}