{
  "enzo fernández": 1784496087.7296388,
  "emiliano martinez": 1784496090.187382,
  "sergio ramos": 1784496093.0487404,
  "έντσο φερνάντεσ": 1784496095.5899742,
  "εθνική ομάδα ποδοσφαίρου ανδρών τησ αργεντινήσ": 1784496098.0478306,
  "slavko vincic": 1784496100.7718322,
  "μουντιαλ σκορ": 1784496103.3052685,
  "laporte": 1784496105.8122857,
  "ispanya arjantin": 1784496108.399532,
  "ferran torres": 1784496110.6598854,
  "javier bardem": 1784503548.940212,
  "τραμπ": 1784503551.3078403,
  "πάου κουμπαρσί": 1784503553.355183,
  "gazzetta": 1784503555.5609882,
  "penelope cruz": 1784503557.8740041,
  "ramos": 1784503560.022037,
  "euro": 1784503562.493181,
  "προπονητησ αργεντινησ": 1784503564.6799347,
  "messi net worth": 1784503567.1140244,
  "euro 2028": 1784503569.7618294,
  "fifa president": 1784509333.0751398,
  "fifa": 1784509335.491701,
  "ντε λα φουέντε": 1784509338.2639096,
  "προπονητησ ισπανιασ": 1784509340.4117143,
  "fb": 1784522819.7952404,
  "ποιοι γιορτάζουν σήμερα": 1784522822.0204318,
  "ζουγκλα": 1784522824.517307,
  "νιουζιτ": 1784522827.0166352,
  "πρωτοσελιδα": 1784522829.003891,
  "σέρχιο γιουλ": 1784522831.2391925,
  "efka": 1784533615.8100774,
  "capital": 1784533617.69204,
  "γαζζετα": 1784533619.7708685,
  "εθνικη": 1784533622.681188,
  "θανάσησ βασιλόπουλοσ": 1784533624.8166811,
  "20 ιουλίου": 1784533626.6963496,
  "τατιάνα στεφανίδου": 1784533628.8803656,
  "taxheaven": 1784533631.81754,
  "εεταα αιτησεισ": 1784533634.820774,
  "radio": 1784533636.9237206,
  "ναιμεγκεν": 1784543552.9245937,
  "uefa": 1784543556.1806366,
  "σίσσυ χρηστίδου": 1784543558.427066,
  "νικολάσ οταμέντι": 1784543560.6067185,
  "μιλτιάδησ μαρινάκησ": 1784543563.7626565,
  "ααδε οφειλεσ": 1784543566.8191302,
  "κοινή αγροτική πολιτική": 1784543569.9137902,
  "gpt": 1784543572.2401395,
  "γιώργοσ προκοπίου": 1784543574.554894,
  "andy burnham": 1784550953.7351286,
  "ανακαίνιση": 1784550956.6039982,
  "δίκη": 1784550959.5580356,
  "τραγωδία": 1784550962.429998,
  "real news": 1784550964.5145493,
  "συνταξεισ αυγουστου 2026": 1784550967.5601957,
  "nijmegen": 1784550969.8496788,
  "στέφανοσ νεδέλκοσ": 1784550971.9261265,
  "kevin keegan": 1784559128.8097286,
  "χαλκιδική": 1784559130.8489442,
  "αυστραλία": 1784559133.8533347,
  "κωνσταντίνοσ τσιμίκασ": 1784559137.2082233,
  "γιάννησ στουρνάρασ": 1784559140.3292563,
  "σύνταξη": 1784559142.2060313,
  "τσσκα 1948": 1784559145.3612843,
  "instagram": 1784559147.2394788,
  "sport24.gr": 1784564437.4609125,
  "τζένη μπαλατσινού": 1784564439.6949692,
  "βασεισ 2026": 1784564441.7068095,
  "κλέλια ανδριολάτου": 1784564444.8984118,
  "εθνικό σύστημα υγείασ": 1784564446.930223,
  "οφειλέτησ": 1784564450.0864275,
  "времето утре": 1784572000.5482738,
  "ο καιρόσ αύριο": 1784572003.8807578,
  "weather tomorrow": 1784572006.7414966,
  "nova ict": 1784572009.580238,
  "meteo di domani": 1784572011.854535,
  "wetter morgen": 1784572015.1626027,
  "φωτια πειραιασ": 1784572030.1222007,
  "κέβιν κίγκαν": 1784572033.10738,
  "aftodioikisi": 1784577938.8237593,
  "έθνοσ": 1784577941.94171,
  "δημόσιο χρέοσ": 1784577944.1772475,
  "holnapi időjárás": 1784577946.55927,
  "météo demain": 1784577948.5541248,
  "pogoda jutro": 1784577951.5071075,
  "διακοπή ρεύματοσ": 1784582368.335868,
  "ακτοφυλακή": 1784582371.6186435,
  "σπόρτινγκ λισαβόνασ εναντίον στρασμπούρ": 1784582374.1650426
}