{
  "ρωσία": 1779270745.2046149,
  "τελεσίγραφο": 1779270747.8813374,
  "φράγκο": 1779270750.8090124,
  "ανακαινιζω 2026": 1779270753.672049,
  "ρώσοι": 1779270756.5883818,
  "κωνσταντίνου και ελένησ γιορτη": 1779270759.6036425,
  "νέα κρήτη": 1779270762.3190846,
  "ιμπραήμ κουτλουάι": 1779279467.3198183,
  "επιτόκιο": 1779279469.8218806,
  "ομπραντοβιτσ": 1779279472.8074348,
  "αταμαν": 1779279475.2580438,
  "stefanos tsitsipas": 1779279477.8948476,
  "πιλότοσ": 1779279480.8239448,
  "διαρκειασ ολυμπιακου": 1779279483.5366316,
  "σπήλαιο": 1779279486.1738312,
  "κάρεϊ σκάρι": 1779279488.8009243,
  "ανώτατο συμβούλιο επιλογήσ προσωπικού": 1779292802.2265122,
  "survivor ελλάδασ": 1779292804.9037638,
  "καρολοσ": 1779292807.6317937,
  "γιώργοσ γιακουμάκησ": 1779292810.318267,
  "2026": 1779292813.178774,
  "μίρκα παπακωνσταντίνου": 1779292816.369032,
  "mi vs kkr": 1779292819.105754,
  "ατμόσφαιρα": 1779292821.7940867,
  "ζοζέ μουρίνιο": 1779292824.694806,
  "τσικινιο": 1779292827.4682763,
  "φράιμπουργκ εναντίον άστον βίλα": 1779301487.8865182,
  "καλαμπακα": 1779301490.6355515,
  "المصري ضد الأهلي": 1779301493.2475789,
  "the boys": 1779301495.2042105,
  "σκαϊ": 1779301497.8370862,
  "χακάν φιντάν": 1779301500.6031635,
  "τραυματισμόσ": 1779301503.3170667,
  "εθνικο λαχειο": 1779301505.9505532,
  "εθνικό θέατρο": 1779301508.6767108,
  "κοινωνικόσ": 1779301511.4139066,
  "αχιλλέασ μπέοσ": 1779309203.3214297,
  "κωνσταντίνα σπυροπούλου": 1779309206.3733363,
  "μανοσ survivor": 1779309209.1377013,
  "bundesliga": 1779309212.011769,
  "conference league final": 1779309214.5977454,
  "αντισφαίριση": 1779309217.520942,
  "freiburg fc": 1779309220.181974,
  "αντ1": 1779309223.5900085,
  "skai": 1779309226.7288723,
  "μετρό": 1779309229.6154647,
  "άγιοσ έρωτασ": 1779315193.548222,
  "ποιοι γιορτάζουν σήμερα": 1779315196.351403,
  "ποιοσ γιορταζει σημερα": 1779315199.5285773,
  "21 μαιου γιορτη": 1779315202.2394693,
  "novasports": 1779315205.000508,
  "καιροσ αγιου πνευματοσ 2026": 1779315207.6918283,
  "nvidia": 1779315210.4576614,
  "μια νυχτα μονο": 1779320418.4433482,
  "κωνσταντινου και ελενησ": 1779320420.2702835,
  "nba": 1779328115.6964386,
  "σεισμοσ τωρα": 1779328118.4933455,
  "αναληψεωσ 2026": 1779342986.4028254,
  "οργανισμόσ προνοιακών επιδομάτων και κοινωνικήσ αλληλεγγύησ": 1779342988.8951108,
  "γαβριήλ σακελλαρίδησ": 1779342991.4856424,
  "αττική": 1779356162.2753592,
  "οικογένεια": 1779356164.9075592,
  "επιδομα παιδιου": 1779356168.2482936,
  "γεωργία": 1779356170.990122,
  "ποιοι γιορταζουν σημερα": 1779356173.0090685,
  "αναληψεωσ": 1779356175.6462467
}