{
  "νομοσ κατρουγκαλου για συνταξεισ χηρειασ": 1784624689.4114685,
  "σουαλιχό μεϊτέ": 1784624691.5114865,
  "συνταξεισ αυγουστου": 1784624693.4452305,
  "αλεξησ σταματησ": 1784624695.6728888,
  "newsbeast": 1784624697.916617,
  "moti": 1784624700.1356232,
  "δελτίο ταυτότητασ": 1784632573.2615244,
  "ματίασ λεσόρ": 1784632575.4073234,
  "diego rico": 1784632577.510963,
  "δράμα": 1784632579.6436064,
  "ελυροσ": 1784632581.836362,
  "vinicius": 1784632583.9588206,
  "ποτε πληρωνονται οι συνταξεισ αυγουστου": 1784632585.7973156,
  "αλέξησ σταμάτησ": 1784632587.9524882,
  "cnn": 1784637874.4352486,
  "σούδα": 1784637876.6139724,
  "δημοσκόπηση": 1784645335.3490844,
  "ντιέγκο ρίκο": 1784645337.2409651,
  "σαρλίζ θερόν": 1784645339.4818912,
  "υπουργείο παιδείασ, θρησκευμάτων και αθλητισμού": 1784645341.7949896,
  "θάλασσα": 1784645343.9317102,
  "συντάξεισ αυγούστου 2026": 1784645345.7852042,
  "οργανισμόσ προνοιακών επιδομάτων και κοινωνικήσ αλληλεγγύησ": 1784650143.607217,
  "χειροσφαίριση": 1784650146.0139928,
  "απο λεβαδειακόσ": 1784650148.2097917,
  "ποτε ανακοινωνονται οι βασεισ 2026": 1784650150.6105742,
  "αιγόκερωσ": 1784650152.92874,
  "σίσσυ χρηστίδου": 1784650155.1473043,
  "kaylee hottle": 1784655735.7104602,
  "ακρόπολη": 1784655737.9897864,
  "φορολογία": 1784655740.261179,
  "ρωσία": 1784655742.2463799,
  "olaf tufte": 1784655744.263615,
  "fenerbahçe - górnik zabrze": 1784660221.9417996,
  "φενερμπαχτσέ εναντίον γκόρνικ ζάμπρζε": 1784660223.9096222,
  "الطقس غدًا": 1784660225.8023348,
  "погода завтра": 1784660227.923805,
  "ο καιρόσ αύριο": 1784660230.1466048,
  "weather tomorrow": 1784660232.2417662,
  "wetter morgen": 1784660234.3009841,
  "vremea de mâine": 1784660236.5006037,
  "καιροσ βολοσ": 1784665057.180834,
  "ларн – црвена звезда": 1784665059.608197,
  "fenerbahçe": 1784665061.8077748,
  "επο - ελληνική ποδοσφαιρική ομοσπονδία": 1784665064.0775788,
  "météo demain": 1784665066.1242142,
  "holnapi időjárás": 1784665068.4929357,
  "νατο": 1784669690.6533592,
  "champions league": 1784669692.8674455,
  "γιώργοσ λιάγκασ": 1784669694.9952776,
  "εβάν φουρνιέ": 1784669697.1396747,
  "καιροσ κερκυρα": 1784669699.3353424,
  "ευρυδίκη βαλαβάνη": 1784669701.5528367,
  "επιβάτησ": 1784673048.994344,
  "μαγνησία": 1784673051.159376,
  "τζέιμσ χάρντεν": 1784673053.2011592,
  "χάκερ": 1784673055.20901,
  "πλοίο": 1784673057.2345946,
  "σταυροσ γεωργιου": 1784673059.0721421,
  "ανακοινωση βασεων 2026": 1784682145.4001005,
  "ζώδιο": 1784694485.9714618,
  "πολιτική": 1784694488.0742226,
  "καιρόσ": 1784694490.161391,
  "χρυσόσ ολυμπιονίκησ": 1784694492.226219,
  "времето": 1784694494.0912373,
  "πρόστιμο": 1784694496.2707596,
  "λαχειο": 1784694498.749488,
  "loto": 1784694500.7968805,
  "μαιρη λιντα": 1784704301.6817513,
  "χοσέ λουίσ μεντιλίμπαρ": 1784704304.0585487,
  "22 ιουλίου γιορτή": 1784704306.0668635,
  "wetter": 1784704308.4065793,
  "απαγορευση εργασιασ λογω καυσωνα": 1784704310.4729624,
  "κρυπτονόμισμα": 1784704312.7516139,
  "météo": 1784704314.9907804,
  "ολυμπιακόσ σφπ": 1784704317.2248304,
  "meteo": 1784704319.4616914,
  "hava durumu": 1784704321.6434863
}